
 /INPUT FILE=    LINE=       0

 MPA UNITS SPECIFIED FOR INTERNAL    
  LENGTH      = MILLIMETERS (mm)
  MASS        = TONNE (Mg)
  TIME        = SECONDS (sec)
  TEMPERATURE = CELSIUS (C)
  TOFFSET     = 273.0
  FORCE       = NEWTON (N)
  HEAT        = MILLIJOULES (mJ)

 INPUT  UNITS ARE ALSO SET TO MPA 
   *****MAPDL VERIFICATION RUN ONLY*****
     DO NOT USE RESULTS FOR PRODUCTION

          ***** MAPDL ANALYSIS DEFINITION (PREP7) *****

 ELEMENT TYPE          1 IS BEAM189      3-D 3-NODE BEAM             
  KEYOPT( 1- 6)=        0      0      0        0      0      0
  KEYOPT( 7-12)=        0      0      0        0      0      0
  KEYOPT(13-18)=        0      0      0        0      0      0

 CURRENT NODAL DOF SET IS  UX    UY    UZ    ROTX  ROTY  ROTZ
  THREE-DIMENSIONAL MODEL
                                   
   INPUT SECTION ID NUMBER                  1
   INPUT SECTION TYPE                 BEAM
   INPUT BEAM SECTION SUBTYPE         Circular Tube   
   INPUT BEAM SECTION NAME                    
                     
   SECTION ID NUMBER IS:            1
   BEAM SECTION TYPE IS:     Circular Tube   
   BEAM SECTION NAME IS:             
   COMPUTED BEAM SECTION DATA SUMMARY:
    Area                 =  696.25    
    Iyy                  = 0.44167E+06
    Iyz                  =-0.18190E-11
    Izz                  = 0.44167E+06
    Warping Constant     = 0.20193E-21
    Torsion Constant     = 0.88333E+06
    Centroid Y           =  0.0000    
    Centroid Z           =-0.50619E-14
    Shear Center Y       = 0.21924E-14
    Shear Center Z       = 0.36351E-14
    Shear Correction-xy  = 0.50108    
    Shear Correction-yz  = 0.21330E-13
    Shear Correction-xz  = 0.50108    
                 
    Beam Section is offset to CENTROID of cross section
                                   
   INPUT SECTION ID NUMBER                  2
   INPUT SECTION TYPE                 BEAM
   INPUT BEAM SECTION SUBTYPE         Circular Tube   
   INPUT BEAM SECTION NAME                    
                     
   SECTION ID NUMBER IS:            2
   BEAM SECTION TYPE IS:     Circular Tube   
   BEAM SECTION NAME IS:             
   COMPUTED BEAM SECTION DATA SUMMARY:
    Area                 =  7.9215    
    Iyy                  =  629.74    
    Iyz                  = 0.39435E-12
    Izz                  =  629.74    
    Warping Constant     = 0.54703E-23
    Torsion Constant     =  1259.5    
    Centroid Y           =-0.13062E-13
    Centroid Z           = 0.13931E-13
    Shear Center Y       = 0.56730E-13
    Shear Center Z       = 0.98534E-13
    Shear Correction-xy  = 0.49950    
    Shear Correction-yz  =-0.59723E-11
    Shear Correction-xz  = 0.49950    
                 
    Beam Section is offset to CENTROID of cross section
                                   
   INPUT SECTION ID NUMBER                  3
   INPUT SECTION TYPE                 BEAM
   INPUT BEAM SECTION SUBTYPE         Circular Tube   
   INPUT BEAM SECTION NAME                    
                     
   SECTION ID NUMBER IS:            3
   BEAM SECTION TYPE IS:     Circular Tube   
   BEAM SECTION NAME IS:             
   COMPUTED BEAM SECTION DATA SUMMARY:
    Area                 =  688.42    
    Iyy                  = 0.46001E+06
    Iyz                  = 0.18190E-11
    Izz                  = 0.46001E+06
    Warping Constant     = 0.27582E-21
    Torsion Constant     = 0.92002E+06
    Centroid Y           = 0.26423E-14
    Centroid Z           = 0.29726E-14
    Shear Center Y       = 0.10545E-13
    Shear Center Z       =-0.59903E-15
    Shear Correction-xy  = 0.50089    
    Shear Correction-yz  = 0.13712E-13
    Shear Correction-xz  = 0.50089    
                 
    Beam Section is offset to CENTROID of cross section

 MATERIAL          1     EX   =   200000.0      

 MATERIAL          1     PRXY =  0.3000000      

 MATERIAL          1     DENS =  0.1785000E-05  

 MATERIAL          2     EX   =  0.2000000E+10  

 MATERIAL          2     PRXY =  0.3000000      

 MATERIAL          2     DENS =  0.1785000E-05  

 KEYPOINT        1                  X,Y,Z=   0.00000       4179.14       0.00000      IN CSYS=        0

 KEYPOINT        1                  X,Y,Z=   202.073       87.0000       0.00000      IN CSYS=        0

 KEYPOINT        2                  X,Y,Z=  -101.036       87.0000      -175.000      IN CSYS=        0

 LINE CONNECTS KEYPOINTS      1     2
  LINE NO.=     1  KP1=      1  TAN1=    0.8660   0.0000   0.5000
                   KP2=      2  TAN2=   -0.8660   0.0000  -0.5000

 SELECT       FOR ITEM=LINE COMPONENT=    
  IN RANGE         1 TO          1 STEP          1

        1  LINES (OF        1  DEFINED) SELECTED BY LSEL  COMMAND.

 DEFINITION OF COMPONENT = BRACE_1   ENTITY=LINE

 ALL SELECT   FOR ITEM=LINE COMPONENT=    
  IN RANGE         1 TO          1 STEP          1

        1  LINES (OF        1  DEFINED) SELECTED BY LSEL COMMAND.

 KEYPOINT        3                  X,Y,Z=  -101.036       87.0000       175.000      IN CSYS=        0

 LINE CONNECTS KEYPOINTS      2     3
  LINE NO.=     2  KP1=      2  TAN1=    0.0000   0.0000  -1.0000
                   KP2=      3  TAN2=    0.0000   0.0000   1.0000

 SELECT       FOR ITEM=LINE COMPONENT=    
  IN RANGE         2 TO          2 STEP          1

        1  LINES (OF        2  DEFINED) SELECTED BY LSEL  COMMAND.

 DEFINITION OF COMPONENT = BRACE_2   ENTITY=LINE

 ALL SELECT   FOR ITEM=LINE COMPONENT=    
  IN RANGE         1 TO          2 STEP          1

        2  LINES (OF        2  DEFINED) SELECTED BY LSEL COMMAND.

 LINE CONNECTS KEYPOINTS      3     1
  LINE NO.=     3  KP1=      3  TAN1=   -0.8660   0.0000   0.5000
                   KP2=      1  TAN2=    0.8660   0.0000  -0.5000

 SELECT       FOR ITEM=LINE COMPONENT=    
  IN RANGE         3 TO          3 STEP          1

        1  LINES (OF        3  DEFINED) SELECTED BY LSEL  COMMAND.

 DEFINITION OF COMPONENT = BRACE_3   ENTITY=LINE

 ALL SELECT   FOR ITEM=LINE COMPONENT=    
  IN RANGE         1 TO          3 STEP          1

        3  LINES (OF        3  DEFINED) SELECTED BY LSEL COMMAND.

 KEYPOINT        4                  X,Y,Z=  -101.036       102.000      -175.000      IN CSYS=        0

 KEYPOINT        5                  X,Y,Z=  -101.036       392.000       175.000      IN CSYS=        0

 LINE CONNECTS KEYPOINTS      4     5
  LINE NO.=     4  KP1=      4  TAN1=    0.0000  -0.6380  -0.7700
                   KP2=      5  TAN2=    0.0000   0.6380   0.7700

 SELECT       FOR ITEM=LINE COMPONENT=    
  IN RANGE         4 TO          4 STEP          1

        1  LINES (OF        4  DEFINED) SELECTED BY LSEL  COMMAND.

 DEFINITION OF COMPONENT = BRACE_4   ENTITY=LINE

 ALL SELECT   FOR ITEM=LINE COMPONENT=    
  IN RANGE         1 TO          4 STEP          1

        4  LINES (OF        4  DEFINED) SELECTED BY LSEL COMMAND.

 KEYPOINT        6                  X,Y,Z=  -101.036       0.00000       175.000      IN CSYS=        0

 LINE CONNECTS KEYPOINTS      6     3
  LINE NO.=     5  KP1=      6  TAN1=    0.0000  -1.0000   0.0000
                   KP2=      3  TAN2=    0.0000   1.0000   0.0000

 SELECT       FOR ITEM=LINE COMPONENT=    
  IN RANGE         5 TO          5 STEP          1

        1  LINES (OF        5  DEFINED) SELECTED BY LSEL  COMMAND.

 DEFINITION OF COMPONENT = COLUMN_1  ENTITY=LINE

 ALL SELECT   FOR ITEM=LINE COMPONENT=    
  IN RANGE         1 TO          5 STEP          1

        5  LINES (OF        5  DEFINED) SELECTED BY LSEL COMMAND.

 KEYPOINT        7                  X,Y,Z=  -101.036       102.000       175.000      IN CSYS=        0

 KEYPOINT        8                  X,Y,Z=   202.073       392.000       0.00000      IN CSYS=        0

 LINE CONNECTS KEYPOINTS      7     8
  LINE NO.=     6  KP1=      7  TAN1=   -0.6669  -0.6380   0.3850
                   KP2=      8  TAN2=    0.6669   0.6380  -0.3850

 SELECT       FOR ITEM=LINE COMPONENT=    
  IN RANGE         6 TO          6 STEP          1

        1  LINES (OF        6  DEFINED) SELECTED BY LSEL  COMMAND.

 DEFINITION OF COMPONENT = BRACE_5   ENTITY=LINE

 ALL SELECT   FOR ITEM=LINE COMPONENT=    
  IN RANGE         1 TO          6 STEP          1

        6  LINES (OF        6  DEFINED) SELECTED BY LSEL COMMAND.

 KEYPOINT        9                  X,Y,Z=   202.073       102.000       0.00000      IN CSYS=        0

 KEYPOINT       10                  X,Y,Z=  -101.036       392.000      -175.000      IN CSYS=        0

 LINE CONNECTS KEYPOINTS      9    10
  LINE NO.=     7  KP1=      9  TAN1=    0.6669  -0.6380   0.3850
                   KP2=     10  TAN2=   -0.6669   0.6380  -0.3850

 SELECT       FOR ITEM=LINE COMPONENT=    
  IN RANGE         7 TO          7 STEP          1

        1  LINES (OF        7  DEFINED) SELECTED BY LSEL  COMMAND.

 DEFINITION OF COMPONENT = BRACE_6   ENTITY=LINE

 ALL SELECT   FOR ITEM=LINE COMPONENT=    
  IN RANGE         1 TO          7 STEP          1

        7  LINES (OF        7  DEFINED) SELECTED BY LSEL COMMAND.

 KEYPOINT       11                  X,Y,Z=  -101.036       407.000      -175.000      IN CSYS=        0

 KEYPOINT       12                  X,Y,Z=   202.073       407.000       0.00000      IN CSYS=        0

 LINE CONNECTS KEYPOINTS     11    12
  LINE NO.=     8  KP1=     11  TAN1=   -0.8660   0.0000  -0.5000
                   KP2=     12  TAN2=    0.8660   0.0000   0.5000

 SELECT       FOR ITEM=LINE COMPONENT=    
  IN RANGE         8 TO          8 STEP          1

        1  LINES (OF        8  DEFINED) SELECTED BY LSEL  COMMAND.

 DEFINITION OF COMPONENT = BRACE_7   ENTITY=LINE

 ALL SELECT   FOR ITEM=LINE COMPONENT=    
  IN RANGE         1 TO          8 STEP          1

        8  LINES (OF        8  DEFINED) SELECTED BY LSEL COMMAND.

 KEYPOINT       13                  X,Y,Z=  -101.036       407.000       175.000      IN CSYS=        0

 LINE CONNECTS KEYPOINTS     12    13
  LINE NO.=     9  KP1=     12  TAN1=    0.8660   0.0000  -0.5000
                   KP2=     13  TAN2=   -0.8660   0.0000   0.5000

 SELECT       FOR ITEM=LINE COMPONENT=    
  IN RANGE         9 TO          9 STEP          1

        1  LINES (OF        9  DEFINED) SELECTED BY LSEL  COMMAND.

 DEFINITION OF COMPONENT = BRACE_8   ENTITY=LINE

 ALL SELECT   FOR ITEM=LINE COMPONENT=    
  IN RANGE         1 TO          9 STEP          1

        9  LINES (OF        9  DEFINED) SELECTED BY LSEL COMMAND.

 LINE CONNECTS KEYPOINTS     13    11
  LINE NO.=    10  KP1=     13  TAN1=    0.0000   0.0000   1.0000
                   KP2=     11  TAN2=    0.0000   0.0000  -1.0000

 SELECT       FOR ITEM=LINE COMPONENT=    
  IN RANGE        10 TO         10 STEP          1

        1  LINES (OF       10  DEFINED) SELECTED BY LSEL  COMMAND.

 DEFINITION OF COMPONENT = BRACE_9   ENTITY=LINE

 ALL SELECT   FOR ITEM=LINE COMPONENT=    
  IN RANGE         1 TO         10 STEP          1

       10  LINES (OF       10  DEFINED) SELECTED BY LSEL COMMAND.

 KEYPOINT       14                  X,Y,Z=  -101.036       422.000      -175.000      IN CSYS=        0

 KEYPOINT       15                  X,Y,Z=   202.073       712.000       0.00000      IN CSYS=        0

 LINE CONNECTS KEYPOINTS     14    15
  LINE NO.=    11  KP1=     14  TAN1=   -0.6669  -0.6380  -0.3850
                   KP2=     15  TAN2=    0.6669   0.6380   0.3850

 SELECT       FOR ITEM=LINE COMPONENT=    
  IN RANGE        11 TO         11 STEP          1

        1  LINES (OF       11  DEFINED) SELECTED BY LSEL  COMMAND.

 DEFINITION OF COMPONENT = BRACE_10  ENTITY=LINE

 ALL SELECT   FOR ITEM=LINE COMPONENT=    
  IN RANGE         1 TO         11 STEP          1

       11  LINES (OF       11  DEFINED) SELECTED BY LSEL COMMAND.

 KEYPOINT       16                  X,Y,Z=   202.073       422.000       0.00000      IN CSYS=        0

 KEYPOINT       17                  X,Y,Z=  -101.036       712.000       175.000      IN CSYS=        0

 LINE CONNECTS KEYPOINTS     16    17
  LINE NO.=    12  KP1=     16  TAN1=    0.6669  -0.6380  -0.3850
                   KP2=     17  TAN2=   -0.6669   0.6380   0.3850

 SELECT       FOR ITEM=LINE COMPONENT=    
  IN RANGE        12 TO         12 STEP          1

        1  LINES (OF       12  DEFINED) SELECTED BY LSEL  COMMAND.

 DEFINITION OF COMPONENT = BRACE_11  ENTITY=LINE

 ALL SELECT   FOR ITEM=LINE COMPONENT=    
  IN RANGE         1 TO         12 STEP          1

       12  LINES (OF       12  DEFINED) SELECTED BY LSEL COMMAND.

 KEYPOINT       18                  X,Y,Z=  -101.036       422.000       175.000      IN CSYS=        0

 KEYPOINT       19                  X,Y,Z=  -101.036       712.000      -175.000      IN CSYS=        0

 LINE CONNECTS KEYPOINTS     18    19
  LINE NO.=    13  KP1=     18  TAN1=    0.0000  -0.6380   0.7700
                   KP2=     19  TAN2=    0.0000   0.6380  -0.7700

 SELECT       FOR ITEM=LINE COMPONENT=    
  IN RANGE        13 TO         13 STEP          1

        1  LINES (OF       13  DEFINED) SELECTED BY LSEL  COMMAND.

 DEFINITION OF COMPONENT = BRACE_12  ENTITY=LINE

 ALL SELECT   FOR ITEM=LINE COMPONENT=    
  IN RANGE         1 TO         13 STEP          1

       13  LINES (OF       13  DEFINED) SELECTED BY LSEL COMMAND.

 KEYPOINT       20                  X,Y,Z=  -101.036       727.000       175.000      IN CSYS=        0

 KEYPOINT       21                  X,Y,Z=  -101.036       727.000      -175.000      IN CSYS=        0

 LINE CONNECTS KEYPOINTS     20    21
  LINE NO.=    14  KP1=     20  TAN1=    0.0000   0.0000   1.0000
                   KP2=     21  TAN2=    0.0000   0.0000  -1.0000

 SELECT       FOR ITEM=LINE COMPONENT=    
  IN RANGE        14 TO         14 STEP          1

        1  LINES (OF       14  DEFINED) SELECTED BY LSEL  COMMAND.

 DEFINITION OF COMPONENT = BRACE_13  ENTITY=LINE

 ALL SELECT   FOR ITEM=LINE COMPONENT=    
  IN RANGE         1 TO         14 STEP          1

       14  LINES (OF       14  DEFINED) SELECTED BY LSEL COMMAND.

 KEYPOINT       22                  X,Y,Z=   202.073       727.000       0.00000      IN CSYS=        0

 LINE CONNECTS KEYPOINTS     22    21
  LINE NO.=    15  KP1=     22  TAN1=    0.8660   0.0000   0.5000
                   KP2=     21  TAN2=   -0.8660   0.0000  -0.5000

 SELECT       FOR ITEM=LINE COMPONENT=    
  IN RANGE        15 TO         15 STEP          1

        1  LINES (OF       15  DEFINED) SELECTED BY LSEL  COMMAND.

 DEFINITION OF COMPONENT = BRACE_14  ENTITY=LINE

 ALL SELECT   FOR ITEM=LINE COMPONENT=    
  IN RANGE         1 TO         15 STEP          1

       15  LINES (OF       15  DEFINED) SELECTED BY LSEL COMMAND.

 LINE CONNECTS KEYPOINTS     22    20
  LINE NO.=    16  KP1=     22  TAN1=    0.8660   0.0000  -0.5000
                   KP2=     20  TAN2=   -0.8660   0.0000   0.5000

 SELECT       FOR ITEM=LINE COMPONENT=    
  IN RANGE        16 TO         16 STEP          1

        1  LINES (OF       16  DEFINED) SELECTED BY LSEL  COMMAND.

 DEFINITION OF COMPONENT = BRACE_15  ENTITY=LINE

 ALL SELECT   FOR ITEM=LINE COMPONENT=    
  IN RANGE         1 TO         16 STEP          1

       16  LINES (OF       16  DEFINED) SELECTED BY LSEL COMMAND.

 KEYPOINT       23                  X,Y,Z=  -101.036       1537.00       175.000      IN CSYS=        0

 KEYPOINT       24                  X,Y,Z=  -101.036       1537.00      -175.000      IN CSYS=        0

 LINE CONNECTS KEYPOINTS     23    24
  LINE NO.=    17  KP1=     23  TAN1=    0.0000   0.0000   1.0000
                   KP2=     24  TAN2=    0.0000   0.0000  -1.0000

 SELECT       FOR ITEM=LINE COMPONENT=    
  IN RANGE        17 TO         17 STEP          1

        1  LINES (OF       17  DEFINED) SELECTED BY LSEL  COMMAND.

 DEFINITION OF COMPONENT = BRACE_16  ENTITY=LINE

 ALL SELECT   FOR ITEM=LINE COMPONENT=    
  IN RANGE         1 TO         17 STEP          1

       17  LINES (OF       17  DEFINED) SELECTED BY LSEL COMMAND.

 KEYPOINT       25                  X,Y,Z=   202.073       1217.00       0.00000      IN CSYS=        0

 KEYPOINT       26                  X,Y,Z=  -101.036       1217.00       175.000      IN CSYS=        0

 LINE CONNECTS KEYPOINTS     25    26
  LINE NO.=    18  KP1=     25  TAN1=    0.8660   0.0000  -0.5000
                   KP2=     26  TAN2=   -0.8660   0.0000   0.5000

 SELECT       FOR ITEM=LINE COMPONENT=    
  IN RANGE        18 TO         18 STEP          1

        1  LINES (OF       18  DEFINED) SELECTED BY LSEL  COMMAND.

 DEFINITION OF COMPONENT = BRACE_17  ENTITY=LINE

 ALL SELECT   FOR ITEM=LINE COMPONENT=    
  IN RANGE         1 TO         18 STEP          1

       18  LINES (OF       18  DEFINED) SELECTED BY LSEL COMMAND.

 KEYPOINT       27                  X,Y,Z=  -101.036       912.000      -175.000      IN CSYS=        0

 KEYPOINT       28                  X,Y,Z=  -101.036       1202.00       175.000      IN CSYS=        0

 LINE CONNECTS KEYPOINTS     27    28
  LINE NO.=    19  KP1=     27  TAN1=    0.0000  -0.6380  -0.7700
                   KP2=     28  TAN2=    0.0000   0.6380   0.7700

 SELECT       FOR ITEM=LINE COMPONENT=    
  IN RANGE        19 TO         19 STEP          1

        1  LINES (OF       19  DEFINED) SELECTED BY LSEL  COMMAND.

 DEFINITION OF COMPONENT = BRACE_18  ENTITY=LINE

 ALL SELECT   FOR ITEM=LINE COMPONENT=    
  IN RANGE         1 TO         19 STEP          1

       19  LINES (OF       19  DEFINED) SELECTED BY LSEL COMMAND.

 KEYPOINT       29                  X,Y,Z=  -101.036       897.000      -175.000      IN CSYS=        0

 KEYPOINT       30                  X,Y,Z=  -101.036       897.000       175.000      IN CSYS=        0

 LINE CONNECTS KEYPOINTS     29    30
  LINE NO.=    20  KP1=     29  TAN1=    0.0000   0.0000  -1.0000
                   KP2=     30  TAN2=    0.0000   0.0000   1.0000

 SELECT       FOR ITEM=LINE COMPONENT=    
  IN RANGE        20 TO         20 STEP          1

        1  LINES (OF       20  DEFINED) SELECTED BY LSEL  COMMAND.

 DEFINITION OF COMPONENT = BRACE_19  ENTITY=LINE

 ALL SELECT   FOR ITEM=LINE COMPONENT=    
  IN RANGE         1 TO         20 STEP          1

       20  LINES (OF       20  DEFINED) SELECTED BY LSEL COMMAND.

 LINE CONNECTS KEYPOINTS      3     7
  LINE NO.=    21  KP1=      3  TAN1=    0.0000  -1.0000   0.0000
                   KP2=      7  TAN2=    0.0000   1.0000   0.0000

 SELECT       FOR ITEM=LINE COMPONENT=    
  IN RANGE        21 TO         21 STEP          1

        1  LINES (OF       21  DEFINED) SELECTED BY LSEL  COMMAND.

 DEFINITION OF COMPONENT = COLUMN_2  ENTITY=LINE

 ALL SELECT   FOR ITEM=LINE COMPONENT=    
  IN RANGE         1 TO         21 STEP          1

       21  LINES (OF       21  DEFINED) SELECTED BY LSEL COMMAND.

 KEYPOINT       31                  X,Y,Z=   202.073       912.000       0.00000      IN CSYS=        0

 KEYPOINT       32                  X,Y,Z=  -101.036       1202.00      -175.000      IN CSYS=        0

 LINE CONNECTS KEYPOINTS     31    32
  LINE NO.=    22  KP1=     31  TAN1=    0.6669  -0.6380   0.3850
                   KP2=     32  TAN2=   -0.6669   0.6380  -0.3850

 SELECT       FOR ITEM=LINE COMPONENT=    
  IN RANGE        22 TO         22 STEP          1

        1  LINES (OF       22  DEFINED) SELECTED BY LSEL  COMMAND.

 DEFINITION OF COMPONENT = BRACE_20  ENTITY=LINE

 ALL SELECT   FOR ITEM=LINE COMPONENT=    
  IN RANGE         1 TO         22 STEP          1

       22  LINES (OF       22  DEFINED) SELECTED BY LSEL COMMAND.

 KEYPOINT       33                  X,Y,Z=  -101.036       1232.00      -175.000      IN CSYS=        0

 KEYPOINT       34                  X,Y,Z=   202.073       1522.00       0.00000      IN CSYS=        0

 LINE CONNECTS KEYPOINTS     33    34
  LINE NO.=    23  KP1=     33  TAN1=   -0.6669  -0.6380  -0.3850
                   KP2=     34  TAN2=    0.6669   0.6380   0.3850

 SELECT       FOR ITEM=LINE COMPONENT=    
  IN RANGE        23 TO         23 STEP          1

        1  LINES (OF       23  DEFINED) SELECTED BY LSEL  COMMAND.

 DEFINITION OF COMPONENT = BRACE_21  ENTITY=LINE

 ALL SELECT   FOR ITEM=LINE COMPONENT=    
  IN RANGE         1 TO         23 STEP          1

       23  LINES (OF       23  DEFINED) SELECTED BY LSEL COMMAND.

 KEYPOINT       35                  X,Y,Z=   202.073       1537.00       0.00000      IN CSYS=        0

 LINE CONNECTS KEYPOINTS     35    23
  LINE NO.=    24  KP1=     35  TAN1=    0.8660   0.0000  -0.5000
                   KP2=     23  TAN2=   -0.8660   0.0000   0.5000

 SELECT       FOR ITEM=LINE COMPONENT=    
  IN RANGE        24 TO         24 STEP          1

        1  LINES (OF       24  DEFINED) SELECTED BY LSEL  COMMAND.

 DEFINITION OF COMPONENT = BRACE_22  ENTITY=LINE

 ALL SELECT   FOR ITEM=LINE COMPONENT=    
  IN RANGE         1 TO         24 STEP          1

       24  LINES (OF       24  DEFINED) SELECTED BY LSEL COMMAND.

 KEYPOINT       36                  X,Y,Z=  -101.036       1217.00      -175.000      IN CSYS=        0

 LINE CONNECTS KEYPOINTS     36    25
  LINE NO.=    25  KP1=     36  TAN1=   -0.8660   0.0000  -0.5000
                   KP2=     25  TAN2=    0.8660   0.0000   0.5000

 SELECT       FOR ITEM=LINE COMPONENT=    
  IN RANGE        25 TO         25 STEP          1

        1  LINES (OF       25  DEFINED) SELECTED BY LSEL  COMMAND.

 DEFINITION OF COMPONENT = BRACE_23  ENTITY=LINE

 ALL SELECT   FOR ITEM=LINE COMPONENT=    
  IN RANGE         1 TO         25 STEP          1

       25  LINES (OF       25  DEFINED) SELECTED BY LSEL COMMAND.

 LINE CONNECTS KEYPOINTS     35    24
  LINE NO.=    26  KP1=     35  TAN1=    0.8660   0.0000   0.5000
                   KP2=     24  TAN2=   -0.8660   0.0000  -0.5000

 SELECT       FOR ITEM=LINE COMPONENT=    
  IN RANGE        26 TO         26 STEP          1

        1  LINES (OF       26  DEFINED) SELECTED BY LSEL  COMMAND.

 DEFINITION OF COMPONENT = BRACE_24  ENTITY=LINE

 ALL SELECT   FOR ITEM=LINE COMPONENT=    
  IN RANGE         1 TO         26 STEP          1

       26  LINES (OF       26  DEFINED) SELECTED BY LSEL COMMAND.

 LINE CONNECTS KEYPOINTS     26    36
  LINE NO.=    27  KP1=     26  TAN1=    0.0000   0.0000   1.0000
                   KP2=     36  TAN2=    0.0000   0.0000  -1.0000

 SELECT       FOR ITEM=LINE COMPONENT=    
  IN RANGE        27 TO         27 STEP          1

        1  LINES (OF       27  DEFINED) SELECTED BY LSEL  COMMAND.

 DEFINITION OF COMPONENT = BRACE_25  ENTITY=LINE

 ALL SELECT   FOR ITEM=LINE COMPONENT=    
  IN RANGE         1 TO         27 STEP          1

       27  LINES (OF       27  DEFINED) SELECTED BY LSEL COMMAND.

 KEYPOINT       37                  X,Y,Z=   202.073       1232.00       0.00000      IN CSYS=        0

 KEYPOINT       38                  X,Y,Z=  -101.036       1522.00       175.000      IN CSYS=        0

 LINE CONNECTS KEYPOINTS     37    38
  LINE NO.=    28  KP1=     37  TAN1=    0.6669  -0.6380  -0.3850
                   KP2=     38  TAN2=   -0.6669   0.6380   0.3850

 SELECT       FOR ITEM=LINE COMPONENT=    
  IN RANGE        28 TO         28 STEP          1

        1  LINES (OF       28  DEFINED) SELECTED BY LSEL  COMMAND.

 DEFINITION OF COMPONENT = BRACE_26  ENTITY=LINE

 ALL SELECT   FOR ITEM=LINE COMPONENT=    
  IN RANGE         1 TO         28 STEP          1

       28  LINES (OF       28  DEFINED) SELECTED BY LSEL COMMAND.

 KEYPOINT       39                  X,Y,Z=   202.073       897.000       0.00000      IN CSYS=        0

 LINE CONNECTS KEYPOINTS     39    29
  LINE NO.=    29  KP1=     39  TAN1=    0.8660   0.0000   0.5000
                   KP2=     29  TAN2=   -0.8660   0.0000  -0.5000

 SELECT       FOR ITEM=LINE COMPONENT=    
  IN RANGE        29 TO         29 STEP          1

        1  LINES (OF       29  DEFINED) SELECTED BY LSEL  COMMAND.

 DEFINITION OF COMPONENT = BRACE_27  ENTITY=LINE

 ALL SELECT   FOR ITEM=LINE COMPONENT=    
  IN RANGE         1 TO         29 STEP          1

       29  LINES (OF       29  DEFINED) SELECTED BY LSEL COMMAND.

 LINE CONNECTS KEYPOINTS     30    39
  LINE NO.=    30  KP1=     30  TAN1=   -0.8660   0.0000   0.5000
                   KP2=     39  TAN2=    0.8660   0.0000  -0.5000

 SELECT       FOR ITEM=LINE COMPONENT=    
  IN RANGE        30 TO         30 STEP          1

        1  LINES (OF       30  DEFINED) SELECTED BY LSEL  COMMAND.

 DEFINITION OF COMPONENT = BRACE_28  ENTITY=LINE

 ALL SELECT   FOR ITEM=LINE COMPONENT=    
  IN RANGE         1 TO         30 STEP          1

       30  LINES (OF       30  DEFINED) SELECTED BY LSEL COMMAND.

 KEYPOINT       40                  X,Y,Z=  -101.036       912.000       175.000      IN CSYS=        0

 KEYPOINT       41                  X,Y,Z=   202.073       1202.00       0.00000      IN CSYS=        0

 LINE CONNECTS KEYPOINTS     40    41
  LINE NO.=    31  KP1=     40  TAN1=   -0.6669  -0.6380   0.3850
                   KP2=     41  TAN2=    0.6669   0.6380  -0.3850

 SELECT       FOR ITEM=LINE COMPONENT=    
  IN RANGE        31 TO         31 STEP          1

        1  LINES (OF       31  DEFINED) SELECTED BY LSEL  COMMAND.

 DEFINITION OF COMPONENT = BRACE_29  ENTITY=LINE

 ALL SELECT   FOR ITEM=LINE COMPONENT=    
  IN RANGE         1 TO         31 STEP          1

       31  LINES (OF       31  DEFINED) SELECTED BY LSEL COMMAND.

 KEYPOINT       42                  X,Y,Z=  -101.036       1232.00       175.000      IN CSYS=        0

 KEYPOINT       43                  X,Y,Z=  -101.036       1522.00      -175.000      IN CSYS=        0

 LINE CONNECTS KEYPOINTS     42    43
  LINE NO.=    32  KP1=     42  TAN1=    0.0000  -0.6380   0.7700
                   KP2=     43  TAN2=    0.0000   0.6380  -0.7700

 SELECT       FOR ITEM=LINE COMPONENT=    
  IN RANGE        32 TO         32 STEP          1

        1  LINES (OF       32  DEFINED) SELECTED BY LSEL  COMMAND.

 DEFINITION OF COMPONENT = BRACE_30  ENTITY=LINE

 ALL SELECT   FOR ITEM=LINE COMPONENT=    
  IN RANGE         1 TO         32 STEP          1

       32  LINES (OF       32  DEFINED) SELECTED BY LSEL COMMAND.

 KEYPOINT       44                  X,Y,Z=  -101.036       2042.00      -175.000      IN CSYS=        0

 KEYPOINT       45                  X,Y,Z=   202.073       2332.00       0.00000      IN CSYS=        0

 LINE CONNECTS KEYPOINTS     44    45
  LINE NO.=    33  KP1=     44  TAN1=   -0.6669  -0.6380  -0.3850
                   KP2=     45  TAN2=    0.6669   0.6380   0.3850

 SELECT       FOR ITEM=LINE COMPONENT=    
  IN RANGE        33 TO         33 STEP          1

        1  LINES (OF       33  DEFINED) SELECTED BY LSEL  COMMAND.

 DEFINITION OF COMPONENT = BRACE_31  ENTITY=LINE

 ALL SELECT   FOR ITEM=LINE COMPONENT=    
  IN RANGE         1 TO         33 STEP          1

       33  LINES (OF       33  DEFINED) SELECTED BY LSEL COMMAND.

 KEYPOINT       46                  X,Y,Z=   202.073       2027.00       0.00000      IN CSYS=        0

 KEYPOINT       47                  X,Y,Z=  -101.036       2027.00       175.000      IN CSYS=        0

 LINE CONNECTS KEYPOINTS     46    47
  LINE NO.=    34  KP1=     46  TAN1=    0.8660   0.0000  -0.5000
                   KP2=     47  TAN2=   -0.8660   0.0000   0.5000

 SELECT       FOR ITEM=LINE COMPONENT=    
  IN RANGE        34 TO         34 STEP          1

        1  LINES (OF       34  DEFINED) SELECTED BY LSEL  COMMAND.

 DEFINITION OF COMPONENT = BRACE_32  ENTITY=LINE

 ALL SELECT   FOR ITEM=LINE COMPONENT=    
  IN RANGE         1 TO         34 STEP          1

       34  LINES (OF       34  DEFINED) SELECTED BY LSEL COMMAND.

 LINE CONNECTS KEYPOINTS      5     7
  LINE NO.=    35  KP1=      5  TAN1=    0.0000   1.0000   0.0000
                   KP2=      7  TAN2=    0.0000  -1.0000   0.0000

 SELECT       FOR ITEM=LINE COMPONENT=    
  IN RANGE        35 TO         35 STEP          1

        1  LINES (OF       35  DEFINED) SELECTED BY LSEL  COMMAND.

 DEFINITION OF COMPONENT = COLUMN_3  ENTITY=LINE

 ALL SELECT   FOR ITEM=LINE COMPONENT=    
  IN RANGE         1 TO         35 STEP          1

       35  LINES (OF       35  DEFINED) SELECTED BY LSEL COMMAND.

 KEYPOINT       48                  X,Y,Z=  -101.036       2027.00      -175.000      IN CSYS=        0

 LINE CONNECTS KEYPOINTS     47    48
  LINE NO.=    36  KP1=     47  TAN1=    0.0000   0.0000   1.0000
                   KP2=     48  TAN2=    0.0000   0.0000  -1.0000

 SELECT       FOR ITEM=LINE COMPONENT=    
  IN RANGE        36 TO         36 STEP          1

        1  LINES (OF       36  DEFINED) SELECTED BY LSEL  COMMAND.

 DEFINITION OF COMPONENT = BRACE_33  ENTITY=LINE

 ALL SELECT   FOR ITEM=LINE COMPONENT=    
  IN RANGE         1 TO         36 STEP          1

       36  LINES (OF       36  DEFINED) SELECTED BY LSEL COMMAND.

 KEYPOINT       49                  X,Y,Z=   202.073       2347.00       0.00000      IN CSYS=        0

 KEYPOINT       50                  X,Y,Z=  -101.036       2347.00      -175.000      IN CSYS=        0

 LINE CONNECTS KEYPOINTS     49    50
  LINE NO.=    37  KP1=     49  TAN1=    0.8660   0.0000   0.5000
                   KP2=     50  TAN2=   -0.8660   0.0000  -0.5000

 SELECT       FOR ITEM=LINE COMPONENT=    
  IN RANGE        37 TO         37 STEP          1

        1  LINES (OF       37  DEFINED) SELECTED BY LSEL  COMMAND.

 DEFINITION OF COMPONENT = BRACE_34  ENTITY=LINE

 ALL SELECT   FOR ITEM=LINE COMPONENT=    
  IN RANGE         1 TO         37 STEP          1

       37  LINES (OF       37  DEFINED) SELECTED BY LSEL COMMAND.

 KEYPOINT       51                  X,Y,Z=  -101.036       1722.00       175.000      IN CSYS=        0

 KEYPOINT       52                  X,Y,Z=   202.073       2012.00       0.00000      IN CSYS=        0

 LINE CONNECTS KEYPOINTS     51    52
  LINE NO.=    38  KP1=     51  TAN1=   -0.6669  -0.6380   0.3850
                   KP2=     52  TAN2=    0.6669   0.6380  -0.3850

 SELECT       FOR ITEM=LINE COMPONENT=    
  IN RANGE        38 TO         38 STEP          1

        1  LINES (OF       38  DEFINED) SELECTED BY LSEL  COMMAND.

 DEFINITION OF COMPONENT = BRACE_35  ENTITY=LINE

 ALL SELECT   FOR ITEM=LINE COMPONENT=    
  IN RANGE         1 TO         38 STEP          1

       38  LINES (OF       38  DEFINED) SELECTED BY LSEL COMMAND.

 LINE CONNECTS KEYPOINTS     48    46
  LINE NO.=    39  KP1=     48  TAN1=   -0.8660   0.0000  -0.5000
                   KP2=     46  TAN2=    0.8660   0.0000   0.5000

 SELECT       FOR ITEM=LINE COMPONENT=    
  IN RANGE        39 TO         39 STEP          1

        1  LINES (OF       39  DEFINED) SELECTED BY LSEL  COMMAND.

 DEFINITION OF COMPONENT = BRACE_36  ENTITY=LINE

 ALL SELECT   FOR ITEM=LINE COMPONENT=    
  IN RANGE         1 TO         39 STEP          1

       39  LINES (OF       39  DEFINED) SELECTED BY LSEL COMMAND.

 KEYPOINT       53                  X,Y,Z=  -101.036       1707.00      -175.000      IN CSYS=        0

 KEYPOINT       54                  X,Y,Z=  -101.036       1707.00       175.000      IN CSYS=        0

 LINE CONNECTS KEYPOINTS     53    54
  LINE NO.=    40  KP1=     53  TAN1=    0.0000   0.0000  -1.0000
                   KP2=     54  TAN2=    0.0000   0.0000   1.0000

 SELECT       FOR ITEM=LINE COMPONENT=    
  IN RANGE        40 TO         40 STEP          1

        1  LINES (OF       40  DEFINED) SELECTED BY LSEL  COMMAND.

 DEFINITION OF COMPONENT = BRACE_37  ENTITY=LINE

 ALL SELECT   FOR ITEM=LINE COMPONENT=    
  IN RANGE         1 TO         40 STEP          1

       40  LINES (OF       40  DEFINED) SELECTED BY LSEL COMMAND.

 KEYPOINT       55                  X,Y,Z=   202.073       1707.00       0.00000      IN CSYS=        0

 LINE CONNECTS KEYPOINTS     54    55
  LINE NO.=    41  KP1=     54  TAN1=   -0.8660   0.0000   0.5000
                   KP2=     55  TAN2=    0.8660   0.0000  -0.5000

 SELECT       FOR ITEM=LINE COMPONENT=    
  IN RANGE        41 TO         41 STEP          1

        1  LINES (OF       41  DEFINED) SELECTED BY LSEL  COMMAND.

 DEFINITION OF COMPONENT = BRACE_38  ENTITY=LINE

 ALL SELECT   FOR ITEM=LINE COMPONENT=    
  IN RANGE         1 TO         41 STEP          1

       41  LINES (OF       41  DEFINED) SELECTED BY LSEL COMMAND.

 KEYPOINT       56                  X,Y,Z=  -101.036       2347.00       175.000      IN CSYS=        0

 LINE CONNECTS KEYPOINTS     56    50
  LINE NO.=    42  KP1=     56  TAN1=    0.0000   0.0000   1.0000
                   KP2=     50  TAN2=    0.0000   0.0000  -1.0000

 SELECT       FOR ITEM=LINE COMPONENT=    
  IN RANGE        42 TO         42 STEP          1

        1  LINES (OF       42  DEFINED) SELECTED BY LSEL  COMMAND.

 DEFINITION OF COMPONENT = BRACE_39  ENTITY=LINE

 ALL SELECT   FOR ITEM=LINE COMPONENT=    
  IN RANGE         1 TO         42 STEP          1

       42  LINES (OF       42  DEFINED) SELECTED BY LSEL COMMAND.

 LINE CONNECTS KEYPOINTS     49    56
  LINE NO.=    43  KP1=     49  TAN1=    0.8660   0.0000  -0.5000
                   KP2=     56  TAN2=   -0.8660   0.0000   0.5000

 SELECT       FOR ITEM=LINE COMPONENT=    
  IN RANGE        43 TO         43 STEP          1

        1  LINES (OF       43  DEFINED) SELECTED BY LSEL  COMMAND.

 DEFINITION OF COMPONENT = BRACE_40  ENTITY=LINE

 ALL SELECT   FOR ITEM=LINE COMPONENT=    
  IN RANGE         1 TO         43 STEP          1

       43  LINES (OF       43  DEFINED) SELECTED BY LSEL COMMAND.

 KEYPOINT       57                  X,Y,Z=   202.073       2042.00       0.00000      IN CSYS=        0

 KEYPOINT       58                  X,Y,Z=  -101.036       2332.00       175.000      IN CSYS=        0

 LINE CONNECTS KEYPOINTS     57    58
  LINE NO.=    44  KP1=     57  TAN1=    0.6669  -0.6380  -0.3850
                   KP2=     58  TAN2=   -0.6669   0.6380   0.3850

 SELECT       FOR ITEM=LINE COMPONENT=    
  IN RANGE        44 TO         44 STEP          1

        1  LINES (OF       44  DEFINED) SELECTED BY LSEL  COMMAND.

 DEFINITION OF COMPONENT = BRACE_41  ENTITY=LINE

 ALL SELECT   FOR ITEM=LINE COMPONENT=    
  IN RANGE         1 TO         44 STEP          1

       44  LINES (OF       44  DEFINED) SELECTED BY LSEL COMMAND.

 KEYPOINT       59                  X,Y,Z=  -101.036       1722.00      -175.000      IN CSYS=        0

 KEYPOINT       60                  X,Y,Z=  -101.036       2012.00       175.000      IN CSYS=        0

 LINE CONNECTS KEYPOINTS     59    60
  LINE NO.=    45  KP1=     59  TAN1=    0.0000  -0.6380  -0.7700
                   KP2=     60  TAN2=    0.0000   0.6380   0.7700

 SELECT       FOR ITEM=LINE COMPONENT=    
  IN RANGE        45 TO         45 STEP          1

        1  LINES (OF       45  DEFINED) SELECTED BY LSEL  COMMAND.

 DEFINITION OF COMPONENT = BRACE_42  ENTITY=LINE

 ALL SELECT   FOR ITEM=LINE COMPONENT=    
  IN RANGE         1 TO         45 STEP          1

       45  LINES (OF       45  DEFINED) SELECTED BY LSEL COMMAND.

 KEYPOINT       61                  X,Y,Z=   202.073       1722.00       0.00000      IN CSYS=        0

 KEYPOINT       62                  X,Y,Z=  -101.036       2012.00      -175.000      IN CSYS=        0

 LINE CONNECTS KEYPOINTS     61    62
  LINE NO.=    46  KP1=     61  TAN1=    0.6669  -0.6380   0.3850
                   KP2=     62  TAN2=   -0.6669   0.6380  -0.3850

 SELECT       FOR ITEM=LINE COMPONENT=    
  IN RANGE        46 TO         46 STEP          1

        1  LINES (OF       46  DEFINED) SELECTED BY LSEL  COMMAND.

 DEFINITION OF COMPONENT = BRACE_43  ENTITY=LINE

 ALL SELECT   FOR ITEM=LINE COMPONENT=    
  IN RANGE         1 TO         46 STEP          1

       46  LINES (OF       46  DEFINED) SELECTED BY LSEL COMMAND.

 KEYPOINT       63                  X,Y,Z=  -101.036       2042.00       175.000      IN CSYS=        0

 KEYPOINT       64                  X,Y,Z=  -101.036       2332.00      -175.000      IN CSYS=        0

 LINE CONNECTS KEYPOINTS     63    64
  LINE NO.=    47  KP1=     63  TAN1=    0.0000  -0.6380   0.7700
                   KP2=     64  TAN2=    0.0000   0.6380  -0.7700

 SELECT       FOR ITEM=LINE COMPONENT=    
  IN RANGE        47 TO         47 STEP          1

        1  LINES (OF       47  DEFINED) SELECTED BY LSEL  COMMAND.

 DEFINITION OF COMPONENT = BRACE_44  ENTITY=LINE

 ALL SELECT   FOR ITEM=LINE COMPONENT=    
  IN RANGE         1 TO         47 STEP          1

       47  LINES (OF       47  DEFINED) SELECTED BY LSEL COMMAND.

 LINE CONNECTS KEYPOINTS     55    53
  LINE NO.=    48  KP1=     55  TAN1=    0.8660   0.0000   0.5000
                   KP2=     53  TAN2=   -0.8660   0.0000  -0.5000

 SELECT       FOR ITEM=LINE COMPONENT=    
  IN RANGE        48 TO         48 STEP          1

        1  LINES (OF       48  DEFINED) SELECTED BY LSEL  COMMAND.

 DEFINITION OF COMPONENT = BRACE_45  ENTITY=LINE

 ALL SELECT   FOR ITEM=LINE COMPONENT=    
  IN RANGE         1 TO         48 STEP          1

       48  LINES (OF       48  DEFINED) SELECTED BY LSEL COMMAND.

 KEYPOINT       65                  X,Y,Z=   202.073       2517.00       0.00000      IN CSYS=        0

 KEYPOINT       66                  X,Y,Z=  -101.036       2517.00      -175.000      IN CSYS=        0

 LINE CONNECTS KEYPOINTS     65    66
  LINE NO.=    49  KP1=     65  TAN1=    0.8660   0.0000   0.5000
                   KP2=     66  TAN2=   -0.8660   0.0000  -0.5000

 SELECT       FOR ITEM=LINE COMPONENT=    
  IN RANGE        49 TO         49 STEP          1

        1  LINES (OF       49  DEFINED) SELECTED BY LSEL  COMMAND.

 DEFINITION OF COMPONENT = BRACE_46  ENTITY=LINE

 ALL SELECT   FOR ITEM=LINE COMPONENT=    
  IN RANGE         1 TO         49 STEP          1

       49  LINES (OF       49  DEFINED) SELECTED BY LSEL COMMAND.

 KEYPOINT       67                  X,Y,Z=  -101.036       2532.00      -175.000      IN CSYS=        0

 KEYPOINT       68                  X,Y,Z=  -101.036       2822.00       175.000      IN CSYS=        0

 LINE CONNECTS KEYPOINTS     67    68
  LINE NO.=    50  KP1=     67  TAN1=    0.0000  -0.6380  -0.7700
                   KP2=     68  TAN2=    0.0000   0.6380   0.7700

 SELECT       FOR ITEM=LINE COMPONENT=    
  IN RANGE        50 TO         50 STEP          1

        1  LINES (OF       50  DEFINED) SELECTED BY LSEL  COMMAND.

 DEFINITION OF COMPONENT = BRACE_47  ENTITY=LINE

 ALL SELECT   FOR ITEM=LINE COMPONENT=    
  IN RANGE         1 TO         50 STEP          1

       50  LINES (OF       50  DEFINED) SELECTED BY LSEL COMMAND.

 KEYPOINT       69                  X,Y,Z=  -101.036       3157.00       175.000      IN CSYS=        0

 KEYPOINT       70                  X,Y,Z=  -101.036       3157.00      -175.000      IN CSYS=        0

 LINE CONNECTS KEYPOINTS     69    70
  LINE NO.=    51  KP1=     69  TAN1=    0.0000   0.0000   1.0000
                   KP2=     70  TAN2=    0.0000   0.0000  -1.0000

 SELECT       FOR ITEM=LINE COMPONENT=    
  IN RANGE        51 TO         51 STEP          1

        1  LINES (OF       51  DEFINED) SELECTED BY LSEL  COMMAND.

 DEFINITION OF COMPONENT = BRACE_48  ENTITY=LINE

 ALL SELECT   FOR ITEM=LINE COMPONENT=    
  IN RANGE         1 TO         51 STEP          1

       51  LINES (OF       51  DEFINED) SELECTED BY LSEL COMMAND.

 KEYPOINT       71                  X,Y,Z=  -101.036       2852.00       175.000      IN CSYS=        0

 KEYPOINT       72                  X,Y,Z=  -101.036       3142.00      -175.000      IN CSYS=        0

 LINE CONNECTS KEYPOINTS     71    72
  LINE NO.=    52  KP1=     71  TAN1=    0.0000  -0.6380   0.7700
                   KP2=     72  TAN2=    0.0000   0.6380  -0.7700

 SELECT       FOR ITEM=LINE COMPONENT=    
  IN RANGE        52 TO         52 STEP          1

        1  LINES (OF       52  DEFINED) SELECTED BY LSEL  COMMAND.

 DEFINITION OF COMPONENT = BRACE_49  ENTITY=LINE

 ALL SELECT   FOR ITEM=LINE COMPONENT=    
  IN RANGE         1 TO         52 STEP          1

       52  LINES (OF       52  DEFINED) SELECTED BY LSEL COMMAND.

 KEYPOINT       73                  X,Y,Z=  -101.036       2837.00       175.000      IN CSYS=        0

 KEYPOINT       74                  X,Y,Z=  -101.036       2837.00      -175.000      IN CSYS=        0

 LINE CONNECTS KEYPOINTS     73    74
  LINE NO.=    53  KP1=     73  TAN1=    0.0000   0.0000   1.0000
                   KP2=     74  TAN2=    0.0000   0.0000  -1.0000

 SELECT       FOR ITEM=LINE COMPONENT=    
  IN RANGE        53 TO         53 STEP          1

        1  LINES (OF       53  DEFINED) SELECTED BY LSEL  COMMAND.

 DEFINITION OF COMPONENT = BRACE_50  ENTITY=LINE

 ALL SELECT   FOR ITEM=LINE COMPONENT=    
  IN RANGE         1 TO         53 STEP          1

       53  LINES (OF       53  DEFINED) SELECTED BY LSEL COMMAND.

 KEYPOINT       75                  X,Y,Z=   202.073       2532.00       0.00000      IN CSYS=        0

 KEYPOINT       76                  X,Y,Z=  -101.036       2822.00      -175.000      IN CSYS=        0

 LINE CONNECTS KEYPOINTS     75    76
  LINE NO.=    54  KP1=     75  TAN1=    0.6669  -0.6380   0.3850
                   KP2=     76  TAN2=   -0.6669   0.6380  -0.3850

 SELECT       FOR ITEM=LINE COMPONENT=    
  IN RANGE        54 TO         54 STEP          1

        1  LINES (OF       54  DEFINED) SELECTED BY LSEL  COMMAND.

 DEFINITION OF COMPONENT = BRACE_51  ENTITY=LINE

 ALL SELECT   FOR ITEM=LINE COMPONENT=    
  IN RANGE         1 TO         54 STEP          1

       54  LINES (OF       54  DEFINED) SELECTED BY LSEL COMMAND.

 LINE CONNECTS KEYPOINTS      5    13
  LINE NO.=    55  KP1=      5  TAN1=    0.0000  -1.0000   0.0000
                   KP2=     13  TAN2=    0.0000   1.0000   0.0000

 SELECT       FOR ITEM=LINE COMPONENT=    
  IN RANGE        55 TO         55 STEP          1

        1  LINES (OF       55  DEFINED) SELECTED BY LSEL  COMMAND.

 DEFINITION OF COMPONENT = COLUMN_4  ENTITY=LINE

 ALL SELECT   FOR ITEM=LINE COMPONENT=    
  IN RANGE         1 TO         55 STEP          1

       55  LINES (OF       55  DEFINED) SELECTED BY LSEL COMMAND.

 KEYPOINT       77                  X,Y,Z=   202.073       3157.00       0.00000      IN CSYS=        0

 LINE CONNECTS KEYPOINTS     77    69
  LINE NO.=    56  KP1=     77  TAN1=    0.8660   0.0000  -0.5000
                   KP2=     69  TAN2=   -0.8660   0.0000   0.5000

 SELECT       FOR ITEM=LINE COMPONENT=    
  IN RANGE        56 TO         56 STEP          1

        1  LINES (OF       56  DEFINED) SELECTED BY LSEL  COMMAND.

 DEFINITION OF COMPONENT = BRACE_52  ENTITY=LINE

 ALL SELECT   FOR ITEM=LINE COMPONENT=    
  IN RANGE         1 TO         56 STEP          1

       56  LINES (OF       56  DEFINED) SELECTED BY LSEL COMMAND.

 KEYPOINT       78                  X,Y,Z=   202.073       2837.00       0.00000      IN CSYS=        0

 LINE CONNECTS KEYPOINTS     74    78
  LINE NO.=    57  KP1=     74  TAN1=   -0.8660   0.0000  -0.5000
                   KP2=     78  TAN2=    0.8660   0.0000   0.5000

 SELECT       FOR ITEM=LINE COMPONENT=    
  IN RANGE        57 TO         57 STEP          1

        1  LINES (OF       57  DEFINED) SELECTED BY LSEL  COMMAND.

 DEFINITION OF COMPONENT = BRACE_53  ENTITY=LINE

 ALL SELECT   FOR ITEM=LINE COMPONENT=    
  IN RANGE         1 TO         57 STEP          1

       57  LINES (OF       57  DEFINED) SELECTED BY LSEL COMMAND.

 KEYPOINT       79                  X,Y,Z=  -101.036       2532.00       175.000      IN CSYS=        0

 KEYPOINT       80                  X,Y,Z=   202.073       2822.00       0.00000      IN CSYS=        0

 LINE CONNECTS KEYPOINTS     79    80
  LINE NO.=    58  KP1=     79  TAN1=   -0.6669  -0.6380   0.3850
                   KP2=     80  TAN2=    0.6669   0.6380  -0.3850

 SELECT       FOR ITEM=LINE COMPONENT=    
  IN RANGE        58 TO         58 STEP          1

        1  LINES (OF       58  DEFINED) SELECTED BY LSEL  COMMAND.

 DEFINITION OF COMPONENT = BRACE_54  ENTITY=LINE

 ALL SELECT   FOR ITEM=LINE COMPONENT=    
  IN RANGE         1 TO         58 STEP          1

       58  LINES (OF       58  DEFINED) SELECTED BY LSEL COMMAND.

 KEYPOINT       81                  X,Y,Z=   202.073       2852.00       0.00000      IN CSYS=        0

 KEYPOINT       82                  X,Y,Z=  -101.036       3142.00       175.000      IN CSYS=        0

 LINE CONNECTS KEYPOINTS     81    82
  LINE NO.=    59  KP1=     81  TAN1=    0.6669  -0.6380  -0.3850
                   KP2=     82  TAN2=   -0.6669   0.6380   0.3850

 SELECT       FOR ITEM=LINE COMPONENT=    
  IN RANGE        59 TO         59 STEP          1

        1  LINES (OF       59  DEFINED) SELECTED BY LSEL  COMMAND.

 DEFINITION OF COMPONENT = BRACE_55  ENTITY=LINE

 ALL SELECT   FOR ITEM=LINE COMPONENT=    
  IN RANGE         1 TO         59 STEP          1

       59  LINES (OF       59  DEFINED) SELECTED BY LSEL COMMAND.

 KEYPOINT       83                  X,Y,Z=  -101.036       2852.00      -175.000      IN CSYS=        0

 KEYPOINT       84                  X,Y,Z=   202.073       3142.00       0.00000      IN CSYS=        0

 LINE CONNECTS KEYPOINTS     83    84
  LINE NO.=    60  KP1=     83  TAN1=   -0.6669  -0.6380  -0.3850
                   KP2=     84  TAN2=    0.6669   0.6380   0.3850

 SELECT       FOR ITEM=LINE COMPONENT=    
  IN RANGE        60 TO         60 STEP          1

        1  LINES (OF       60  DEFINED) SELECTED BY LSEL  COMMAND.

 DEFINITION OF COMPONENT = BRACE_56  ENTITY=LINE

 ALL SELECT   FOR ITEM=LINE COMPONENT=    
  IN RANGE         1 TO         60 STEP          1

       60  LINES (OF       60  DEFINED) SELECTED BY LSEL COMMAND.

 LINE CONNECTS KEYPOINTS     77    70
  LINE NO.=    61  KP1=     77  TAN1=    0.8660   0.0000   0.5000
                   KP2=     70  TAN2=   -0.8660   0.0000  -0.5000

 SELECT       FOR ITEM=LINE COMPONENT=    
  IN RANGE        61 TO         61 STEP          1

        1  LINES (OF       61  DEFINED) SELECTED BY LSEL  COMMAND.

 DEFINITION OF COMPONENT = BRACE_57  ENTITY=LINE

 ALL SELECT   FOR ITEM=LINE COMPONENT=    
  IN RANGE         1 TO         61 STEP          1

       61  LINES (OF       61  DEFINED) SELECTED BY LSEL COMMAND.

 KEYPOINT       85                  X,Y,Z=  -101.036       2517.00       175.000      IN CSYS=        0

 LINE CONNECTS KEYPOINTS     66    85
  LINE NO.=    62  KP1=     66  TAN1=    0.0000   0.0000  -1.0000
                   KP2=     85  TAN2=    0.0000   0.0000   1.0000

 SELECT       FOR ITEM=LINE COMPONENT=    
  IN RANGE        62 TO         62 STEP          1

        1  LINES (OF       62  DEFINED) SELECTED BY LSEL  COMMAND.

 DEFINITION OF COMPONENT = BRACE_58  ENTITY=LINE

 ALL SELECT   FOR ITEM=LINE COMPONENT=    
  IN RANGE         1 TO         62 STEP          1

       62  LINES (OF       62  DEFINED) SELECTED BY LSEL COMMAND.

 LINE CONNECTS KEYPOINTS     85    65
  LINE NO.=    63  KP1=     85  TAN1=   -0.8660   0.0000   0.5000
                   KP2=     65  TAN2=    0.8660   0.0000  -0.5000

 SELECT       FOR ITEM=LINE COMPONENT=    
  IN RANGE        63 TO         63 STEP          1

        1  LINES (OF       63  DEFINED) SELECTED BY LSEL  COMMAND.

 DEFINITION OF COMPONENT = BRACE_59  ENTITY=LINE

 ALL SELECT   FOR ITEM=LINE COMPONENT=    
  IN RANGE         1 TO         63 STEP          1

       63  LINES (OF       63  DEFINED) SELECTED BY LSEL COMMAND.

 LINE CONNECTS KEYPOINTS     78    73
  LINE NO.=    64  KP1=     78  TAN1=    0.8660   0.0000  -0.5000
                   KP2=     73  TAN2=   -0.8660   0.0000   0.5000

 SELECT       FOR ITEM=LINE COMPONENT=    
  IN RANGE        64 TO         64 STEP          1

        1  LINES (OF       64  DEFINED) SELECTED BY LSEL  COMMAND.

 DEFINITION OF COMPONENT = BRACE_60  ENTITY=LINE

 ALL SELECT   FOR ITEM=LINE COMPONENT=    
  IN RANGE         1 TO         64 STEP          1

       64  LINES (OF       64  DEFINED) SELECTED BY LSEL COMMAND.

 KEYPOINT       86                  X,Y,Z=  -101.036       3327.00      -175.000      IN CSYS=        0

 KEYPOINT       87                  X,Y,Z=  -101.036       3327.00       175.000      IN CSYS=        0

 LINE CONNECTS KEYPOINTS     86    87
  LINE NO.=    65  KP1=     86  TAN1=    0.0000   0.0000  -1.0000
                   KP2=     87  TAN2=    0.0000   0.0000   1.0000

 SELECT       FOR ITEM=LINE COMPONENT=    
  IN RANGE        65 TO         65 STEP          1

        1  LINES (OF       65  DEFINED) SELECTED BY LSEL  COMMAND.

 DEFINITION OF COMPONENT = BRACE_61  ENTITY=LINE

 ALL SELECT   FOR ITEM=LINE COMPONENT=    
  IN RANGE         1 TO         65 STEP          1

       65  LINES (OF       65  DEFINED) SELECTED BY LSEL COMMAND.

 KEYPOINT       88                  X,Y,Z=  -101.036       3342.00      -175.000      IN CSYS=        0

 KEYPOINT       89                  X,Y,Z=  -101.036       3632.00       175.000      IN CSYS=        0

 LINE CONNECTS KEYPOINTS     88    89
  LINE NO.=    66  KP1=     88  TAN1=    0.0000  -0.6380  -0.7700
                   KP2=     89  TAN2=    0.0000   0.6380   0.7700

 SELECT       FOR ITEM=LINE COMPONENT=    
  IN RANGE        66 TO         66 STEP          1

        1  LINES (OF       66  DEFINED) SELECTED BY LSEL  COMMAND.

 DEFINITION OF COMPONENT = BRACE_62  ENTITY=LINE

 ALL SELECT   FOR ITEM=LINE COMPONENT=    
  IN RANGE         1 TO         66 STEP          1

       66  LINES (OF       66  DEFINED) SELECTED BY LSEL COMMAND.

 KEYPOINT       90                  X,Y,Z=   202.073       3342.00       0.00000      IN CSYS=        0

 KEYPOINT       91                  X,Y,Z=  -101.036       3632.00      -175.000      IN CSYS=        0

 LINE CONNECTS KEYPOINTS     90    91
  LINE NO.=    67  KP1=     90  TAN1=    0.6669  -0.6380   0.3850
                   KP2=     91  TAN2=   -0.6669   0.6380  -0.3850

 SELECT       FOR ITEM=LINE COMPONENT=    
  IN RANGE        67 TO         67 STEP          1

        1  LINES (OF       67  DEFINED) SELECTED BY LSEL  COMMAND.

 DEFINITION OF COMPONENT = BRACE_63  ENTITY=LINE

 ALL SELECT   FOR ITEM=LINE COMPONENT=    
  IN RANGE         1 TO         67 STEP          1

       67  LINES (OF       67  DEFINED) SELECTED BY LSEL COMMAND.

 KEYPOINT       92                  X,Y,Z=  -101.036       3662.00      -175.000      IN CSYS=        0

 KEYPOINT       93                  X,Y,Z=   202.073       3952.00       0.00000      IN CSYS=        0

 LINE CONNECTS KEYPOINTS     92    93
  LINE NO.=    68  KP1=     92  TAN1=   -0.6669  -0.6380  -0.3850
                   KP2=     93  TAN2=    0.6669   0.6380   0.3850

 SELECT       FOR ITEM=LINE COMPONENT=    
  IN RANGE        68 TO         68 STEP          1

        1  LINES (OF       68  DEFINED) SELECTED BY LSEL  COMMAND.

 DEFINITION OF COMPONENT = BRACE_64  ENTITY=LINE

 ALL SELECT   FOR ITEM=LINE COMPONENT=    
  IN RANGE         1 TO         68 STEP          1

       68  LINES (OF       68  DEFINED) SELECTED BY LSEL COMMAND.

 KEYPOINT       94                  X,Y,Z=   202.073       3647.00       0.00000      IN CSYS=        0

 KEYPOINT       95                  X,Y,Z=  -101.036       3647.00       175.000      IN CSYS=        0

 LINE CONNECTS KEYPOINTS     94    95
  LINE NO.=    69  KP1=     94  TAN1=    0.8660   0.0000  -0.5000
                   KP2=     95  TAN2=   -0.8660   0.0000   0.5000

 SELECT       FOR ITEM=LINE COMPONENT=    
  IN RANGE        69 TO         69 STEP          1

        1  LINES (OF       69  DEFINED) SELECTED BY LSEL  COMMAND.

 DEFINITION OF COMPONENT = BRACE_65  ENTITY=LINE

 ALL SELECT   FOR ITEM=LINE COMPONENT=    
  IN RANGE         1 TO         69 STEP          1

       69  LINES (OF       69  DEFINED) SELECTED BY LSEL COMMAND.

 KEYPOINT       96                  X,Y,Z=   202.073       3662.00       0.00000      IN CSYS=        0

 KEYPOINT       97                  X,Y,Z=  -101.036       3952.00       175.000      IN CSYS=        0

 LINE CONNECTS KEYPOINTS     96    97
  LINE NO.=    70  KP1=     96  TAN1=    0.6669  -0.6380  -0.3850
                   KP2=     97  TAN2=   -0.6669   0.6380   0.3850

 SELECT       FOR ITEM=LINE COMPONENT=    
  IN RANGE        70 TO         70 STEP          1

        1  LINES (OF       70  DEFINED) SELECTED BY LSEL  COMMAND.

 DEFINITION OF COMPONENT = BRACE_66  ENTITY=LINE

 ALL SELECT   FOR ITEM=LINE COMPONENT=    
  IN RANGE         1 TO         70 STEP          1

       70  LINES (OF       70  DEFINED) SELECTED BY LSEL COMMAND.

 LINE CONNECTS KEYPOINTS     13    18
  LINE NO.=    71  KP1=     13  TAN1=    0.0000  -1.0000   0.0000
                   KP2=     18  TAN2=    0.0000   1.0000   0.0000

 SELECT       FOR ITEM=LINE COMPONENT=    
  IN RANGE        71 TO         71 STEP          1

        1  LINES (OF       71  DEFINED) SELECTED BY LSEL  COMMAND.

 DEFINITION OF COMPONENT = COLUMN_5  ENTITY=LINE

 ALL SELECT   FOR ITEM=LINE COMPONENT=    
  IN RANGE         1 TO         71 STEP          1

       71  LINES (OF       71  DEFINED) SELECTED BY LSEL COMMAND.

 KEYPOINT       98                  X,Y,Z=   202.073       3967.00       0.00000      IN CSYS=        0

 KEYPOINT       99                  X,Y,Z=  -101.036       3967.00      -175.000      IN CSYS=        0

 LINE CONNECTS KEYPOINTS     98    99
  LINE NO.=    72  KP1=     98  TAN1=    0.8660   0.0000   0.5000
                   KP2=     99  TAN2=   -0.8660   0.0000  -0.5000

 SELECT       FOR ITEM=LINE COMPONENT=    
  IN RANGE        72 TO         72 STEP          1

        1  LINES (OF       72  DEFINED) SELECTED BY LSEL  COMMAND.

 DEFINITION OF COMPONENT = BRACE_67  ENTITY=LINE

 ALL SELECT   FOR ITEM=LINE COMPONENT=    
  IN RANGE         1 TO         72 STEP          1

       72  LINES (OF       72  DEFINED) SELECTED BY LSEL COMMAND.

 KEYPOINT      100                  X,Y,Z=  -101.036       3967.00       175.000      IN CSYS=        0

 LINE CONNECTS KEYPOINTS     98   100
  LINE NO.=    73  KP1=     98  TAN1=    0.8660   0.0000  -0.5000
                   KP2=    100  TAN2=   -0.8660   0.0000   0.5000

 SELECT       FOR ITEM=LINE COMPONENT=    
  IN RANGE        73 TO         73 STEP          1

        1  LINES (OF       73  DEFINED) SELECTED BY LSEL  COMMAND.

 DEFINITION OF COMPONENT = BRACE_68  ENTITY=LINE

 ALL SELECT   FOR ITEM=LINE COMPONENT=    
  IN RANGE         1 TO         73 STEP          1

       73  LINES (OF       73  DEFINED) SELECTED BY LSEL COMMAND.

 KEYPOINT      101                  X,Y,Z=  -101.036       3342.00       175.000      IN CSYS=        0

 KEYPOINT      102                  X,Y,Z=   202.073       3632.00       0.00000      IN CSYS=        0

 LINE CONNECTS KEYPOINTS    101   102
  LINE NO.=    74  KP1=    101  TAN1=   -0.6669  -0.6380   0.3850
                   KP2=    102  TAN2=    0.6669   0.6380  -0.3850

 SELECT       FOR ITEM=LINE COMPONENT=    
  IN RANGE        74 TO         74 STEP          1

        1  LINES (OF       74  DEFINED) SELECTED BY LSEL  COMMAND.

 DEFINITION OF COMPONENT = BRACE_69  ENTITY=LINE

 ALL SELECT   FOR ITEM=LINE COMPONENT=    
  IN RANGE         1 TO         74 STEP          1

       74  LINES (OF       74  DEFINED) SELECTED BY LSEL COMMAND.

 LINE CONNECTS KEYPOINTS    100    99
  LINE NO.=    75  KP1=    100  TAN1=    0.0000   0.0000   1.0000
                   KP2=     99  TAN2=    0.0000   0.0000  -1.0000

 SELECT       FOR ITEM=LINE COMPONENT=    
  IN RANGE        75 TO         75 STEP          1

        1  LINES (OF       75  DEFINED) SELECTED BY LSEL  COMMAND.

 DEFINITION OF COMPONENT = BRACE_70  ENTITY=LINE

 ALL SELECT   FOR ITEM=LINE COMPONENT=    
  IN RANGE         1 TO         75 STEP          1

       75  LINES (OF       75  DEFINED) SELECTED BY LSEL COMMAND.

 KEYPOINT      103                  X,Y,Z=  -101.036       3647.00      -175.000      IN CSYS=        0

 LINE CONNECTS KEYPOINTS     95   103
  LINE NO.=    76  KP1=     95  TAN1=    0.0000   0.0000   1.0000
                   KP2=    103  TAN2=    0.0000   0.0000  -1.0000

 SELECT       FOR ITEM=LINE COMPONENT=    
  IN RANGE        76 TO         76 STEP          1

        1  LINES (OF       76  DEFINED) SELECTED BY LSEL  COMMAND.

 DEFINITION OF COMPONENT = BRACE_71  ENTITY=LINE

 ALL SELECT   FOR ITEM=LINE COMPONENT=    
  IN RANGE         1 TO         76 STEP          1

       76  LINES (OF       76  DEFINED) SELECTED BY LSEL COMMAND.

 LINE CONNECTS KEYPOINTS    103    94
  LINE NO.=    77  KP1=    103  TAN1=   -0.8660   0.0000  -0.5000
                   KP2=     94  TAN2=    0.8660   0.0000   0.5000

 SELECT       FOR ITEM=LINE COMPONENT=    
  IN RANGE        77 TO         77 STEP          1

        1  LINES (OF       77  DEFINED) SELECTED BY LSEL  COMMAND.

 DEFINITION OF COMPONENT = BRACE_72  ENTITY=LINE

 ALL SELECT   FOR ITEM=LINE COMPONENT=    
  IN RANGE         1 TO         77 STEP          1

       77  LINES (OF       77  DEFINED) SELECTED BY LSEL COMMAND.

 KEYPOINT      104                  X,Y,Z=  -101.036       3662.00       175.000      IN CSYS=        0

 KEYPOINT      105                  X,Y,Z=  -101.036       3952.00      -175.000      IN CSYS=        0

 LINE CONNECTS KEYPOINTS    104   105
  LINE NO.=    78  KP1=    104  TAN1=    0.0000  -0.6380   0.7700
                   KP2=    105  TAN2=    0.0000   0.6380  -0.7700

 SELECT       FOR ITEM=LINE COMPONENT=    
  IN RANGE        78 TO         78 STEP          1

        1  LINES (OF       78  DEFINED) SELECTED BY LSEL  COMMAND.

 DEFINITION OF COMPONENT = BRACE_73  ENTITY=LINE

 ALL SELECT   FOR ITEM=LINE COMPONENT=    
  IN RANGE         1 TO         78 STEP          1

       78  LINES (OF       78  DEFINED) SELECTED BY LSEL COMMAND.

 KEYPOINT      106                  X,Y,Z=   202.073       3327.00       0.00000      IN CSYS=        0

 LINE CONNECTS KEYPOINTS    106    86
  LINE NO.=    79  KP1=    106  TAN1=    0.8660   0.0000   0.5000
                   KP2=     86  TAN2=   -0.8660   0.0000  -0.5000

 SELECT       FOR ITEM=LINE COMPONENT=    
  IN RANGE        79 TO         79 STEP          1

        1  LINES (OF       79  DEFINED) SELECTED BY LSEL  COMMAND.

 DEFINITION OF COMPONENT = BRACE_74  ENTITY=LINE

 ALL SELECT   FOR ITEM=LINE COMPONENT=    
  IN RANGE         1 TO         79 STEP          1

       79  LINES (OF       79  DEFINED) SELECTED BY LSEL COMMAND.

 LINE CONNECTS KEYPOINTS     87   106
  LINE NO.=    80  KP1=     87  TAN1=   -0.8660   0.0000   0.5000
                   KP2=    106  TAN2=    0.8660   0.0000  -0.5000

 SELECT       FOR ITEM=LINE COMPONENT=    
  IN RANGE        80 TO         80 STEP          1

        1  LINES (OF       80  DEFINED) SELECTED BY LSEL  COMMAND.

 DEFINITION OF COMPONENT = BRACE_75  ENTITY=LINE

 ALL SELECT   FOR ITEM=LINE COMPONENT=    
  IN RANGE         1 TO         80 STEP          1

       80  LINES (OF       80  DEFINED) SELECTED BY LSEL COMMAND.

 KEYPOINT      107                  X,Y,Z=   202.073       4059.66       0.00000      IN CSYS=        0

 KEYPOINT      108                  X,Y,Z=   202.073       4080.28       0.00000      IN CSYS=        0

 LINE CONNECTS KEYPOINTS    107   108
  LINE NO.=    81  KP1=    107  TAN1=    0.0000  -1.0000   0.0000
                   KP2=    108  TAN2=    0.0000   1.0000   0.0000

 SELECT       FOR ITEM=LINE COMPONENT=    
  IN RANGE        81 TO         81 STEP          1

        1  LINES (OF       81  DEFINED) SELECTED BY LSEL  COMMAND.

 DEFINITION OF COMPONENT = COLUMN_6  ENTITY=LINE

 ALL SELECT   FOR ITEM=LINE COMPONENT=    
  IN RANGE         1 TO         81 STEP          1

       81  LINES (OF       81  DEFINED) SELECTED BY LSEL COMMAND.

 KEYPOINT      109                  X,Y,Z=   119.763       4284.00       0.00000      IN CSYS=        0

 LINE CONNECTS KEYPOINTS    108   109
  LINE NO.=    82  KP1=    108  TAN1=    0.3746  -0.9272   0.0000
                   KP2=    109  TAN2=   -0.3746   0.9272   0.0000

 SELECT       FOR ITEM=LINE COMPONENT=    
  IN RANGE        82 TO         82 STEP          1

        1  LINES (OF       82  DEFINED) SELECTED BY LSEL  COMMAND.

 DEFINITION OF COMPONENT = TOPMAT    ENTITY=LINE

 ALL SELECT   FOR ITEM=LINE COMPONENT=    
  IN RANGE         1 TO         82 STEP          1

       82  LINES (OF       82  DEFINED) SELECTED BY LSEL COMMAND.

 KEYPOINT      110                  X,Y,Z=  -101.036       4059.66       175.000      IN CSYS=        0

 KEYPOINT      111                  X,Y,Z=  -101.036       4080.28       175.000      IN CSYS=        0

 LINE CONNECTS KEYPOINTS    110   111
  LINE NO.=    83  KP1=    110  TAN1=    0.0000  -1.0000   0.0000
                   KP2=    111  TAN2=    0.0000   1.0000   0.0000

 SELECT       FOR ITEM=LINE COMPONENT=    
  IN RANGE        83 TO         83 STEP          1

        1  LINES (OF       83  DEFINED) SELECTED BY LSEL  COMMAND.

 DEFINITION OF COMPONENT = COLUMN_7  ENTITY=LINE

 ALL SELECT   FOR ITEM=LINE COMPONENT=    
  IN RANGE         1 TO         83 STEP          1

       83  LINES (OF       83  DEFINED) SELECTED BY LSEL COMMAND.

 KEYPOINT      112                  X,Y,Z=  -59.8820       4284.00       103.718      IN CSYS=        0

 LINE CONNECTS KEYPOINTS    111   112
  LINE NO.=    84  KP1=    111  TAN1=   -0.1873  -0.9272   0.3244
                   KP2=    112  TAN2=    0.1873   0.9272  -0.3244

 SELECT       FOR ITEM=LINE COMPONENT=    
  IN RANGE        84 TO         84 STEP          1

        1  LINES (OF       84  DEFINED) SELECTED BY LSEL  COMMAND.

 DEFINITION OF COMPONENT = TOPMAT    ENTITY=LINE

 ALL SELECT   FOR ITEM=LINE COMPONENT=    
  IN RANGE         1 TO         84 STEP          1

       84  LINES (OF       84  DEFINED) SELECTED BY LSEL COMMAND.

 KEYPOINT      113                  X,Y,Z=  -101.036       4059.66      -175.000      IN CSYS=        0

 KEYPOINT      114                  X,Y,Z=  -101.036       4080.28      -175.000      IN CSYS=        0

 LINE CONNECTS KEYPOINTS    113   114
  LINE NO.=    85  KP1=    113  TAN1=    0.0000  -1.0000   0.0000
                   KP2=    114  TAN2=    0.0000   1.0000   0.0000

 SELECT       FOR ITEM=LINE COMPONENT=    
  IN RANGE        85 TO         85 STEP          1

        1  LINES (OF       85  DEFINED) SELECTED BY LSEL  COMMAND.

 DEFINITION OF COMPONENT = COLUMN_8  ENTITY=LINE

 ALL SELECT   FOR ITEM=LINE COMPONENT=    
  IN RANGE         1 TO         85 STEP          1

       85  LINES (OF       85  DEFINED) SELECTED BY LSEL COMMAND.

 KEYPOINT      115                  X,Y,Z=  -59.8820       4284.00      -103.718      IN CSYS=        0

 LINE CONNECTS KEYPOINTS    114   115
  LINE NO.=    86  KP1=    114  TAN1=   -0.1873  -0.9272  -0.3244
                   KP2=    115  TAN2=    0.1873   0.9272   0.3244

 SELECT       FOR ITEM=LINE COMPONENT=    
  IN RANGE        86 TO         86 STEP          1

        1  LINES (OF       86  DEFINED) SELECTED BY LSEL  COMMAND.

 DEFINITION OF COMPONENT = TOPMAT    ENTITY=LINE

 ALL SELECT   FOR ITEM=LINE COMPONENT=    
  IN RANGE         1 TO         86 STEP          1

       86  LINES (OF       86  DEFINED) SELECTED BY LSEL COMMAND.

 LINE CONNECTS KEYPOINTS    114   111
  LINE NO.=    87  KP1=    114  TAN1=    0.0000   0.0000  -1.0000
                   KP2=    111  TAN2=    0.0000   0.0000   1.0000

 SELECT       FOR ITEM=LINE COMPONENT=    
  IN RANGE        87 TO         87 STEP          1

        1  LINES (OF       87  DEFINED) SELECTED BY LSEL  COMMAND.

 DEFINITION OF COMPONENT = TOPMAT    ENTITY=LINE

 ALL SELECT   FOR ITEM=LINE COMPONENT=    
  IN RANGE         1 TO         87 STEP          1

       87  LINES (OF       87  DEFINED) SELECTED BY LSEL COMMAND.

 LINE CONNECTS KEYPOINTS    108   114
  LINE NO.=    88  KP1=    108  TAN1=    0.8660   0.0000   0.5000
                   KP2=    114  TAN2=   -0.8660   0.0000  -0.5000

 SELECT       FOR ITEM=LINE COMPONENT=    
  IN RANGE        88 TO         88 STEP          1

        1  LINES (OF       88  DEFINED) SELECTED BY LSEL  COMMAND.

 DEFINITION OF COMPONENT = TOPMAT    ENTITY=LINE

 ALL SELECT   FOR ITEM=LINE COMPONENT=    
  IN RANGE         1 TO         88 STEP          1

       88  LINES (OF       88  DEFINED) SELECTED BY LSEL COMMAND.

 LINE CONNECTS KEYPOINTS    111   108
  LINE NO.=    89  KP1=    111  TAN1=   -0.8660   0.0000   0.5000
                   KP2=    108  TAN2=    0.8660   0.0000  -0.5000

 SELECT       FOR ITEM=LINE COMPONENT=    
  IN RANGE        89 TO         89 STEP          1

        1  LINES (OF       89  DEFINED) SELECTED BY LSEL  COMMAND.

 DEFINITION OF COMPONENT = TOPMAT    ENTITY=LINE

 ALL SELECT   FOR ITEM=LINE COMPONENT=    
  IN RANGE         1 TO         89 STEP          1

       89  LINES (OF       89  DEFINED) SELECTED BY LSEL COMMAND.

 LINE CONNECTS KEYPOINTS    109   115
  LINE NO.=    90  KP1=    109  TAN1=    0.8660   0.0000   0.5000
                   KP2=    115  TAN2=   -0.8660   0.0000  -0.5000

 SELECT       FOR ITEM=LINE COMPONENT=    
  IN RANGE        90 TO         90 STEP          1

        1  LINES (OF       90  DEFINED) SELECTED BY LSEL  COMMAND.

 DEFINITION OF COMPONENT = TOPMAT    ENTITY=LINE

 ALL SELECT   FOR ITEM=LINE COMPONENT=    
  IN RANGE         1 TO         90 STEP          1

       90  LINES (OF       90  DEFINED) SELECTED BY LSEL COMMAND.

 LINE CONNECTS KEYPOINTS    112   109
  LINE NO.=    91  KP1=    112  TAN1=   -0.8660   0.0000   0.5000
                   KP2=    109  TAN2=    0.8660   0.0000  -0.5000

 SELECT       FOR ITEM=LINE COMPONENT=    
  IN RANGE        91 TO         91 STEP          1

        1  LINES (OF       91  DEFINED) SELECTED BY LSEL  COMMAND.

 DEFINITION OF COMPONENT = TOPMAT    ENTITY=LINE

 ALL SELECT   FOR ITEM=LINE COMPONENT=    
  IN RANGE         1 TO         91 STEP          1

       91  LINES (OF       91  DEFINED) SELECTED BY LSEL COMMAND.

 LINE CONNECTS KEYPOINTS    115   112
  LINE NO.=    92  KP1=    115  TAN1=    0.0000   0.0000  -1.0000
                   KP2=    112  TAN2=    0.0000   0.0000   1.0000

 SELECT       FOR ITEM=LINE COMPONENT=    
  IN RANGE        92 TO         92 STEP          1

        1  LINES (OF       92  DEFINED) SELECTED BY LSEL  COMMAND.

 DEFINITION OF COMPONENT = TOPMAT    ENTITY=LINE

 ALL SELECT   FOR ITEM=LINE COMPONENT=    
  IN RANGE         1 TO         92 STEP          1

       92  LINES (OF       92  DEFINED) SELECTED BY LSEL COMMAND.

 KEYPOINT      116                  X,Y,Z=   0.00000       4080.28       0.00000      IN CSYS=        0

 LINE CONNECTS KEYPOINTS    108   116
  LINE NO.=    93  KP1=    108  TAN1=    1.0000   0.0000   0.0000
                   KP2=    116  TAN2=   -1.0000   0.0000   0.0000

 SELECT       FOR ITEM=LINE COMPONENT=    
  IN RANGE        93 TO         93 STEP          1

        1  LINES (OF       93  DEFINED) SELECTED BY LSEL  COMMAND.

 DEFINITION OF COMPONENT = TOPMAT    ENTITY=LINE

 ALL SELECT   FOR ITEM=LINE COMPONENT=    
  IN RANGE         1 TO         93 STEP          1

       93  LINES (OF       93  DEFINED) SELECTED BY LSEL COMMAND.

 LINE CONNECTS KEYPOINTS    116   114
  LINE NO.=    94  KP1=    116  TAN1=    0.5000   0.0000   0.8660
                   KP2=    114  TAN2=   -0.5000   0.0000  -0.8660

 SELECT       FOR ITEM=LINE COMPONENT=    
  IN RANGE        94 TO         94 STEP          1

        1  LINES (OF       94  DEFINED) SELECTED BY LSEL  COMMAND.

 DEFINITION OF COMPONENT = TOPMAT    ENTITY=LINE

 ALL SELECT   FOR ITEM=LINE COMPONENT=    
  IN RANGE         1 TO         94 STEP          1

       94  LINES (OF       94  DEFINED) SELECTED BY LSEL COMMAND.

 LINE CONNECTS KEYPOINTS    111   116
  LINE NO.=    95  KP1=    111  TAN1=   -0.5000   0.0000   0.8660
                   KP2=    116  TAN2=    0.5000   0.0000  -0.8660

 SELECT       FOR ITEM=LINE COMPONENT=    
  IN RANGE        95 TO         95 STEP          1

        1  LINES (OF       95  DEFINED) SELECTED BY LSEL  COMMAND.

 DEFINITION OF COMPONENT = TOPMAT    ENTITY=LINE

 ALL SELECT   FOR ITEM=LINE COMPONENT=    
  IN RANGE         1 TO         95 STEP          1

       95  LINES (OF       95  DEFINED) SELECTED BY LSEL COMMAND.

 KEYPOINT      117                  X,Y,Z=   0.00000       4284.00       0.00000      IN CSYS=        0

 LINE CONNECTS KEYPOINTS    109   117
  LINE NO.=    96  KP1=    109  TAN1=    1.0000   0.0000   0.0000
                   KP2=    117  TAN2=   -1.0000   0.0000   0.0000

 SELECT       FOR ITEM=LINE COMPONENT=    
  IN RANGE        96 TO         96 STEP          1

        1  LINES (OF       96  DEFINED) SELECTED BY LSEL  COMMAND.

 DEFINITION OF COMPONENT = TOPMAT    ENTITY=LINE

 ALL SELECT   FOR ITEM=LINE COMPONENT=    
  IN RANGE         1 TO         96 STEP          1

       96  LINES (OF       96  DEFINED) SELECTED BY LSEL COMMAND.

 LINE CONNECTS KEYPOINTS    117   115
  LINE NO.=    97  KP1=    117  TAN1=    0.5000   0.0000   0.8660
                   KP2=    115  TAN2=   -0.5000   0.0000  -0.8660

 SELECT       FOR ITEM=LINE COMPONENT=    
  IN RANGE        97 TO         97 STEP          1

        1  LINES (OF       97  DEFINED) SELECTED BY LSEL  COMMAND.

 DEFINITION OF COMPONENT = TOPMAT    ENTITY=LINE

 ALL SELECT   FOR ITEM=LINE COMPONENT=    
  IN RANGE         1 TO         97 STEP          1

       97  LINES (OF       97  DEFINED) SELECTED BY LSEL COMMAND.

 LINE CONNECTS KEYPOINTS    117   112
  LINE NO.=    98  KP1=    117  TAN1=    0.5000   0.0000  -0.8660
                   KP2=    112  TAN2=   -0.5000   0.0000   0.8660

 SELECT       FOR ITEM=LINE COMPONENT=    
  IN RANGE        98 TO         98 STEP          1

        1  LINES (OF       98  DEFINED) SELECTED BY LSEL  COMMAND.

 DEFINITION OF COMPONENT = TOPMAT    ENTITY=LINE

 ALL SELECT   FOR ITEM=LINE COMPONENT=    
  IN RANGE         1 TO         98 STEP          1

       98  LINES (OF       98  DEFINED) SELECTED BY LSEL COMMAND.

 LINE CONNECTS KEYPOINTS    116   117
  LINE NO.=    99  KP1=    116  TAN1=    0.0000  -1.0000   0.0000
                   KP2=    117  TAN2=    0.0000   1.0000   0.0000

 SELECT       FOR ITEM=LINE COMPONENT=    
  IN RANGE        99 TO         99 STEP          1

        1  LINES (OF       99  DEFINED) SELECTED BY LSEL  COMMAND.

 DEFINITION OF COMPONENT = TOPMAT    ENTITY=LINE

 ALL SELECT   FOR ITEM=LINE COMPONENT=    
  IN RANGE         1 TO         99 STEP          1

       99  LINES (OF       99  DEFINED) SELECTED BY LSEL COMMAND.

 LINE CONNECTS KEYPOINTS    111   109
  LINE NO.=   100  KP1=    111  TAN1=   -0.6351  -0.5860   0.5033
                   KP2=    109  TAN2=    0.6351   0.5860  -0.5033

 SELECT       FOR ITEM=LINE COMPONENT=    
  IN RANGE       100 TO        100 STEP          1

        1  LINES (OF      100  DEFINED) SELECTED BY LSEL  COMMAND.

 DEFINITION OF COMPONENT = TOPMAT    ENTITY=LINE

 ALL SELECT   FOR ITEM=LINE COMPONENT=    
  IN RANGE         1 TO        100 STEP          1

      100  LINES (OF      100  DEFINED) SELECTED BY LSEL COMMAND.

 LINE CONNECTS KEYPOINTS    108   115
  LINE NO.=   101  KP1=    108  TAN1=    0.7534  -0.5860   0.2983
                   KP2=    115  TAN2=   -0.7534   0.5860  -0.2983

 SELECT       FOR ITEM=LINE COMPONENT=    
  IN RANGE       101 TO        101 STEP          1

        1  LINES (OF      101  DEFINED) SELECTED BY LSEL  COMMAND.

 DEFINITION OF COMPONENT = TOPMAT    ENTITY=LINE

 ALL SELECT   FOR ITEM=LINE COMPONENT=    
  IN RANGE         1 TO        101 STEP          1

      101  LINES (OF      101  DEFINED) SELECTED BY LSEL COMMAND.

 LINE CONNECTS KEYPOINTS    114   112
  LINE NO.=   102  KP1=    114  TAN1=   -0.1184  -0.5860  -0.8017
                   KP2=    112  TAN2=    0.1184   0.5860   0.8017

 SELECT       FOR ITEM=LINE COMPONENT=    
  IN RANGE       102 TO        102 STEP          1

        1  LINES (OF      102  DEFINED) SELECTED BY LSEL  COMMAND.

 DEFINITION OF COMPONENT = TOPMAT    ENTITY=LINE

 ALL SELECT   FOR ITEM=LINE COMPONENT=    
  IN RANGE         1 TO        102 STEP          1

      102  LINES (OF      102  DEFINED) SELECTED BY LSEL COMMAND.

 LINE CONNECTS KEYPOINTS     18    17
  LINE NO.=   103  KP1=     18  TAN1=    0.0000  -1.0000   0.0000
                   KP2=     17  TAN2=    0.0000   1.0000   0.0000

 SELECT       FOR ITEM=LINE COMPONENT=    
  IN RANGE       103 TO        103 STEP          1

        1  LINES (OF      103  DEFINED) SELECTED BY LSEL  COMMAND.

 DEFINITION OF COMPONENT = COLUMN_9  ENTITY=LINE

 ALL SELECT   FOR ITEM=LINE COMPONENT=    
  IN RANGE         1 TO        103 STEP          1

      103  LINES (OF      103  DEFINED) SELECTED BY LSEL COMMAND.

 LINE CONNECTS KEYPOINTS     17    20
  LINE NO.=   104  KP1=     17  TAN1=    0.0000  -1.0000   0.0000
                   KP2=     20  TAN2=    0.0000   1.0000   0.0000

 SELECT       FOR ITEM=LINE COMPONENT=    
  IN RANGE       104 TO        104 STEP          1

        1  LINES (OF      104  DEFINED) SELECTED BY LSEL  COMMAND.

 DEFINITION OF COMPONENT = COLUMN_10  ENTITY=LINE

 ALL SELECT   FOR ITEM=LINE COMPONENT=    
  IN RANGE         1 TO        104 STEP          1

      104  LINES (OF      104  DEFINED) SELECTED BY LSEL COMMAND.

 LINE CONNECTS KEYPOINTS     20    30
  LINE NO.=   105  KP1=     20  TAN1=    0.0000  -1.0000   0.0000
                   KP2=     30  TAN2=    0.0000   1.0000   0.0000

 SELECT       FOR ITEM=LINE COMPONENT=    
  IN RANGE       105 TO        105 STEP          1

        1  LINES (OF      105  DEFINED) SELECTED BY LSEL  COMMAND.

 DEFINITION OF COMPONENT = COLUMN_11  ENTITY=LINE

 ALL SELECT   FOR ITEM=LINE COMPONENT=    
  IN RANGE         1 TO        105 STEP          1

      105  LINES (OF      105  DEFINED) SELECTED BY LSEL COMMAND.

 LINE CONNECTS KEYPOINTS     30    40
  LINE NO.=   106  KP1=     30  TAN1=    0.0000  -1.0000   0.0000
                   KP2=     40  TAN2=    0.0000   1.0000   0.0000

 SELECT       FOR ITEM=LINE COMPONENT=    
  IN RANGE       106 TO        106 STEP          1

        1  LINES (OF      106  DEFINED) SELECTED BY LSEL  COMMAND.

 DEFINITION OF COMPONENT = COLUMN_12  ENTITY=LINE

 ALL SELECT   FOR ITEM=LINE COMPONENT=    
  IN RANGE         1 TO        106 STEP          1

      106  LINES (OF      106  DEFINED) SELECTED BY LSEL COMMAND.

 LINE CONNECTS KEYPOINTS     40    28
  LINE NO.=   107  KP1=     40  TAN1=    0.0000  -1.0000   0.0000
                   KP2=     28  TAN2=    0.0000   1.0000   0.0000

 SELECT       FOR ITEM=LINE COMPONENT=    
  IN RANGE       107 TO        107 STEP          1

        1  LINES (OF      107  DEFINED) SELECTED BY LSEL  COMMAND.

 DEFINITION OF COMPONENT = COLUMN_13  ENTITY=LINE

 ALL SELECT   FOR ITEM=LINE COMPONENT=    
  IN RANGE         1 TO        107 STEP          1

      107  LINES (OF      107  DEFINED) SELECTED BY LSEL COMMAND.

 LINE CONNECTS KEYPOINTS     28    26
  LINE NO.=   108  KP1=     28  TAN1=    0.0000  -1.0000   0.0000
                   KP2=     26  TAN2=    0.0000   1.0000   0.0000

 SELECT       FOR ITEM=LINE COMPONENT=    
  IN RANGE       108 TO        108 STEP          1

        1  LINES (OF      108  DEFINED) SELECTED BY LSEL  COMMAND.

 DEFINITION OF COMPONENT = COLUMN_14  ENTITY=LINE

 ALL SELECT   FOR ITEM=LINE COMPONENT=    
  IN RANGE         1 TO        108 STEP          1

      108  LINES (OF      108  DEFINED) SELECTED BY LSEL COMMAND.

 LINE CONNECTS KEYPOINTS     42    26
  LINE NO.=   109  KP1=     42  TAN1=    0.0000   1.0000   0.0000
                   KP2=     26  TAN2=    0.0000  -1.0000   0.0000

 SELECT       FOR ITEM=LINE COMPONENT=    
  IN RANGE       109 TO        109 STEP          1

        1  LINES (OF      109  DEFINED) SELECTED BY LSEL  COMMAND.

 DEFINITION OF COMPONENT = COLUMN_15  ENTITY=LINE

 ALL SELECT   FOR ITEM=LINE COMPONENT=    
  IN RANGE         1 TO        109 STEP          1

      109  LINES (OF      109  DEFINED) SELECTED BY LSEL COMMAND.

 LINE CONNECTS KEYPOINTS     42    38
  LINE NO.=   110  KP1=     42  TAN1=    0.0000  -1.0000   0.0000
                   KP2=     38  TAN2=    0.0000   1.0000   0.0000

 SELECT       FOR ITEM=LINE COMPONENT=    
  IN RANGE       110 TO        110 STEP          1

        1  LINES (OF      110  DEFINED) SELECTED BY LSEL  COMMAND.

 DEFINITION OF COMPONENT = COLUMN_16  ENTITY=LINE

 ALL SELECT   FOR ITEM=LINE COMPONENT=    
  IN RANGE         1 TO        110 STEP          1

      110  LINES (OF      110  DEFINED) SELECTED BY LSEL COMMAND.

 LINE CONNECTS KEYPOINTS     23    38
  LINE NO.=   111  KP1=     23  TAN1=    0.0000   1.0000   0.0000
                   KP2=     38  TAN2=    0.0000  -1.0000   0.0000

 SELECT       FOR ITEM=LINE COMPONENT=    
  IN RANGE       111 TO        111 STEP          1

        1  LINES (OF      111  DEFINED) SELECTED BY LSEL  COMMAND.

 DEFINITION OF COMPONENT = COLUMN_17  ENTITY=LINE

 ALL SELECT   FOR ITEM=LINE COMPONENT=    
  IN RANGE         1 TO        111 STEP          1

      111  LINES (OF      111  DEFINED) SELECTED BY LSEL COMMAND.

 LINE CONNECTS KEYPOINTS     23    54
  LINE NO.=   112  KP1=     23  TAN1=    0.0000  -1.0000   0.0000
                   KP2=     54  TAN2=    0.0000   1.0000   0.0000

 SELECT       FOR ITEM=LINE COMPONENT=    
  IN RANGE       112 TO        112 STEP          1

        1  LINES (OF      112  DEFINED) SELECTED BY LSEL  COMMAND.

 DEFINITION OF COMPONENT = COLUMN_18  ENTITY=LINE

 ALL SELECT   FOR ITEM=LINE COMPONENT=    
  IN RANGE         1 TO        112 STEP          1

      112  LINES (OF      112  DEFINED) SELECTED BY LSEL COMMAND.

 LINE CONNECTS KEYPOINTS     51    54
  LINE NO.=   113  KP1=     51  TAN1=    0.0000   1.0000   0.0000
                   KP2=     54  TAN2=    0.0000  -1.0000   0.0000

 SELECT       FOR ITEM=LINE COMPONENT=    
  IN RANGE       113 TO        113 STEP          1

        1  LINES (OF      113  DEFINED) SELECTED BY LSEL  COMMAND.

 DEFINITION OF COMPONENT = COLUMN_19  ENTITY=LINE

 ALL SELECT   FOR ITEM=LINE COMPONENT=    
  IN RANGE         1 TO        113 STEP          1

      113  LINES (OF      113  DEFINED) SELECTED BY LSEL COMMAND.

 LINE CONNECTS KEYPOINTS     51    60
  LINE NO.=   114  KP1=     51  TAN1=    0.0000  -1.0000   0.0000
                   KP2=     60  TAN2=    0.0000   1.0000   0.0000

 SELECT       FOR ITEM=LINE COMPONENT=    
  IN RANGE       114 TO        114 STEP          1

        1  LINES (OF      114  DEFINED) SELECTED BY LSEL  COMMAND.

 DEFINITION OF COMPONENT = COLUMN_20  ENTITY=LINE

 ALL SELECT   FOR ITEM=LINE COMPONENT=    
  IN RANGE         1 TO        114 STEP          1

      114  LINES (OF      114  DEFINED) SELECTED BY LSEL COMMAND.

 LINE CONNECTS KEYPOINTS     60    47
  LINE NO.=   115  KP1=     60  TAN1=    0.0000  -1.0000   0.0000
                   KP2=     47  TAN2=    0.0000   1.0000   0.0000

 SELECT       FOR ITEM=LINE COMPONENT=    
  IN RANGE       115 TO        115 STEP          1

        1  LINES (OF      115  DEFINED) SELECTED BY LSEL  COMMAND.

 DEFINITION OF COMPONENT = COLUMN_21  ENTITY=LINE

 ALL SELECT   FOR ITEM=LINE COMPONENT=    
  IN RANGE         1 TO        115 STEP          1

      115  LINES (OF      115  DEFINED) SELECTED BY LSEL COMMAND.

 LINE CONNECTS KEYPOINTS     47    63
  LINE NO.=   116  KP1=     47  TAN1=    0.0000  -1.0000   0.0000
                   KP2=     63  TAN2=    0.0000   1.0000   0.0000

 SELECT       FOR ITEM=LINE COMPONENT=    
  IN RANGE       116 TO        116 STEP          1

        1  LINES (OF      116  DEFINED) SELECTED BY LSEL  COMMAND.

 DEFINITION OF COMPONENT = COLUMN_22  ENTITY=LINE

 ALL SELECT   FOR ITEM=LINE COMPONENT=    
  IN RANGE         1 TO        116 STEP          1

      116  LINES (OF      116  DEFINED) SELECTED BY LSEL COMMAND.

 LINE CONNECTS KEYPOINTS     58    63
  LINE NO.=   117  KP1=     58  TAN1=    0.0000   1.0000   0.0000
                   KP2=     63  TAN2=    0.0000  -1.0000   0.0000

 SELECT       FOR ITEM=LINE COMPONENT=    
  IN RANGE       117 TO        117 STEP          1

        1  LINES (OF      117  DEFINED) SELECTED BY LSEL  COMMAND.

 DEFINITION OF COMPONENT = COLUMN_23  ENTITY=LINE

 ALL SELECT   FOR ITEM=LINE COMPONENT=    
  IN RANGE         1 TO        117 STEP          1

      117  LINES (OF      117  DEFINED) SELECTED BY LSEL COMMAND.

 LINE CONNECTS KEYPOINTS     58    56
  LINE NO.=   118  KP1=     58  TAN1=    0.0000  -1.0000   0.0000
                   KP2=     56  TAN2=    0.0000   1.0000   0.0000

 SELECT       FOR ITEM=LINE COMPONENT=    
  IN RANGE       118 TO        118 STEP          1

        1  LINES (OF      118  DEFINED) SELECTED BY LSEL  COMMAND.

 DEFINITION OF COMPONENT = COLUMN_24  ENTITY=LINE

 ALL SELECT   FOR ITEM=LINE COMPONENT=    
  IN RANGE         1 TO        118 STEP          1

      118  LINES (OF      118  DEFINED) SELECTED BY LSEL COMMAND.

 LINE CONNECTS KEYPOINTS     56    85
  LINE NO.=   119  KP1=     56  TAN1=    0.0000  -1.0000   0.0000
                   KP2=     85  TAN2=    0.0000   1.0000   0.0000

 SELECT       FOR ITEM=LINE COMPONENT=    
  IN RANGE       119 TO        119 STEP          1

        1  LINES (OF      119  DEFINED) SELECTED BY LSEL  COMMAND.

 DEFINITION OF COMPONENT = COLUMN_25  ENTITY=LINE

 ALL SELECT   FOR ITEM=LINE COMPONENT=    
  IN RANGE         1 TO        119 STEP          1

      119  LINES (OF      119  DEFINED) SELECTED BY LSEL COMMAND.

 LINE CONNECTS KEYPOINTS     85    79
  LINE NO.=   120  KP1=     85  TAN1=    0.0000  -1.0000   0.0000
                   KP2=     79  TAN2=    0.0000   1.0000   0.0000

 SELECT       FOR ITEM=LINE COMPONENT=    
  IN RANGE       120 TO        120 STEP          1

        1  LINES (OF      120  DEFINED) SELECTED BY LSEL  COMMAND.

 DEFINITION OF COMPONENT = COLUMN_26  ENTITY=LINE

 ALL SELECT   FOR ITEM=LINE COMPONENT=    
  IN RANGE         1 TO        120 STEP          1

      120  LINES (OF      120  DEFINED) SELECTED BY LSEL COMMAND.

 LINE CONNECTS KEYPOINTS     79    68
  LINE NO.=   121  KP1=     79  TAN1=    0.0000  -1.0000   0.0000
                   KP2=     68  TAN2=    0.0000   1.0000   0.0000

 SELECT       FOR ITEM=LINE COMPONENT=    
  IN RANGE       121 TO        121 STEP          1

        1  LINES (OF      121  DEFINED) SELECTED BY LSEL  COMMAND.

 DEFINITION OF COMPONENT = COLUMN_27  ENTITY=LINE

 ALL SELECT   FOR ITEM=LINE COMPONENT=    
  IN RANGE         1 TO        121 STEP          1

      121  LINES (OF      121  DEFINED) SELECTED BY LSEL COMMAND.

 LINE CONNECTS KEYPOINTS     68    73
  LINE NO.=   122  KP1=     68  TAN1=    0.0000  -1.0000   0.0000
                   KP2=     73  TAN2=    0.0000   1.0000   0.0000

 SELECT       FOR ITEM=LINE COMPONENT=    
  IN RANGE       122 TO        122 STEP          1

        1  LINES (OF      122  DEFINED) SELECTED BY LSEL  COMMAND.

 DEFINITION OF COMPONENT = COLUMN_28  ENTITY=LINE

 ALL SELECT   FOR ITEM=LINE COMPONENT=    
  IN RANGE         1 TO        122 STEP          1

      122  LINES (OF      122  DEFINED) SELECTED BY LSEL COMMAND.

 LINE CONNECTS KEYPOINTS     73    71
  LINE NO.=   123  KP1=     73  TAN1=    0.0000  -1.0000   0.0000
                   KP2=     71  TAN2=    0.0000   1.0000   0.0000

 SELECT       FOR ITEM=LINE COMPONENT=    
  IN RANGE       123 TO        123 STEP          1

        1  LINES (OF      123  DEFINED) SELECTED BY LSEL  COMMAND.

 DEFINITION OF COMPONENT = COLUMN_29  ENTITY=LINE

 ALL SELECT   FOR ITEM=LINE COMPONENT=    
  IN RANGE         1 TO        123 STEP          1

      123  LINES (OF      123  DEFINED) SELECTED BY LSEL COMMAND.

 LINE CONNECTS KEYPOINTS     71    82
  LINE NO.=   124  KP1=     71  TAN1=    0.0000  -1.0000   0.0000
                   KP2=     82  TAN2=    0.0000   1.0000   0.0000

 SELECT       FOR ITEM=LINE COMPONENT=    
  IN RANGE       124 TO        124 STEP          1

        1  LINES (OF      124  DEFINED) SELECTED BY LSEL  COMMAND.

 DEFINITION OF COMPONENT = COLUMN_30  ENTITY=LINE

 ALL SELECT   FOR ITEM=LINE COMPONENT=    
  IN RANGE         1 TO        124 STEP          1

      124  LINES (OF      124  DEFINED) SELECTED BY LSEL COMMAND.

 LINE CONNECTS KEYPOINTS     82    69
  LINE NO.=   125  KP1=     82  TAN1=    0.0000  -1.0000   0.0000
                   KP2=     69  TAN2=    0.0000   1.0000   0.0000

 SELECT       FOR ITEM=LINE COMPONENT=    
  IN RANGE       125 TO        125 STEP          1

        1  LINES (OF      125  DEFINED) SELECTED BY LSEL  COMMAND.

 DEFINITION OF COMPONENT = COLUMN_31  ENTITY=LINE

 ALL SELECT   FOR ITEM=LINE COMPONENT=    
  IN RANGE         1 TO        125 STEP          1

      125  LINES (OF      125  DEFINED) SELECTED BY LSEL COMMAND.

 LINE CONNECTS KEYPOINTS     87    69
  LINE NO.=   126  KP1=     87  TAN1=    0.0000   1.0000   0.0000
                   KP2=     69  TAN2=    0.0000  -1.0000   0.0000

 SELECT       FOR ITEM=LINE COMPONENT=    
  IN RANGE       126 TO        126 STEP          1

        1  LINES (OF      126  DEFINED) SELECTED BY LSEL  COMMAND.

 DEFINITION OF COMPONENT = COLUMN_32  ENTITY=LINE

 ALL SELECT   FOR ITEM=LINE COMPONENT=    
  IN RANGE         1 TO        126 STEP          1

      126  LINES (OF      126  DEFINED) SELECTED BY LSEL COMMAND.

 LINE CONNECTS KEYPOINTS    101    87
  LINE NO.=   127  KP1=    101  TAN1=    0.0000   1.0000   0.0000
                   KP2=     87  TAN2=    0.0000  -1.0000   0.0000

 SELECT       FOR ITEM=LINE COMPONENT=    
  IN RANGE       127 TO        127 STEP          1

        1  LINES (OF      127  DEFINED) SELECTED BY LSEL  COMMAND.

 DEFINITION OF COMPONENT = COLUMN_33  ENTITY=LINE

 ALL SELECT   FOR ITEM=LINE COMPONENT=    
  IN RANGE         1 TO        127 STEP          1

      127  LINES (OF      127  DEFINED) SELECTED BY LSEL COMMAND.

 LINE CONNECTS KEYPOINTS    101    89
  LINE NO.=   128  KP1=    101  TAN1=    0.0000  -1.0000   0.0000
                   KP2=     89  TAN2=    0.0000   1.0000   0.0000

 SELECT       FOR ITEM=LINE COMPONENT=    
  IN RANGE       128 TO        128 STEP          1

        1  LINES (OF      128  DEFINED) SELECTED BY LSEL  COMMAND.

 DEFINITION OF COMPONENT = COLUMN_34  ENTITY=LINE

 ALL SELECT   FOR ITEM=LINE COMPONENT=    
  IN RANGE         1 TO        128 STEP          1

      128  LINES (OF      128  DEFINED) SELECTED BY LSEL COMMAND.

 LINE CONNECTS KEYPOINTS     89    95
  LINE NO.=   129  KP1=     89  TAN1=    0.0000  -1.0000   0.0000
                   KP2=     95  TAN2=    0.0000   1.0000   0.0000

 SELECT       FOR ITEM=LINE COMPONENT=    
  IN RANGE       129 TO        129 STEP          1

        1  LINES (OF      129  DEFINED) SELECTED BY LSEL  COMMAND.

 DEFINITION OF COMPONENT = COLUMN_35  ENTITY=LINE

 ALL SELECT   FOR ITEM=LINE COMPONENT=    
  IN RANGE         1 TO        129 STEP          1

      129  LINES (OF      129  DEFINED) SELECTED BY LSEL COMMAND.

 LINE CONNECTS KEYPOINTS     95   104
  LINE NO.=   130  KP1=     95  TAN1=    0.0000  -1.0000   0.0000
                   KP2=    104  TAN2=    0.0000   1.0000   0.0000

 SELECT       FOR ITEM=LINE COMPONENT=    
  IN RANGE       130 TO        130 STEP          1

        1  LINES (OF      130  DEFINED) SELECTED BY LSEL  COMMAND.

 DEFINITION OF COMPONENT = COLUMN_36  ENTITY=LINE

 ALL SELECT   FOR ITEM=LINE COMPONENT=    
  IN RANGE         1 TO        130 STEP          1

      130  LINES (OF      130  DEFINED) SELECTED BY LSEL COMMAND.

 LINE CONNECTS KEYPOINTS    104    97
  LINE NO.=   131  KP1=    104  TAN1=    0.0000  -1.0000   0.0000
                   KP2=     97  TAN2=    0.0000   1.0000   0.0000

 SELECT       FOR ITEM=LINE COMPONENT=    
  IN RANGE       131 TO        131 STEP          1

        1  LINES (OF      131  DEFINED) SELECTED BY LSEL  COMMAND.

 DEFINITION OF COMPONENT = COLUMN_37  ENTITY=LINE

 ALL SELECT   FOR ITEM=LINE COMPONENT=    
  IN RANGE         1 TO        131 STEP          1

      131  LINES (OF      131  DEFINED) SELECTED BY LSEL COMMAND.

 LINE CONNECTS KEYPOINTS     97   100
  LINE NO.=   132  KP1=     97  TAN1=    0.0000  -1.0000   0.0000
                   KP2=    100  TAN2=    0.0000   1.0000   0.0000

 SELECT       FOR ITEM=LINE COMPONENT=    
  IN RANGE       132 TO        132 STEP          1

        1  LINES (OF      132  DEFINED) SELECTED BY LSEL  COMMAND.

 DEFINITION OF COMPONENT = COLUMN_38  ENTITY=LINE

 ALL SELECT   FOR ITEM=LINE COMPONENT=    
  IN RANGE         1 TO        132 STEP          1

      132  LINES (OF      132  DEFINED) SELECTED BY LSEL COMMAND.

 LINE CONNECTS KEYPOINTS    100   110
  LINE NO.=   133  KP1=    100  TAN1=    0.0000  -1.0000   0.0000
                   KP2=    110  TAN2=    0.0000   1.0000   0.0000

 SELECT       FOR ITEM=LINE COMPONENT=    
  IN RANGE       133 TO        133 STEP          1

        1  LINES (OF      133  DEFINED) SELECTED BY LSEL  COMMAND.

 DEFINITION OF COMPONENT = COLUMN_39  ENTITY=LINE

 ALL SELECT   FOR ITEM=LINE COMPONENT=    
  IN RANGE         1 TO        133 STEP          1

      133  LINES (OF      133  DEFINED) SELECTED BY LSEL COMMAND.

 LINE CONNECTS KEYPOINTS    107    98
  LINE NO.=   134  KP1=    107  TAN1=    0.0000   1.0000   0.0000
                   KP2=     98  TAN2=    0.0000  -1.0000   0.0000

 SELECT       FOR ITEM=LINE COMPONENT=    
  IN RANGE       134 TO        134 STEP          1

        1  LINES (OF      134  DEFINED) SELECTED BY LSEL  COMMAND.

 DEFINITION OF COMPONENT = COLUMN_40  ENTITY=LINE

 ALL SELECT   FOR ITEM=LINE COMPONENT=    
  IN RANGE         1 TO        134 STEP          1

      134  LINES (OF      134  DEFINED) SELECTED BY LSEL COMMAND.

 LINE CONNECTS KEYPOINTS     98    93
  LINE NO.=   135  KP1=     98  TAN1=    0.0000   1.0000   0.0000
                   KP2=     93  TAN2=    0.0000  -1.0000   0.0000

 SELECT       FOR ITEM=LINE COMPONENT=    
  IN RANGE       135 TO        135 STEP          1

        1  LINES (OF      135  DEFINED) SELECTED BY LSEL  COMMAND.

 DEFINITION OF COMPONENT = COLUMN_41  ENTITY=LINE

 ALL SELECT   FOR ITEM=LINE COMPONENT=    
  IN RANGE         1 TO        135 STEP          1

      135  LINES (OF      135  DEFINED) SELECTED BY LSEL COMMAND.

 LINE CONNECTS KEYPOINTS     93    96
  LINE NO.=   136  KP1=     93  TAN1=    0.0000   1.0000   0.0000
                   KP2=     96  TAN2=    0.0000  -1.0000   0.0000

 SELECT       FOR ITEM=LINE COMPONENT=    
  IN RANGE       136 TO        136 STEP          1

        1  LINES (OF      136  DEFINED) SELECTED BY LSEL  COMMAND.

 DEFINITION OF COMPONENT = COLUMN_42  ENTITY=LINE

 ALL SELECT   FOR ITEM=LINE COMPONENT=    
  IN RANGE         1 TO        136 STEP          1

      136  LINES (OF      136  DEFINED) SELECTED BY LSEL COMMAND.

 LINE CONNECTS KEYPOINTS     96    94
  LINE NO.=   137  KP1=     96  TAN1=    0.0000   1.0000   0.0000
                   KP2=     94  TAN2=    0.0000  -1.0000   0.0000

 SELECT       FOR ITEM=LINE COMPONENT=    
  IN RANGE       137 TO        137 STEP          1

        1  LINES (OF      137  DEFINED) SELECTED BY LSEL  COMMAND.

 DEFINITION OF COMPONENT = COLUMN_43  ENTITY=LINE

 ALL SELECT   FOR ITEM=LINE COMPONENT=    
  IN RANGE         1 TO        137 STEP          1

      137  LINES (OF      137  DEFINED) SELECTED BY LSEL COMMAND.

 LINE CONNECTS KEYPOINTS    102    94
  LINE NO.=   138  KP1=    102  TAN1=    0.0000  -1.0000   0.0000
                   KP2=     94  TAN2=    0.0000   1.0000   0.0000

 SELECT       FOR ITEM=LINE COMPONENT=    
  IN RANGE       138 TO        138 STEP          1

        1  LINES (OF      138  DEFINED) SELECTED BY LSEL  COMMAND.

 DEFINITION OF COMPONENT = COLUMN_44  ENTITY=LINE

 ALL SELECT   FOR ITEM=LINE COMPONENT=    
  IN RANGE         1 TO        138 STEP          1

      138  LINES (OF      138  DEFINED) SELECTED BY LSEL COMMAND.

 LINE CONNECTS KEYPOINTS    113    99
  LINE NO.=   139  KP1=    113  TAN1=    0.0000   1.0000   0.0000
                   KP2=     99  TAN2=    0.0000  -1.0000   0.0000

 SELECT       FOR ITEM=LINE COMPONENT=    
  IN RANGE       139 TO        139 STEP          1

        1  LINES (OF      139  DEFINED) SELECTED BY LSEL  COMMAND.

 DEFINITION OF COMPONENT = COLUMN_45  ENTITY=LINE

 ALL SELECT   FOR ITEM=LINE COMPONENT=    
  IN RANGE         1 TO        139 STEP          1

      139  LINES (OF      139  DEFINED) SELECTED BY LSEL COMMAND.

 LINE CONNECTS KEYPOINTS     99   105
  LINE NO.=   140  KP1=     99  TAN1=    0.0000   1.0000   0.0000
                   KP2=    105  TAN2=    0.0000  -1.0000   0.0000

 SELECT       FOR ITEM=LINE COMPONENT=    
  IN RANGE       140 TO        140 STEP          1

        1  LINES (OF      140  DEFINED) SELECTED BY LSEL  COMMAND.

 DEFINITION OF COMPONENT = COLUMN_46  ENTITY=LINE

 ALL SELECT   FOR ITEM=LINE COMPONENT=    
  IN RANGE         1 TO        140 STEP          1

      140  LINES (OF      140  DEFINED) SELECTED BY LSEL COMMAND.

 LINE CONNECTS KEYPOINTS    105    92
  LINE NO.=   141  KP1=    105  TAN1=    0.0000   1.0000   0.0000
                   KP2=     92  TAN2=    0.0000  -1.0000   0.0000

 SELECT       FOR ITEM=LINE COMPONENT=    
  IN RANGE       141 TO        141 STEP          1

        1  LINES (OF      141  DEFINED) SELECTED BY LSEL  COMMAND.

 DEFINITION OF COMPONENT = COLUMN_47  ENTITY=LINE

 ALL SELECT   FOR ITEM=LINE COMPONENT=    
  IN RANGE         1 TO        141 STEP          1

      141  LINES (OF      141  DEFINED) SELECTED BY LSEL COMMAND.

 LINE CONNECTS KEYPOINTS    103    92
  LINE NO.=   142  KP1=    103  TAN1=    0.0000  -1.0000   0.0000
                   KP2=     92  TAN2=    0.0000   1.0000   0.0000

 SELECT       FOR ITEM=LINE COMPONENT=    
  IN RANGE       142 TO        142 STEP          1

        1  LINES (OF      142  DEFINED) SELECTED BY LSEL  COMMAND.

 DEFINITION OF COMPONENT = COLUMN_48  ENTITY=LINE

 ALL SELECT   FOR ITEM=LINE COMPONENT=    
  IN RANGE         1 TO        142 STEP          1

      142  LINES (OF      142  DEFINED) SELECTED BY LSEL COMMAND.

 LINE CONNECTS KEYPOINTS     91   103
  LINE NO.=   143  KP1=     91  TAN1=    0.0000  -1.0000   0.0000
                   KP2=    103  TAN2=    0.0000   1.0000   0.0000

 SELECT       FOR ITEM=LINE COMPONENT=    
  IN RANGE       143 TO        143 STEP          1

        1  LINES (OF      143  DEFINED) SELECTED BY LSEL  COMMAND.

 DEFINITION OF COMPONENT = COLUMN_49  ENTITY=LINE

 ALL SELECT   FOR ITEM=LINE COMPONENT=    
  IN RANGE         1 TO        143 STEP          1

      143  LINES (OF      143  DEFINED) SELECTED BY LSEL COMMAND.

 LINE CONNECTS KEYPOINTS     91    88
  LINE NO.=   144  KP1=     91  TAN1=    0.0000   1.0000   0.0000
                   KP2=     88  TAN2=    0.0000  -1.0000   0.0000

 SELECT       FOR ITEM=LINE COMPONENT=    
  IN RANGE       144 TO        144 STEP          1

        1  LINES (OF      144  DEFINED) SELECTED BY LSEL  COMMAND.

 DEFINITION OF COMPONENT = COLUMN_50  ENTITY=LINE

 ALL SELECT   FOR ITEM=LINE COMPONENT=    
  IN RANGE         1 TO        144 STEP          1

      144  LINES (OF      144  DEFINED) SELECTED BY LSEL COMMAND.

 LINE CONNECTS KEYPOINTS     88    86
  LINE NO.=   145  KP1=     88  TAN1=    0.0000   1.0000   0.0000
                   KP2=     86  TAN2=    0.0000  -1.0000   0.0000

 SELECT       FOR ITEM=LINE COMPONENT=    
  IN RANGE       145 TO        145 STEP          1

        1  LINES (OF      145  DEFINED) SELECTED BY LSEL  COMMAND.

 DEFINITION OF COMPONENT = COLUMN_51  ENTITY=LINE

 ALL SELECT   FOR ITEM=LINE COMPONENT=    
  IN RANGE         1 TO        145 STEP          1

      145  LINES (OF      145  DEFINED) SELECTED BY LSEL COMMAND.

 LINE CONNECTS KEYPOINTS     86    70
  LINE NO.=   146  KP1=     86  TAN1=    0.0000   1.0000   0.0000
                   KP2=     70  TAN2=    0.0000  -1.0000   0.0000

 SELECT       FOR ITEM=LINE COMPONENT=    
  IN RANGE       146 TO        146 STEP          1

        1  LINES (OF      146  DEFINED) SELECTED BY LSEL  COMMAND.

 DEFINITION OF COMPONENT = COLUMN_52  ENTITY=LINE

 ALL SELECT   FOR ITEM=LINE COMPONENT=    
  IN RANGE         1 TO        146 STEP          1

      146  LINES (OF      146  DEFINED) SELECTED BY LSEL COMMAND.

 LINE CONNECTS KEYPOINTS     70    72
  LINE NO.=   147  KP1=     70  TAN1=    0.0000   1.0000   0.0000
                   KP2=     72  TAN2=    0.0000  -1.0000   0.0000

 SELECT       FOR ITEM=LINE COMPONENT=    
  IN RANGE       147 TO        147 STEP          1

        1  LINES (OF      147  DEFINED) SELECTED BY LSEL  COMMAND.

 DEFINITION OF COMPONENT = COLUMN_53  ENTITY=LINE

 ALL SELECT   FOR ITEM=LINE COMPONENT=    
  IN RANGE         1 TO        147 STEP          1

      147  LINES (OF      147  DEFINED) SELECTED BY LSEL COMMAND.

 LINE CONNECTS KEYPOINTS     72    83
  LINE NO.=   148  KP1=     72  TAN1=    0.0000   1.0000   0.0000
                   KP2=     83  TAN2=    0.0000  -1.0000   0.0000

 SELECT       FOR ITEM=LINE COMPONENT=    
  IN RANGE       148 TO        148 STEP          1

        1  LINES (OF      148  DEFINED) SELECTED BY LSEL  COMMAND.

 DEFINITION OF COMPONENT = COLUMN_54  ENTITY=LINE

 ALL SELECT   FOR ITEM=LINE COMPONENT=    
  IN RANGE         1 TO        148 STEP          1

      148  LINES (OF      148  DEFINED) SELECTED BY LSEL COMMAND.

 LINE CONNECTS KEYPOINTS     74    83
  LINE NO.=   149  KP1=     74  TAN1=    0.0000  -1.0000   0.0000
                   KP2=     83  TAN2=    0.0000   1.0000   0.0000

 SELECT       FOR ITEM=LINE COMPONENT=    
  IN RANGE       149 TO        149 STEP          1

        1  LINES (OF      149  DEFINED) SELECTED BY LSEL  COMMAND.

 DEFINITION OF COMPONENT = COLUMN_55  ENTITY=LINE

 ALL SELECT   FOR ITEM=LINE COMPONENT=    
  IN RANGE         1 TO        149 STEP          1

      149  LINES (OF      149  DEFINED) SELECTED BY LSEL COMMAND.

 LINE CONNECTS KEYPOINTS     76    74
  LINE NO.=   150  KP1=     76  TAN1=    0.0000  -1.0000   0.0000
                   KP2=     74  TAN2=    0.0000   1.0000   0.0000

 SELECT       FOR ITEM=LINE COMPONENT=    
  IN RANGE       150 TO        150 STEP          1

        1  LINES (OF      150  DEFINED) SELECTED BY LSEL  COMMAND.

 DEFINITION OF COMPONENT = COLUMN_56  ENTITY=LINE

 ALL SELECT   FOR ITEM=LINE COMPONENT=    
  IN RANGE         1 TO        150 STEP          1

      150  LINES (OF      150  DEFINED) SELECTED BY LSEL COMMAND.

 LINE CONNECTS KEYPOINTS     76    67
  LINE NO.=   151  KP1=     76  TAN1=    0.0000   1.0000   0.0000
                   KP2=     67  TAN2=    0.0000  -1.0000   0.0000

 SELECT       FOR ITEM=LINE COMPONENT=    
  IN RANGE       151 TO        151 STEP          1

        1  LINES (OF      151  DEFINED) SELECTED BY LSEL  COMMAND.

 DEFINITION OF COMPONENT = COLUMN_57  ENTITY=LINE

 ALL SELECT   FOR ITEM=LINE COMPONENT=    
  IN RANGE         1 TO        151 STEP          1

      151  LINES (OF      151  DEFINED) SELECTED BY LSEL COMMAND.

 LINE CONNECTS KEYPOINTS     67    66
  LINE NO.=   152  KP1=     67  TAN1=    0.0000   1.0000   0.0000
                   KP2=     66  TAN2=    0.0000  -1.0000   0.0000

 SELECT       FOR ITEM=LINE COMPONENT=    
  IN RANGE       152 TO        152 STEP          1

        1  LINES (OF      152  DEFINED) SELECTED BY LSEL  COMMAND.

 DEFINITION OF COMPONENT = COLUMN_58  ENTITY=LINE

 ALL SELECT   FOR ITEM=LINE COMPONENT=    
  IN RANGE         1 TO        152 STEP          1

      152  LINES (OF      152  DEFINED) SELECTED BY LSEL COMMAND.

 LINE CONNECTS KEYPOINTS     66    50
  LINE NO.=   153  KP1=     66  TAN1=    0.0000   1.0000   0.0000
                   KP2=     50  TAN2=    0.0000  -1.0000   0.0000

 SELECT       FOR ITEM=LINE COMPONENT=    
  IN RANGE       153 TO        153 STEP          1

        1  LINES (OF      153  DEFINED) SELECTED BY LSEL  COMMAND.

 DEFINITION OF COMPONENT = COLUMN_59  ENTITY=LINE

 ALL SELECT   FOR ITEM=LINE COMPONENT=    
  IN RANGE         1 TO        153 STEP          1

      153  LINES (OF      153  DEFINED) SELECTED BY LSEL COMMAND.

 LINE CONNECTS KEYPOINTS     50    64
  LINE NO.=   154  KP1=     50  TAN1=    0.0000   1.0000   0.0000
                   KP2=     64  TAN2=    0.0000  -1.0000   0.0000

 SELECT       FOR ITEM=LINE COMPONENT=    
  IN RANGE       154 TO        154 STEP          1

        1  LINES (OF      154  DEFINED) SELECTED BY LSEL  COMMAND.

 DEFINITION OF COMPONENT = COLUMN_60  ENTITY=LINE

 ALL SELECT   FOR ITEM=LINE COMPONENT=    
  IN RANGE         1 TO        154 STEP          1

      154  LINES (OF      154  DEFINED) SELECTED BY LSEL COMMAND.

 LINE CONNECTS KEYPOINTS     64    44
  LINE NO.=   155  KP1=     64  TAN1=    0.0000   1.0000   0.0000
                   KP2=     44  TAN2=    0.0000  -1.0000   0.0000

 SELECT       FOR ITEM=LINE COMPONENT=    
  IN RANGE       155 TO        155 STEP          1

        1  LINES (OF      155  DEFINED) SELECTED BY LSEL  COMMAND.

 DEFINITION OF COMPONENT = COLUMN_61  ENTITY=LINE

 ALL SELECT   FOR ITEM=LINE COMPONENT=    
  IN RANGE         1 TO        155 STEP          1

      155  LINES (OF      155  DEFINED) SELECTED BY LSEL COMMAND.

 LINE CONNECTS KEYPOINTS     44    48
  LINE NO.=   156  KP1=     44  TAN1=    0.0000   1.0000   0.0000
                   KP2=     48  TAN2=    0.0000  -1.0000   0.0000

 SELECT       FOR ITEM=LINE COMPONENT=    
  IN RANGE       156 TO        156 STEP          1

        1  LINES (OF      156  DEFINED) SELECTED BY LSEL  COMMAND.

 DEFINITION OF COMPONENT = COLUMN_62  ENTITY=LINE

 ALL SELECT   FOR ITEM=LINE COMPONENT=    
  IN RANGE         1 TO        156 STEP          1

      156  LINES (OF      156  DEFINED) SELECTED BY LSEL COMMAND.

 LINE CONNECTS KEYPOINTS     48    62
  LINE NO.=   157  KP1=     48  TAN1=    0.0000   1.0000   0.0000
                   KP2=     62  TAN2=    0.0000  -1.0000   0.0000

 SELECT       FOR ITEM=LINE COMPONENT=    
  IN RANGE       157 TO        157 STEP          1

        1  LINES (OF      157  DEFINED) SELECTED BY LSEL  COMMAND.

 DEFINITION OF COMPONENT = COLUMN_63  ENTITY=LINE

 ALL SELECT   FOR ITEM=LINE COMPONENT=    
  IN RANGE         1 TO        157 STEP          1

      157  LINES (OF      157  DEFINED) SELECTED BY LSEL COMMAND.

 LINE CONNECTS KEYPOINTS     57    46
  LINE NO.=   158  KP1=     57  TAN1=    0.0000   1.0000   0.0000
                   KP2=     46  TAN2=    0.0000  -1.0000   0.0000

 SELECT       FOR ITEM=LINE COMPONENT=    
  IN RANGE       158 TO        158 STEP          1

        1  LINES (OF      158  DEFINED) SELECTED BY LSEL  COMMAND.

 DEFINITION OF COMPONENT = COLUMN_64  ENTITY=LINE

 ALL SELECT   FOR ITEM=LINE COMPONENT=    
  IN RANGE         1 TO        158 STEP          1

      158  LINES (OF      158  DEFINED) SELECTED BY LSEL COMMAND.

 LINE CONNECTS KEYPOINTS     46    52
  LINE NO.=   159  KP1=     46  TAN1=    0.0000   1.0000   0.0000
                   KP2=     52  TAN2=    0.0000  -1.0000   0.0000

 SELECT       FOR ITEM=LINE COMPONENT=    
  IN RANGE       159 TO        159 STEP          1

        1  LINES (OF      159  DEFINED) SELECTED BY LSEL  COMMAND.

 DEFINITION OF COMPONENT = COLUMN_65  ENTITY=LINE

 ALL SELECT   FOR ITEM=LINE COMPONENT=    
  IN RANGE         1 TO        159 STEP          1

      159  LINES (OF      159  DEFINED) SELECTED BY LSEL COMMAND.

 LINE CONNECTS KEYPOINTS     52    61
  LINE NO.=   160  KP1=     52  TAN1=    0.0000   1.0000   0.0000
                   KP2=     61  TAN2=    0.0000  -1.0000   0.0000

 SELECT       FOR ITEM=LINE COMPONENT=    
  IN RANGE       160 TO        160 STEP          1

        1  LINES (OF      160  DEFINED) SELECTED BY LSEL  COMMAND.

 DEFINITION OF COMPONENT = COLUMN_66  ENTITY=LINE

 ALL SELECT   FOR ITEM=LINE COMPONENT=    
  IN RANGE         1 TO        160 STEP          1

      160  LINES (OF      160  DEFINED) SELECTED BY LSEL COMMAND.

 LINE CONNECTS KEYPOINTS     61    55
  LINE NO.=   161  KP1=     61  TAN1=    0.0000   1.0000   0.0000
                   KP2=     55  TAN2=    0.0000  -1.0000   0.0000

 SELECT       FOR ITEM=LINE COMPONENT=    
  IN RANGE       161 TO        161 STEP          1

        1  LINES (OF      161  DEFINED) SELECTED BY LSEL  COMMAND.

 DEFINITION OF COMPONENT = COLUMN_67  ENTITY=LINE

 ALL SELECT   FOR ITEM=LINE COMPONENT=    
  IN RANGE         1 TO        161 STEP          1

      161  LINES (OF      161  DEFINED) SELECTED BY LSEL COMMAND.

 LINE CONNECTS KEYPOINTS     62    59
  LINE NO.=   162  KP1=     62  TAN1=    0.0000   1.0000   0.0000
                   KP2=     59  TAN2=    0.0000  -1.0000   0.0000

 SELECT       FOR ITEM=LINE COMPONENT=    
  IN RANGE       162 TO        162 STEP          1

        1  LINES (OF      162  DEFINED) SELECTED BY LSEL  COMMAND.

 DEFINITION OF COMPONENT = COLUMN_68  ENTITY=LINE

 ALL SELECT   FOR ITEM=LINE COMPONENT=    
  IN RANGE         1 TO        162 STEP          1

      162  LINES (OF      162  DEFINED) SELECTED BY LSEL COMMAND.

 LINE CONNECTS KEYPOINTS     59    53
  LINE NO.=   163  KP1=     59  TAN1=    0.0000   1.0000   0.0000
                   KP2=     53  TAN2=    0.0000  -1.0000   0.0000

 SELECT       FOR ITEM=LINE COMPONENT=    
  IN RANGE       163 TO        163 STEP          1

        1  LINES (OF      163  DEFINED) SELECTED BY LSEL  COMMAND.

 DEFINITION OF COMPONENT = COLUMN_69  ENTITY=LINE

 ALL SELECT   FOR ITEM=LINE COMPONENT=    
  IN RANGE         1 TO        163 STEP          1

      163  LINES (OF      163  DEFINED) SELECTED BY LSEL COMMAND.

 LINE CONNECTS KEYPOINTS     53    24
  LINE NO.=   164  KP1=     53  TAN1=    0.0000   1.0000   0.0000
                   KP2=     24  TAN2=    0.0000  -1.0000   0.0000

 SELECT       FOR ITEM=LINE COMPONENT=    
  IN RANGE       164 TO        164 STEP          1

        1  LINES (OF      164  DEFINED) SELECTED BY LSEL  COMMAND.

 DEFINITION OF COMPONENT = COLUMN_70  ENTITY=LINE

 ALL SELECT   FOR ITEM=LINE COMPONENT=    
  IN RANGE         1 TO        164 STEP          1

      164  LINES (OF      164  DEFINED) SELECTED BY LSEL COMMAND.

 LINE CONNECTS KEYPOINTS     24    43
  LINE NO.=   165  KP1=     24  TAN1=    0.0000   1.0000   0.0000
                   KP2=     43  TAN2=    0.0000  -1.0000   0.0000

 SELECT       FOR ITEM=LINE COMPONENT=    
  IN RANGE       165 TO        165 STEP          1

        1  LINES (OF      165  DEFINED) SELECTED BY LSEL  COMMAND.

 DEFINITION OF COMPONENT = COLUMN_71  ENTITY=LINE

 ALL SELECT   FOR ITEM=LINE COMPONENT=    
  IN RANGE         1 TO        165 STEP          1

      165  LINES (OF      165  DEFINED) SELECTED BY LSEL COMMAND.

 LINE CONNECTS KEYPOINTS     34    35
  LINE NO.=   166  KP1=     34  TAN1=    0.0000  -1.0000   0.0000
                   KP2=     35  TAN2=    0.0000   1.0000   0.0000

 SELECT       FOR ITEM=LINE COMPONENT=    
  IN RANGE       166 TO        166 STEP          1

        1  LINES (OF      166  DEFINED) SELECTED BY LSEL  COMMAND.

 DEFINITION OF COMPONENT = COLUMN_72  ENTITY=LINE

 ALL SELECT   FOR ITEM=LINE COMPONENT=    
  IN RANGE         1 TO        166 STEP          1

      166  LINES (OF      166  DEFINED) SELECTED BY LSEL COMMAND.

 LINE CONNECTS KEYPOINTS     35    55
  LINE NO.=   167  KP1=     35  TAN1=    0.0000  -1.0000   0.0000
                   KP2=     55  TAN2=    0.0000   1.0000   0.0000

 SELECT       FOR ITEM=LINE COMPONENT=    
  IN RANGE       167 TO        167 STEP          1

        1  LINES (OF      167  DEFINED) SELECTED BY LSEL  COMMAND.

 DEFINITION OF COMPONENT = COLUMN_73  ENTITY=LINE

 ALL SELECT   FOR ITEM=LINE COMPONENT=    
  IN RANGE         1 TO        167 STEP          1

      167  LINES (OF      167  DEFINED) SELECTED BY LSEL COMMAND.

 LINE CONNECTS KEYPOINTS     34    37
  LINE NO.=   168  KP1=     34  TAN1=    0.0000   1.0000   0.0000
                   KP2=     37  TAN2=    0.0000  -1.0000   0.0000

 SELECT       FOR ITEM=LINE COMPONENT=    
  IN RANGE       168 TO        168 STEP          1

        1  LINES (OF      168  DEFINED) SELECTED BY LSEL  COMMAND.

 DEFINITION OF COMPONENT = COLUMN_74  ENTITY=LINE

 ALL SELECT   FOR ITEM=LINE COMPONENT=    
  IN RANGE         1 TO        168 STEP          1

      168  LINES (OF      168  DEFINED) SELECTED BY LSEL COMMAND.

 LINE CONNECTS KEYPOINTS     37    25
  LINE NO.=   169  KP1=     37  TAN1=    0.0000   1.0000   0.0000
                   KP2=     25  TAN2=    0.0000  -1.0000   0.0000

 SELECT       FOR ITEM=LINE COMPONENT=    
  IN RANGE       169 TO        169 STEP          1

        1  LINES (OF      169  DEFINED) SELECTED BY LSEL  COMMAND.

 DEFINITION OF COMPONENT = COLUMN_75  ENTITY=LINE

 ALL SELECT   FOR ITEM=LINE COMPONENT=    
  IN RANGE         1 TO        169 STEP          1

      169  LINES (OF      169  DEFINED) SELECTED BY LSEL COMMAND.

 LINE CONNECTS KEYPOINTS     25    41
  LINE NO.=   170  KP1=     25  TAN1=    0.0000   1.0000   0.0000
                   KP2=     41  TAN2=    0.0000  -1.0000   0.0000

 SELECT       FOR ITEM=LINE COMPONENT=    
  IN RANGE       170 TO        170 STEP          1

        1  LINES (OF      170  DEFINED) SELECTED BY LSEL  COMMAND.

 DEFINITION OF COMPONENT = COLUMN_76  ENTITY=LINE

 ALL SELECT   FOR ITEM=LINE COMPONENT=    
  IN RANGE         1 TO        170 STEP          1

      170  LINES (OF      170  DEFINED) SELECTED BY LSEL COMMAND.

 LINE CONNECTS KEYPOINTS     32    36
  LINE NO.=   171  KP1=     32  TAN1=    0.0000  -1.0000   0.0000
                   KP2=     36  TAN2=    0.0000   1.0000   0.0000

 SELECT       FOR ITEM=LINE COMPONENT=    
  IN RANGE       171 TO        171 STEP          1

        1  LINES (OF      171  DEFINED) SELECTED BY LSEL  COMMAND.

 DEFINITION OF COMPONENT = COLUMN_77  ENTITY=LINE

 ALL SELECT   FOR ITEM=LINE COMPONENT=    
  IN RANGE         1 TO        171 STEP          1

      171  LINES (OF      171  DEFINED) SELECTED BY LSEL COMMAND.

 LINE CONNECTS KEYPOINTS     36    33
  LINE NO.=   172  KP1=     36  TAN1=    0.0000  -1.0000   0.0000
                   KP2=     33  TAN2=    0.0000   1.0000   0.0000

 SELECT       FOR ITEM=LINE COMPONENT=    
  IN RANGE       172 TO        172 STEP          1

        1  LINES (OF      172  DEFINED) SELECTED BY LSEL  COMMAND.

 DEFINITION OF COMPONENT = COLUMN_78  ENTITY=LINE

 ALL SELECT   FOR ITEM=LINE COMPONENT=    
  IN RANGE         1 TO        172 STEP          1

      172  LINES (OF      172  DEFINED) SELECTED BY LSEL COMMAND.

 LINE CONNECTS KEYPOINTS     33    43
  LINE NO.=   173  KP1=     33  TAN1=    0.0000  -1.0000   0.0000
                   KP2=     43  TAN2=    0.0000   1.0000   0.0000

 SELECT       FOR ITEM=LINE COMPONENT=    
  IN RANGE       173 TO        173 STEP          1

        1  LINES (OF      173  DEFINED) SELECTED BY LSEL  COMMAND.

 DEFINITION OF COMPONENT = COLUMN_79  ENTITY=LINE

 ALL SELECT   FOR ITEM=LINE COMPONENT=    
  IN RANGE         1 TO        173 STEP          1

      173  LINES (OF      173  DEFINED) SELECTED BY LSEL COMMAND.

 LINE CONNECTS KEYPOINTS     32    27
  LINE NO.=   174  KP1=     32  TAN1=    0.0000   1.0000   0.0000
                   KP2=     27  TAN2=    0.0000  -1.0000   0.0000

 SELECT       FOR ITEM=LINE COMPONENT=    
  IN RANGE       174 TO        174 STEP          1

        1  LINES (OF      174  DEFINED) SELECTED BY LSEL  COMMAND.

 DEFINITION OF COMPONENT = COLUMN_80  ENTITY=LINE

 ALL SELECT   FOR ITEM=LINE COMPONENT=    
  IN RANGE         1 TO        174 STEP          1

      174  LINES (OF      174  DEFINED) SELECTED BY LSEL COMMAND.

 LINE CONNECTS KEYPOINTS     27    29
  LINE NO.=   175  KP1=     27  TAN1=    0.0000   1.0000   0.0000
                   KP2=     29  TAN2=    0.0000  -1.0000   0.0000

 SELECT       FOR ITEM=LINE COMPONENT=    
  IN RANGE       175 TO        175 STEP          1

        1  LINES (OF      175  DEFINED) SELECTED BY LSEL  COMMAND.

 DEFINITION OF COMPONENT = COLUMN_81  ENTITY=LINE

 ALL SELECT   FOR ITEM=LINE COMPONENT=    
  IN RANGE         1 TO        175 STEP          1

      175  LINES (OF      175  DEFINED) SELECTED BY LSEL COMMAND.

 LINE CONNECTS KEYPOINTS     41    31
  LINE NO.=   176  KP1=     41  TAN1=    0.0000   1.0000   0.0000
                   KP2=     31  TAN2=    0.0000  -1.0000   0.0000

 SELECT       FOR ITEM=LINE COMPONENT=    
  IN RANGE       176 TO        176 STEP          1

        1  LINES (OF      176  DEFINED) SELECTED BY LSEL  COMMAND.

 DEFINITION OF COMPONENT = COLUMN_82  ENTITY=LINE

 ALL SELECT   FOR ITEM=LINE COMPONENT=    
  IN RANGE         1 TO        176 STEP          1

      176  LINES (OF      176  DEFINED) SELECTED BY LSEL COMMAND.

 LINE CONNECTS KEYPOINTS     31    39
  LINE NO.=   177  KP1=     31  TAN1=    0.0000   1.0000   0.0000
                   KP2=     39  TAN2=    0.0000  -1.0000   0.0000

 SELECT       FOR ITEM=LINE COMPONENT=    
  IN RANGE       177 TO        177 STEP          1

        1  LINES (OF      177  DEFINED) SELECTED BY LSEL  COMMAND.

 DEFINITION OF COMPONENT = COLUMN_83  ENTITY=LINE

 ALL SELECT   FOR ITEM=LINE COMPONENT=    
  IN RANGE         1 TO        177 STEP          1

      177  LINES (OF      177  DEFINED) SELECTED BY LSEL COMMAND.

 LINE CONNECTS KEYPOINTS     39    22
  LINE NO.=   178  KP1=     39  TAN1=    0.0000   1.0000   0.0000
                   KP2=     22  TAN2=    0.0000  -1.0000   0.0000

 SELECT       FOR ITEM=LINE COMPONENT=    
  IN RANGE       178 TO        178 STEP          1

        1  LINES (OF      178  DEFINED) SELECTED BY LSEL  COMMAND.

 DEFINITION OF COMPONENT = COLUMN_84  ENTITY=LINE

 ALL SELECT   FOR ITEM=LINE COMPONENT=    
  IN RANGE         1 TO        178 STEP          1

      178  LINES (OF      178  DEFINED) SELECTED BY LSEL COMMAND.

 LINE CONNECTS KEYPOINTS     22    15
  LINE NO.=   179  KP1=     22  TAN1=    0.0000   1.0000   0.0000
                   KP2=     15  TAN2=    0.0000  -1.0000   0.0000

 SELECT       FOR ITEM=LINE COMPONENT=    
  IN RANGE       179 TO        179 STEP          1

        1  LINES (OF      179  DEFINED) SELECTED BY LSEL  COMMAND.

 DEFINITION OF COMPONENT = COLUMN_85  ENTITY=LINE

 ALL SELECT   FOR ITEM=LINE COMPONENT=    
  IN RANGE         1 TO        179 STEP          1

      179  LINES (OF      179  DEFINED) SELECTED BY LSEL COMMAND.

 LINE CONNECTS KEYPOINTS     29    21
  LINE NO.=   180  KP1=     29  TAN1=    0.0000   1.0000   0.0000
                   KP2=     21  TAN2=    0.0000  -1.0000   0.0000

 SELECT       FOR ITEM=LINE COMPONENT=    
  IN RANGE       180 TO        180 STEP          1

        1  LINES (OF      180  DEFINED) SELECTED BY LSEL  COMMAND.

 DEFINITION OF COMPONENT = COLUMN_86  ENTITY=LINE

 ALL SELECT   FOR ITEM=LINE COMPONENT=    
  IN RANGE         1 TO        180 STEP          1

      180  LINES (OF      180  DEFINED) SELECTED BY LSEL COMMAND.

 LINE CONNECTS KEYPOINTS     21    19
  LINE NO.=   181  KP1=     21  TAN1=    0.0000   1.0000   0.0000
                   KP2=     19  TAN2=    0.0000  -1.0000   0.0000

 SELECT       FOR ITEM=LINE COMPONENT=    
  IN RANGE       181 TO        181 STEP          1

        1  LINES (OF      181  DEFINED) SELECTED BY LSEL  COMMAND.

 DEFINITION OF COMPONENT = COLUMN_87  ENTITY=LINE

 ALL SELECT   FOR ITEM=LINE COMPONENT=    
  IN RANGE         1 TO        181 STEP          1

      181  LINES (OF      181  DEFINED) SELECTED BY LSEL COMMAND.

 LINE CONNECTS KEYPOINTS     19    14
  LINE NO.=   182  KP1=     19  TAN1=    0.0000   1.0000   0.0000
                   KP2=     14  TAN2=    0.0000  -1.0000   0.0000

 SELECT       FOR ITEM=LINE COMPONENT=    
  IN RANGE       182 TO        182 STEP          1

        1  LINES (OF      182  DEFINED) SELECTED BY LSEL  COMMAND.

 DEFINITION OF COMPONENT = COLUMN_88  ENTITY=LINE

 ALL SELECT   FOR ITEM=LINE COMPONENT=    
  IN RANGE         1 TO        182 STEP          1

      182  LINES (OF      182  DEFINED) SELECTED BY LSEL COMMAND.

 LINE CONNECTS KEYPOINTS     14    11
  LINE NO.=   183  KP1=     14  TAN1=    0.0000   1.0000   0.0000
                   KP2=     11  TAN2=    0.0000  -1.0000   0.0000

 SELECT       FOR ITEM=LINE COMPONENT=    
  IN RANGE       183 TO        183 STEP          1

        1  LINES (OF      183  DEFINED) SELECTED BY LSEL  COMMAND.

 DEFINITION OF COMPONENT = COLUMN_89  ENTITY=LINE

 ALL SELECT   FOR ITEM=LINE COMPONENT=    
  IN RANGE         1 TO        183 STEP          1

      183  LINES (OF      183  DEFINED) SELECTED BY LSEL COMMAND.

 LINE CONNECTS KEYPOINTS     11    10
  LINE NO.=   184  KP1=     11  TAN1=    0.0000   1.0000   0.0000
                   KP2=     10  TAN2=    0.0000  -1.0000   0.0000

 SELECT       FOR ITEM=LINE COMPONENT=    
  IN RANGE       184 TO        184 STEP          1

        1  LINES (OF      184  DEFINED) SELECTED BY LSEL  COMMAND.

 DEFINITION OF COMPONENT = COLUMN_90  ENTITY=LINE

 ALL SELECT   FOR ITEM=LINE COMPONENT=    
  IN RANGE         1 TO        184 STEP          1

      184  LINES (OF      184  DEFINED) SELECTED BY LSEL COMMAND.

 LINE CONNECTS KEYPOINTS     15    16
  LINE NO.=   185  KP1=     15  TAN1=    0.0000   1.0000   0.0000
                   KP2=     16  TAN2=    0.0000  -1.0000   0.0000

 SELECT       FOR ITEM=LINE COMPONENT=    
  IN RANGE       185 TO        185 STEP          1

        1  LINES (OF      185  DEFINED) SELECTED BY LSEL  COMMAND.

 DEFINITION OF COMPONENT = COLUMN_91  ENTITY=LINE

 ALL SELECT   FOR ITEM=LINE COMPONENT=    
  IN RANGE         1 TO        185 STEP          1

      185  LINES (OF      185  DEFINED) SELECTED BY LSEL COMMAND.

 LINE CONNECTS KEYPOINTS     16    12
  LINE NO.=   186  KP1=     16  TAN1=    0.0000   1.0000   0.0000
                   KP2=     12  TAN2=    0.0000  -1.0000   0.0000

 SELECT       FOR ITEM=LINE COMPONENT=    
  IN RANGE       186 TO        186 STEP          1

        1  LINES (OF      186  DEFINED) SELECTED BY LSEL  COMMAND.

 DEFINITION OF COMPONENT = COLUMN_92  ENTITY=LINE

 ALL SELECT   FOR ITEM=LINE COMPONENT=    
  IN RANGE         1 TO        186 STEP          1

      186  LINES (OF      186  DEFINED) SELECTED BY LSEL COMMAND.

 LINE CONNECTS KEYPOINTS     12     8
  LINE NO.=   187  KP1=     12  TAN1=    0.0000   1.0000   0.0000
                   KP2=      8  TAN2=    0.0000  -1.0000   0.0000

 SELECT       FOR ITEM=LINE COMPONENT=    
  IN RANGE       187 TO        187 STEP          1

        1  LINES (OF      187  DEFINED) SELECTED BY LSEL  COMMAND.

 DEFINITION OF COMPONENT = COLUMN_93  ENTITY=LINE

 ALL SELECT   FOR ITEM=LINE COMPONENT=    
  IN RANGE         1 TO        187 STEP          1

      187  LINES (OF      187  DEFINED) SELECTED BY LSEL COMMAND.

 LINE CONNECTS KEYPOINTS      8     9
  LINE NO.=   188  KP1=      8  TAN1=    0.0000   1.0000   0.0000
                   KP2=      9  TAN2=    0.0000  -1.0000   0.0000

 SELECT       FOR ITEM=LINE COMPONENT=    
  IN RANGE       188 TO        188 STEP          1

        1  LINES (OF      188  DEFINED) SELECTED BY LSEL  COMMAND.

 DEFINITION OF COMPONENT = COLUMN_94  ENTITY=LINE

 ALL SELECT   FOR ITEM=LINE COMPONENT=    
  IN RANGE         1 TO        188 STEP          1

      188  LINES (OF      188  DEFINED) SELECTED BY LSEL COMMAND.

 LINE CONNECTS KEYPOINTS      9     1
  LINE NO.=   189  KP1=      9  TAN1=    0.0000   1.0000   0.0000
                   KP2=      1  TAN2=    0.0000  -1.0000   0.0000

 SELECT       FOR ITEM=LINE COMPONENT=    
  IN RANGE       189 TO        189 STEP          1

        1  LINES (OF      189  DEFINED) SELECTED BY LSEL  COMMAND.

 DEFINITION OF COMPONENT = COLUMN_95  ENTITY=LINE

 ALL SELECT   FOR ITEM=LINE COMPONENT=    
  IN RANGE         1 TO        189 STEP          1

      189  LINES (OF      189  DEFINED) SELECTED BY LSEL COMMAND.

 LINE CONNECTS KEYPOINTS     10     4
  LINE NO.=   190  KP1=     10  TAN1=    0.0000   1.0000   0.0000
                   KP2=      4  TAN2=    0.0000  -1.0000   0.0000

 SELECT       FOR ITEM=LINE COMPONENT=    
  IN RANGE       190 TO        190 STEP          1

        1  LINES (OF      190  DEFINED) SELECTED BY LSEL  COMMAND.

 DEFINITION OF COMPONENT = COLUMN_96  ENTITY=LINE

 ALL SELECT   FOR ITEM=LINE COMPONENT=    
  IN RANGE         1 TO        190 STEP          1

      190  LINES (OF      190  DEFINED) SELECTED BY LSEL COMMAND.

 LINE CONNECTS KEYPOINTS      4     2
  LINE NO.=   191  KP1=      4  TAN1=    0.0000   1.0000   0.0000
                   KP2=      2  TAN2=    0.0000  -1.0000   0.0000

 SELECT       FOR ITEM=LINE COMPONENT=    
  IN RANGE       191 TO        191 STEP          1

        1  LINES (OF      191  DEFINED) SELECTED BY LSEL  COMMAND.

 DEFINITION OF COMPONENT = COLUMN_97  ENTITY=LINE

 ALL SELECT   FOR ITEM=LINE COMPONENT=    
  IN RANGE         1 TO        191 STEP          1

      191  LINES (OF      191  DEFINED) SELECTED BY LSEL COMMAND.

 KEYPOINT      118                  X,Y,Z=  -101.036       0.00000      -175.000      IN CSYS=        0

 LINE CONNECTS KEYPOINTS    118     2
  LINE NO.=   192  KP1=    118  TAN1=    0.0000  -1.0000   0.0000
                   KP2=      2  TAN2=    0.0000   1.0000   0.0000

 SELECT       FOR ITEM=LINE COMPONENT=    
  IN RANGE       192 TO        192 STEP          1

        1  LINES (OF      192  DEFINED) SELECTED BY LSEL  COMMAND.

 DEFINITION OF COMPONENT = COLUMN_98  ENTITY=LINE

 ALL SELECT   FOR ITEM=LINE COMPONENT=    
  IN RANGE         1 TO        192 STEP          1

      192  LINES (OF      192  DEFINED) SELECTED BY LSEL COMMAND.

 KEYPOINT      119                  X,Y,Z=   202.073       0.00000       0.00000      IN CSYS=        0

 LINE CONNECTS KEYPOINTS      1   119
  LINE NO.=   193  KP1=      1  TAN1=    0.0000   1.0000   0.0000
                   KP2=    119  TAN2=    0.0000  -1.0000   0.0000

 SELECT       FOR ITEM=LINE COMPONENT=    
  IN RANGE       193 TO        193 STEP          1

        1  LINES (OF      193  DEFINED) SELECTED BY LSEL  COMMAND.

 DEFINITION OF COMPONENT = COLUMN_99  ENTITY=LINE

 ALL SELECT   FOR ITEM=LINE COMPONENT=    
  IN RANGE         1 TO        193 STEP          1

      193  LINES (OF      193  DEFINED) SELECTED BY LSEL COMMAND.

 LINE CONNECTS KEYPOINTS     57    45
  LINE NO.=   194  KP1=     57  TAN1=    0.0000  -1.0000   0.0000
                   KP2=     45  TAN2=    0.0000   1.0000   0.0000

 SELECT       FOR ITEM=LINE COMPONENT=    
  IN RANGE       194 TO        194 STEP          1

        1  LINES (OF      194  DEFINED) SELECTED BY LSEL  COMMAND.

 DEFINITION OF COMPONENT = COLUMN_100  ENTITY=LINE

 ALL SELECT   FOR ITEM=LINE COMPONENT=    
  IN RANGE         1 TO        194 STEP          1

      194  LINES (OF      194  DEFINED) SELECTED BY LSEL COMMAND.

 LINE CONNECTS KEYPOINTS     49    45
  LINE NO.=   195  KP1=     49  TAN1=    0.0000   1.0000   0.0000
                   KP2=     45  TAN2=    0.0000  -1.0000   0.0000

 SELECT       FOR ITEM=LINE COMPONENT=    
  IN RANGE       195 TO        195 STEP          1

        1  LINES (OF      195  DEFINED) SELECTED BY LSEL  COMMAND.

 DEFINITION OF COMPONENT = COLUMN_101  ENTITY=LINE

 ALL SELECT   FOR ITEM=LINE COMPONENT=    
  IN RANGE         1 TO        195 STEP          1

      195  LINES (OF      195  DEFINED) SELECTED BY LSEL COMMAND.

 LINE CONNECTS KEYPOINTS     49    65
  LINE NO.=   196  KP1=     49  TAN1=    0.0000  -1.0000   0.0000
                   KP2=     65  TAN2=    0.0000   1.0000   0.0000

 SELECT       FOR ITEM=LINE COMPONENT=    
  IN RANGE       196 TO        196 STEP          1

        1  LINES (OF      196  DEFINED) SELECTED BY LSEL  COMMAND.

 DEFINITION OF COMPONENT = COLUMN_102  ENTITY=LINE

 ALL SELECT   FOR ITEM=LINE COMPONENT=    
  IN RANGE         1 TO        196 STEP          1

      196  LINES (OF      196  DEFINED) SELECTED BY LSEL COMMAND.

 LINE CONNECTS KEYPOINTS     65    75
  LINE NO.=   197  KP1=     65  TAN1=    0.0000  -1.0000   0.0000
                   KP2=     75  TAN2=    0.0000   1.0000   0.0000

 SELECT       FOR ITEM=LINE COMPONENT=    
  IN RANGE       197 TO        197 STEP          1

        1  LINES (OF      197  DEFINED) SELECTED BY LSEL  COMMAND.

 DEFINITION OF COMPONENT = COLUMN_103  ENTITY=LINE

 ALL SELECT   FOR ITEM=LINE COMPONENT=    
  IN RANGE         1 TO        197 STEP          1

      197  LINES (OF      197  DEFINED) SELECTED BY LSEL COMMAND.

 LINE CONNECTS KEYPOINTS     80    75
  LINE NO.=   198  KP1=     80  TAN1=    0.0000   1.0000   0.0000
                   KP2=     75  TAN2=    0.0000  -1.0000   0.0000

 SELECT       FOR ITEM=LINE COMPONENT=    
  IN RANGE       198 TO        198 STEP          1

        1  LINES (OF      198  DEFINED) SELECTED BY LSEL  COMMAND.

 DEFINITION OF COMPONENT = COLUMN_104  ENTITY=LINE

 ALL SELECT   FOR ITEM=LINE COMPONENT=    
  IN RANGE         1 TO        198 STEP          1

      198  LINES (OF      198  DEFINED) SELECTED BY LSEL COMMAND.

 LINE CONNECTS KEYPOINTS     81    78
  LINE NO.=   199  KP1=     81  TAN1=    0.0000   1.0000   0.0000
                   KP2=     78  TAN2=    0.0000  -1.0000   0.0000

 SELECT       FOR ITEM=LINE COMPONENT=    
  IN RANGE       199 TO        199 STEP          1

        1  LINES (OF      199  DEFINED) SELECTED BY LSEL  COMMAND.

 DEFINITION OF COMPONENT = COLUMN_105  ENTITY=LINE

 ALL SELECT   FOR ITEM=LINE COMPONENT=    
  IN RANGE         1 TO        199 STEP          1

      199  LINES (OF      199  DEFINED) SELECTED BY LSEL COMMAND.

 LINE CONNECTS KEYPOINTS     78    80
  LINE NO.=   200  KP1=     78  TAN1=    0.0000   1.0000   0.0000
                   KP2=     80  TAN2=    0.0000  -1.0000   0.0000

 SELECT       FOR ITEM=LINE COMPONENT=    
  IN RANGE       200 TO        200 STEP          1

        1  LINES (OF      200  DEFINED) SELECTED BY LSEL  COMMAND.

 DEFINITION OF COMPONENT = COLUMN_106  ENTITY=LINE

 ALL SELECT   FOR ITEM=LINE COMPONENT=    
  IN RANGE         1 TO        200 STEP          1

      200  LINES (OF      200  DEFINED) SELECTED BY LSEL COMMAND.

 LINE CONNECTS KEYPOINTS     81    84
  LINE NO.=   201  KP1=     81  TAN1=    0.0000  -1.0000   0.0000
                   KP2=     84  TAN2=    0.0000   1.0000   0.0000

 SELECT       FOR ITEM=LINE COMPONENT=    
  IN RANGE       201 TO        201 STEP          1

        1  LINES (OF      201  DEFINED) SELECTED BY LSEL  COMMAND.

 DEFINITION OF COMPONENT = COLUMN_107  ENTITY=LINE

 ALL SELECT   FOR ITEM=LINE COMPONENT=    
  IN RANGE         1 TO        201 STEP          1

      201  LINES (OF      201  DEFINED) SELECTED BY LSEL COMMAND.

 LINE CONNECTS KEYPOINTS     84    77
  LINE NO.=   202  KP1=     84  TAN1=    0.0000  -1.0000   0.0000
                   KP2=     77  TAN2=    0.0000   1.0000   0.0000

 SELECT       FOR ITEM=LINE COMPONENT=    
  IN RANGE       202 TO        202 STEP          1

        1  LINES (OF      202  DEFINED) SELECTED BY LSEL  COMMAND.

 DEFINITION OF COMPONENT = COLUMN_108  ENTITY=LINE

 ALL SELECT   FOR ITEM=LINE COMPONENT=    
  IN RANGE         1 TO        202 STEP          1

      202  LINES (OF      202  DEFINED) SELECTED BY LSEL COMMAND.

 LINE CONNECTS KEYPOINTS     77   106
  LINE NO.=   203  KP1=     77  TAN1=    0.0000  -1.0000   0.0000
                   KP2=    106  TAN2=    0.0000   1.0000   0.0000

 SELECT       FOR ITEM=LINE COMPONENT=    
  IN RANGE       203 TO        203 STEP          1

        1  LINES (OF      203  DEFINED) SELECTED BY LSEL  COMMAND.

 DEFINITION OF COMPONENT = COLUMN_109  ENTITY=LINE

 ALL SELECT   FOR ITEM=LINE COMPONENT=    
  IN RANGE         1 TO        203 STEP          1

      203  LINES (OF      203  DEFINED) SELECTED BY LSEL COMMAND.

 LINE CONNECTS KEYPOINTS    106    90
  LINE NO.=   204  KP1=    106  TAN1=    0.0000  -1.0000   0.0000
                   KP2=     90  TAN2=    0.0000   1.0000   0.0000

 SELECT       FOR ITEM=LINE COMPONENT=    
  IN RANGE       204 TO        204 STEP          1

        1  LINES (OF      204  DEFINED) SELECTED BY LSEL  COMMAND.

 DEFINITION OF COMPONENT = COLUMN_110  ENTITY=LINE

 ALL SELECT   FOR ITEM=LINE COMPONENT=    
  IN RANGE         1 TO        204 STEP          1

      204  LINES (OF      204  DEFINED) SELECTED BY LSEL COMMAND.

 LINE CONNECTS KEYPOINTS     90   102
  LINE NO.=   205  KP1=     90  TAN1=    0.0000  -1.0000   0.0000
                   KP2=    102  TAN2=    0.0000   1.0000   0.0000

 SELECT       FOR ITEM=LINE COMPONENT=    
  IN RANGE       205 TO        205 STEP          1

        1  LINES (OF      205  DEFINED) SELECTED BY LSEL  COMMAND.

 DEFINITION OF COMPONENT = COLUMN_111  ENTITY=LINE

 ALL SELECT   FOR ITEM=LINE COMPONENT=    
  IN RANGE         1 TO        205 STEP          1

      205  LINES (OF      205  DEFINED) SELECTED BY LSEL COMMAND.

 DEFAULT ELEMENT DIVISIONS PER LINE BASED ON ELEMENT SIZE =   100.    

 SECTION ID NUMBER=        1

 ALL SELECT   FOR ITEM=LINE COMPONENT=    
  IN RANGE         1 TO        205 STEP          1

      205  LINES (OF      205  DEFINED) SELECTED BY LSEL COMMAND.

 SELECT       FOR ITEM=LINE COMPONENT=    
  IN RANGE         5 TO          5 STEP          1

        1  LINES (OF      205  DEFINED) SELECTED BY LSEL  COMMAND.

 ALSO SELECT  FOR ITEM=LINE COMPONENT=    
  IN RANGE        21 TO         21 STEP          1

        2  LINES (OF      205  DEFINED) SELECTED BY LSEL COMMAND.

 ALSO SELECT  FOR ITEM=LINE COMPONENT=    
  IN RANGE        35 TO         35 STEP          1

        3  LINES (OF      205  DEFINED) SELECTED BY LSEL COMMAND.

 ALSO SELECT  FOR ITEM=LINE COMPONENT=    
  IN RANGE        55 TO         55 STEP          1

        4  LINES (OF      205  DEFINED) SELECTED BY LSEL COMMAND.

 ALSO SELECT  FOR ITEM=LINE COMPONENT=    
  IN RANGE        71 TO         71 STEP          1

        5  LINES (OF      205  DEFINED) SELECTED BY LSEL COMMAND.

 ALSO SELECT  FOR ITEM=LINE COMPONENT=    
  IN RANGE        81 TO         81 STEP          1

        6  LINES (OF      205  DEFINED) SELECTED BY LSEL COMMAND.

 ALSO SELECT  FOR ITEM=LINE COMPONENT=    
  IN RANGE        83 TO         83 STEP          1

        7  LINES (OF      205  DEFINED) SELECTED BY LSEL COMMAND.

 ALSO SELECT  FOR ITEM=LINE COMPONENT=    
  IN RANGE        85 TO         85 STEP          1

        8  LINES (OF      205  DEFINED) SELECTED BY LSEL COMMAND.

 ALSO SELECT  FOR ITEM=LINE COMPONENT=    
  IN RANGE       103 TO        103 STEP          1

        9  LINES (OF      205  DEFINED) SELECTED BY LSEL COMMAND.

 ALSO SELECT  FOR ITEM=LINE COMPONENT=    
  IN RANGE       104 TO        104 STEP          1

       10  LINES (OF      205  DEFINED) SELECTED BY LSEL COMMAND.

 ALSO SELECT  FOR ITEM=LINE COMPONENT=    
  IN RANGE       105 TO        105 STEP          1

       11  LINES (OF      205  DEFINED) SELECTED BY LSEL COMMAND.

 ALSO SELECT  FOR ITEM=LINE COMPONENT=    
  IN RANGE       106 TO        106 STEP          1

       12  LINES (OF      205  DEFINED) SELECTED BY LSEL COMMAND.

 ALSO SELECT  FOR ITEM=LINE COMPONENT=    
  IN RANGE       107 TO        107 STEP          1

       13  LINES (OF      205  DEFINED) SELECTED BY LSEL COMMAND.

 ALSO SELECT  FOR ITEM=LINE COMPONENT=    
  IN RANGE       108 TO        108 STEP          1

       14  LINES (OF      205  DEFINED) SELECTED BY LSEL COMMAND.

 ALSO SELECT  FOR ITEM=LINE COMPONENT=    
  IN RANGE       109 TO        109 STEP          1

       15  LINES (OF      205  DEFINED) SELECTED BY LSEL COMMAND.

 ALSO SELECT  FOR ITEM=LINE COMPONENT=    
  IN RANGE       110 TO        110 STEP          1

       16  LINES (OF      205  DEFINED) SELECTED BY LSEL COMMAND.

 ALSO SELECT  FOR ITEM=LINE COMPONENT=    
  IN RANGE       111 TO        111 STEP          1

       17  LINES (OF      205  DEFINED) SELECTED BY LSEL COMMAND.

 ALSO SELECT  FOR ITEM=LINE COMPONENT=    
  IN RANGE       112 TO        112 STEP          1

       18  LINES (OF      205  DEFINED) SELECTED BY LSEL COMMAND.

 ALSO SELECT  FOR ITEM=LINE COMPONENT=    
  IN RANGE       113 TO        113 STEP          1

       19  LINES (OF      205  DEFINED) SELECTED BY LSEL COMMAND.

 ALSO SELECT  FOR ITEM=LINE COMPONENT=    
  IN RANGE       114 TO        114 STEP          1

       20  LINES (OF      205  DEFINED) SELECTED BY LSEL COMMAND.

 ALSO SELECT  FOR ITEM=LINE COMPONENT=    
  IN RANGE       115 TO        115 STEP          1

       21  LINES (OF      205  DEFINED) SELECTED BY LSEL COMMAND.

 ALSO SELECT  FOR ITEM=LINE COMPONENT=    
  IN RANGE       116 TO        116 STEP          1

       22  LINES (OF      205  DEFINED) SELECTED BY LSEL COMMAND.

 ALSO SELECT  FOR ITEM=LINE COMPONENT=    
  IN RANGE       117 TO        117 STEP          1

       23  LINES (OF      205  DEFINED) SELECTED BY LSEL COMMAND.

 ALSO SELECT  FOR ITEM=LINE COMPONENT=    
  IN RANGE       118 TO        118 STEP          1

       24  LINES (OF      205  DEFINED) SELECTED BY LSEL COMMAND.

 ALSO SELECT  FOR ITEM=LINE COMPONENT=    
  IN RANGE       119 TO        119 STEP          1

       25  LINES (OF      205  DEFINED) SELECTED BY LSEL COMMAND.

 ALSO SELECT  FOR ITEM=LINE COMPONENT=    
  IN RANGE       120 TO        120 STEP          1

       26  LINES (OF      205  DEFINED) SELECTED BY LSEL COMMAND.

 ALSO SELECT  FOR ITEM=LINE COMPONENT=    
  IN RANGE       121 TO        121 STEP          1

       27  LINES (OF      205  DEFINED) SELECTED BY LSEL COMMAND.

 ALSO SELECT  FOR ITEM=LINE COMPONENT=    
  IN RANGE       122 TO        122 STEP          1

       28  LINES (OF      205  DEFINED) SELECTED BY LSEL COMMAND.

 ALSO SELECT  FOR ITEM=LINE COMPONENT=    
  IN RANGE       123 TO        123 STEP          1

       29  LINES (OF      205  DEFINED) SELECTED BY LSEL COMMAND.

 ALSO SELECT  FOR ITEM=LINE COMPONENT=    
  IN RANGE       124 TO        124 STEP          1

       30  LINES (OF      205  DEFINED) SELECTED BY LSEL COMMAND.

 ALSO SELECT  FOR ITEM=LINE COMPONENT=    
  IN RANGE       125 TO        125 STEP          1

       31  LINES (OF      205  DEFINED) SELECTED BY LSEL COMMAND.

 ALSO SELECT  FOR ITEM=LINE COMPONENT=    
  IN RANGE       126 TO        126 STEP          1

       32  LINES (OF      205  DEFINED) SELECTED BY LSEL COMMAND.

 ALSO SELECT  FOR ITEM=LINE COMPONENT=    
  IN RANGE       127 TO        127 STEP          1

       33  LINES (OF      205  DEFINED) SELECTED BY LSEL COMMAND.

 ALSO SELECT  FOR ITEM=LINE COMPONENT=    
  IN RANGE       128 TO        128 STEP          1

       34  LINES (OF      205  DEFINED) SELECTED BY LSEL COMMAND.

 ALSO SELECT  FOR ITEM=LINE COMPONENT=    
  IN RANGE       129 TO        129 STEP          1

       35  LINES (OF      205  DEFINED) SELECTED BY LSEL COMMAND.

 ALSO SELECT  FOR ITEM=LINE COMPONENT=    
  IN RANGE       130 TO        130 STEP          1

       36  LINES (OF      205  DEFINED) SELECTED BY LSEL COMMAND.

 ALSO SELECT  FOR ITEM=LINE COMPONENT=    
  IN RANGE       131 TO        131 STEP          1

       37  LINES (OF      205  DEFINED) SELECTED BY LSEL COMMAND.

 ALSO SELECT  FOR ITEM=LINE COMPONENT=    
  IN RANGE       132 TO        132 STEP          1

       38  LINES (OF      205  DEFINED) SELECTED BY LSEL COMMAND.

 ALSO SELECT  FOR ITEM=LINE COMPONENT=    
  IN RANGE       133 TO        133 STEP          1

       39  LINES (OF      205  DEFINED) SELECTED BY LSEL COMMAND.

 ALSO SELECT  FOR ITEM=LINE COMPONENT=    
  IN RANGE       134 TO        134 STEP          1

       40  LINES (OF      205  DEFINED) SELECTED BY LSEL COMMAND.

 ALSO SELECT  FOR ITEM=LINE COMPONENT=    
  IN RANGE       135 TO        135 STEP          1

       41  LINES (OF      205  DEFINED) SELECTED BY LSEL COMMAND.

 ALSO SELECT  FOR ITEM=LINE COMPONENT=    
  IN RANGE       136 TO        136 STEP          1

       42  LINES (OF      205  DEFINED) SELECTED BY LSEL COMMAND.

 ALSO SELECT  FOR ITEM=LINE COMPONENT=    
  IN RANGE       137 TO        137 STEP          1

       43  LINES (OF      205  DEFINED) SELECTED BY LSEL COMMAND.

 ALSO SELECT  FOR ITEM=LINE COMPONENT=    
  IN RANGE       138 TO        138 STEP          1

       44  LINES (OF      205  DEFINED) SELECTED BY LSEL COMMAND.

 ALSO SELECT  FOR ITEM=LINE COMPONENT=    
  IN RANGE       139 TO        139 STEP          1

       45  LINES (OF      205  DEFINED) SELECTED BY LSEL COMMAND.

 ALSO SELECT  FOR ITEM=LINE COMPONENT=    
  IN RANGE       140 TO        140 STEP          1

       46  LINES (OF      205  DEFINED) SELECTED BY LSEL COMMAND.

 ALSO SELECT  FOR ITEM=LINE COMPONENT=    
  IN RANGE       141 TO        141 STEP          1

       47  LINES (OF      205  DEFINED) SELECTED BY LSEL COMMAND.

 ALSO SELECT  FOR ITEM=LINE COMPONENT=    
  IN RANGE       142 TO        142 STEP          1

       48  LINES (OF      205  DEFINED) SELECTED BY LSEL COMMAND.

 ALSO SELECT  FOR ITEM=LINE COMPONENT=    
  IN RANGE       143 TO        143 STEP          1

       49  LINES (OF      205  DEFINED) SELECTED BY LSEL COMMAND.

 ALSO SELECT  FOR ITEM=LINE COMPONENT=    
  IN RANGE       144 TO        144 STEP          1

       50  LINES (OF      205  DEFINED) SELECTED BY LSEL COMMAND.

 ALSO SELECT  FOR ITEM=LINE COMPONENT=    
  IN RANGE       145 TO        145 STEP          1

       51  LINES (OF      205  DEFINED) SELECTED BY LSEL COMMAND.

 ALSO SELECT  FOR ITEM=LINE COMPONENT=    
  IN RANGE       146 TO        146 STEP          1

       52  LINES (OF      205  DEFINED) SELECTED BY LSEL COMMAND.

 ALSO SELECT  FOR ITEM=LINE COMPONENT=    
  IN RANGE       147 TO        147 STEP          1

       53  LINES (OF      205  DEFINED) SELECTED BY LSEL COMMAND.

 ALSO SELECT  FOR ITEM=LINE COMPONENT=    
  IN RANGE       148 TO        148 STEP          1

       54  LINES (OF      205  DEFINED) SELECTED BY LSEL COMMAND.

 ALSO SELECT  FOR ITEM=LINE COMPONENT=    
  IN RANGE       149 TO        149 STEP          1

       55  LINES (OF      205  DEFINED) SELECTED BY LSEL COMMAND.

 ALSO SELECT  FOR ITEM=LINE COMPONENT=    
  IN RANGE       150 TO        150 STEP          1

       56  LINES (OF      205  DEFINED) SELECTED BY LSEL COMMAND.

 ALSO SELECT  FOR ITEM=LINE COMPONENT=    
  IN RANGE       151 TO        151 STEP          1

       57  LINES (OF      205  DEFINED) SELECTED BY LSEL COMMAND.

 ALSO SELECT  FOR ITEM=LINE COMPONENT=    
  IN RANGE       152 TO        152 STEP          1

       58  LINES (OF      205  DEFINED) SELECTED BY LSEL COMMAND.

 ALSO SELECT  FOR ITEM=LINE COMPONENT=    
  IN RANGE       153 TO        153 STEP          1

       59  LINES (OF      205  DEFINED) SELECTED BY LSEL COMMAND.

 ALSO SELECT  FOR ITEM=LINE COMPONENT=    
  IN RANGE       154 TO        154 STEP          1

       60  LINES (OF      205  DEFINED) SELECTED BY LSEL COMMAND.

 ALSO SELECT  FOR ITEM=LINE COMPONENT=    
  IN RANGE       155 TO        155 STEP          1

       61  LINES (OF      205  DEFINED) SELECTED BY LSEL COMMAND.

 ALSO SELECT  FOR ITEM=LINE COMPONENT=    
  IN RANGE       156 TO        156 STEP          1

       62  LINES (OF      205  DEFINED) SELECTED BY LSEL COMMAND.

 ALSO SELECT  FOR ITEM=LINE COMPONENT=    
  IN RANGE       157 TO        157 STEP          1

       63  LINES (OF      205  DEFINED) SELECTED BY LSEL COMMAND.

 ALSO SELECT  FOR ITEM=LINE COMPONENT=    
  IN RANGE       158 TO        158 STEP          1

       64  LINES (OF      205  DEFINED) SELECTED BY LSEL COMMAND.

 ALSO SELECT  FOR ITEM=LINE COMPONENT=    
  IN RANGE       159 TO        159 STEP          1

       65  LINES (OF      205  DEFINED) SELECTED BY LSEL COMMAND.

 ALSO SELECT  FOR ITEM=LINE COMPONENT=    
  IN RANGE       160 TO        160 STEP          1

       66  LINES (OF      205  DEFINED) SELECTED BY LSEL COMMAND.

 ALSO SELECT  FOR ITEM=LINE COMPONENT=    
  IN RANGE       161 TO        161 STEP          1

       67  LINES (OF      205  DEFINED) SELECTED BY LSEL COMMAND.

 ALSO SELECT  FOR ITEM=LINE COMPONENT=    
  IN RANGE       162 TO        162 STEP          1

       68  LINES (OF      205  DEFINED) SELECTED BY LSEL COMMAND.

 ALSO SELECT  FOR ITEM=LINE COMPONENT=    
  IN RANGE       163 TO        163 STEP          1

       69  LINES (OF      205  DEFINED) SELECTED BY LSEL COMMAND.

 ALSO SELECT  FOR ITEM=LINE COMPONENT=    
  IN RANGE       164 TO        164 STEP          1

       70  LINES (OF      205  DEFINED) SELECTED BY LSEL COMMAND.

 ALSO SELECT  FOR ITEM=LINE COMPONENT=    
  IN RANGE       165 TO        165 STEP          1

       71  LINES (OF      205  DEFINED) SELECTED BY LSEL COMMAND.

 ALSO SELECT  FOR ITEM=LINE COMPONENT=    
  IN RANGE       166 TO        166 STEP          1

       72  LINES (OF      205  DEFINED) SELECTED BY LSEL COMMAND.

 ALSO SELECT  FOR ITEM=LINE COMPONENT=    
  IN RANGE       167 TO        167 STEP          1

       73  LINES (OF      205  DEFINED) SELECTED BY LSEL COMMAND.

 ALSO SELECT  FOR ITEM=LINE COMPONENT=    
  IN RANGE       168 TO        168 STEP          1

       74  LINES (OF      205  DEFINED) SELECTED BY LSEL COMMAND.

 ALSO SELECT  FOR ITEM=LINE COMPONENT=    
  IN RANGE       169 TO        169 STEP          1

       75  LINES (OF      205  DEFINED) SELECTED BY LSEL COMMAND.

 ALSO SELECT  FOR ITEM=LINE COMPONENT=    
  IN RANGE       170 TO        170 STEP          1

       76  LINES (OF      205  DEFINED) SELECTED BY LSEL COMMAND.

 ALSO SELECT  FOR ITEM=LINE COMPONENT=    
  IN RANGE       171 TO        171 STEP          1

       77  LINES (OF      205  DEFINED) SELECTED BY LSEL COMMAND.

 ALSO SELECT  FOR ITEM=LINE COMPONENT=    
  IN RANGE       172 TO        172 STEP          1

       78  LINES (OF      205  DEFINED) SELECTED BY LSEL COMMAND.

 ALSO SELECT  FOR ITEM=LINE COMPONENT=    
  IN RANGE       173 TO        173 STEP          1

       79  LINES (OF      205  DEFINED) SELECTED BY LSEL COMMAND.

 ALSO SELECT  FOR ITEM=LINE COMPONENT=    
  IN RANGE       174 TO        174 STEP          1

       80  LINES (OF      205  DEFINED) SELECTED BY LSEL COMMAND.

 ALSO SELECT  FOR ITEM=LINE COMPONENT=    
  IN RANGE       175 TO        175 STEP          1

       81  LINES (OF      205  DEFINED) SELECTED BY LSEL COMMAND.

 ALSO SELECT  FOR ITEM=LINE COMPONENT=    
  IN RANGE       176 TO        176 STEP          1

       82  LINES (OF      205  DEFINED) SELECTED BY LSEL COMMAND.

 ALSO SELECT  FOR ITEM=LINE COMPONENT=    
  IN RANGE       177 TO        177 STEP          1

       83  LINES (OF      205  DEFINED) SELECTED BY LSEL COMMAND.

 ALSO SELECT  FOR ITEM=LINE COMPONENT=    
  IN RANGE       178 TO        178 STEP          1

       84  LINES (OF      205  DEFINED) SELECTED BY LSEL COMMAND.

 ALSO SELECT  FOR ITEM=LINE COMPONENT=    
  IN RANGE       179 TO        179 STEP          1

       85  LINES (OF      205  DEFINED) SELECTED BY LSEL COMMAND.

 ALSO SELECT  FOR ITEM=LINE COMPONENT=    
  IN RANGE       180 TO        180 STEP          1

       86  LINES (OF      205  DEFINED) SELECTED BY LSEL COMMAND.

 ALSO SELECT  FOR ITEM=LINE COMPONENT=    
  IN RANGE       181 TO        181 STEP          1

       87  LINES (OF      205  DEFINED) SELECTED BY LSEL COMMAND.

 ALSO SELECT  FOR ITEM=LINE COMPONENT=    
  IN RANGE       182 TO        182 STEP          1

       88  LINES (OF      205  DEFINED) SELECTED BY LSEL COMMAND.

 ALSO SELECT  FOR ITEM=LINE COMPONENT=    
  IN RANGE       183 TO        183 STEP          1

       89  LINES (OF      205  DEFINED) SELECTED BY LSEL COMMAND.

 ALSO SELECT  FOR ITEM=LINE COMPONENT=    
  IN RANGE       184 TO        184 STEP          1

       90  LINES (OF      205  DEFINED) SELECTED BY LSEL COMMAND.

 ALSO SELECT  FOR ITEM=LINE COMPONENT=    
  IN RANGE       185 TO        185 STEP          1

       91  LINES (OF      205  DEFINED) SELECTED BY LSEL COMMAND.

 ALSO SELECT  FOR ITEM=LINE COMPONENT=    
  IN RANGE       186 TO        186 STEP          1

       92  LINES (OF      205  DEFINED) SELECTED BY LSEL COMMAND.

 ALSO SELECT  FOR ITEM=LINE COMPONENT=    
  IN RANGE       187 TO        187 STEP          1

       93  LINES (OF      205  DEFINED) SELECTED BY LSEL COMMAND.

 ALSO SELECT  FOR ITEM=LINE COMPONENT=    
  IN RANGE       188 TO        188 STEP          1

       94  LINES (OF      205  DEFINED) SELECTED BY LSEL COMMAND.

 ALSO SELECT  FOR ITEM=LINE COMPONENT=    
  IN RANGE       189 TO        189 STEP          1

       95  LINES (OF      205  DEFINED) SELECTED BY LSEL COMMAND.

 ALSO SELECT  FOR ITEM=LINE COMPONENT=    
  IN RANGE       190 TO        190 STEP          1

       96  LINES (OF      205  DEFINED) SELECTED BY LSEL COMMAND.

 ALSO SELECT  FOR ITEM=LINE COMPONENT=    
  IN RANGE       191 TO        191 STEP          1

       97  LINES (OF      205  DEFINED) SELECTED BY LSEL COMMAND.

 ALSO SELECT  FOR ITEM=LINE COMPONENT=    
  IN RANGE       192 TO        192 STEP          1

       98  LINES (OF      205  DEFINED) SELECTED BY LSEL COMMAND.

 ALSO SELECT  FOR ITEM=LINE COMPONENT=    
  IN RANGE       193 TO        193 STEP          1

       99  LINES (OF      205  DEFINED) SELECTED BY LSEL COMMAND.

 ALSO SELECT  FOR ITEM=LINE COMPONENT=    
  IN RANGE       194 TO        194 STEP          1

      100  LINES (OF      205  DEFINED) SELECTED BY LSEL COMMAND.

 ALSO SELECT  FOR ITEM=LINE COMPONENT=    
  IN RANGE       195 TO        195 STEP          1

      101  LINES (OF      205  DEFINED) SELECTED BY LSEL COMMAND.

 ALSO SELECT  FOR ITEM=LINE COMPONENT=    
  IN RANGE       196 TO        196 STEP          1

      102  LINES (OF      205  DEFINED) SELECTED BY LSEL COMMAND.

 ALSO SELECT  FOR ITEM=LINE COMPONENT=    
  IN RANGE       197 TO        197 STEP          1

      103  LINES (OF      205  DEFINED) SELECTED BY LSEL COMMAND.

 ALSO SELECT  FOR ITEM=LINE COMPONENT=    
  IN RANGE       198 TO        198 STEP          1

      104  LINES (OF      205  DEFINED) SELECTED BY LSEL COMMAND.

 ALSO SELECT  FOR ITEM=LINE COMPONENT=    
  IN RANGE       199 TO        199 STEP          1

      105  LINES (OF      205  DEFINED) SELECTED BY LSEL COMMAND.

 ALSO SELECT  FOR ITEM=LINE COMPONENT=    
  IN RANGE       200 TO        200 STEP          1

      106  LINES (OF      205  DEFINED) SELECTED BY LSEL COMMAND.

 ALSO SELECT  FOR ITEM=LINE COMPONENT=    
  IN RANGE       201 TO        201 STEP          1

      107  LINES (OF      205  DEFINED) SELECTED BY LSEL COMMAND.

 ALSO SELECT  FOR ITEM=LINE COMPONENT=    
  IN RANGE       202 TO        202 STEP          1

      108  LINES (OF      205  DEFINED) SELECTED BY LSEL COMMAND.

 ALSO SELECT  FOR ITEM=LINE COMPONENT=    
  IN RANGE       203 TO        203 STEP          1

      109  LINES (OF      205  DEFINED) SELECTED BY LSEL COMMAND.

 ALSO SELECT  FOR ITEM=LINE COMPONENT=    
  IN RANGE       204 TO        204 STEP          1

      110  LINES (OF      205  DEFINED) SELECTED BY LSEL COMMAND.

 ALSO SELECT  FOR ITEM=LINE COMPONENT=    
  IN RANGE       205 TO        205 STEP          1

      111  LINES (OF      205  DEFINED) SELECTED BY LSEL COMMAND.

 GENERATE NODES AND ELEMENTS   ON  ALL  SELECTED LINES    

 NUMBER OF LINES MESHED     =       111
 MAXIMUM NODE NUMBER        =       369
 MAXIMUM ELEMENT NUMBER     =       183

 SECTION ID NUMBER=        2

 ALL SELECT   FOR ITEM=LINE COMPONENT=    
  IN RANGE         1 TO        205 STEP          1

      205  LINES (OF      205  DEFINED) SELECTED BY LSEL COMMAND.

 SELECT       FOR ITEM=LINE COMPONENT=    
  IN RANGE         1 TO          1 STEP          1

        1  LINES (OF      205  DEFINED) SELECTED BY LSEL  COMMAND.

 ALSO SELECT  FOR ITEM=LINE COMPONENT=    
  IN RANGE         2 TO          2 STEP          1

        2  LINES (OF      205  DEFINED) SELECTED BY LSEL COMMAND.

 ALSO SELECT  FOR ITEM=LINE COMPONENT=    
  IN RANGE         3 TO          3 STEP          1

        3  LINES (OF      205  DEFINED) SELECTED BY LSEL COMMAND.

 ALSO SELECT  FOR ITEM=LINE COMPONENT=    
  IN RANGE         4 TO          4 STEP          1

        4  LINES (OF      205  DEFINED) SELECTED BY LSEL COMMAND.

 ALSO SELECT  FOR ITEM=LINE COMPONENT=    
  IN RANGE         6 TO          6 STEP          1

        5  LINES (OF      205  DEFINED) SELECTED BY LSEL COMMAND.

 ALSO SELECT  FOR ITEM=LINE COMPONENT=    
  IN RANGE         7 TO          7 STEP          1

        6  LINES (OF      205  DEFINED) SELECTED BY LSEL COMMAND.

 ALSO SELECT  FOR ITEM=LINE COMPONENT=    
  IN RANGE         8 TO          8 STEP          1

        7  LINES (OF      205  DEFINED) SELECTED BY LSEL COMMAND.

 ALSO SELECT  FOR ITEM=LINE COMPONENT=    
  IN RANGE         9 TO          9 STEP          1

        8  LINES (OF      205  DEFINED) SELECTED BY LSEL COMMAND.

 ALSO SELECT  FOR ITEM=LINE COMPONENT=    
  IN RANGE        10 TO         10 STEP          1

        9  LINES (OF      205  DEFINED) SELECTED BY LSEL COMMAND.

 ALSO SELECT  FOR ITEM=LINE COMPONENT=    
  IN RANGE        11 TO         11 STEP          1

       10  LINES (OF      205  DEFINED) SELECTED BY LSEL COMMAND.

 ALSO SELECT  FOR ITEM=LINE COMPONENT=    
  IN RANGE        12 TO         12 STEP          1

       11  LINES (OF      205  DEFINED) SELECTED BY LSEL COMMAND.

 ALSO SELECT  FOR ITEM=LINE COMPONENT=    
  IN RANGE        13 TO         13 STEP          1

       12  LINES (OF      205  DEFINED) SELECTED BY LSEL COMMAND.

 ALSO SELECT  FOR ITEM=LINE COMPONENT=    
  IN RANGE        14 TO         14 STEP          1

       13  LINES (OF      205  DEFINED) SELECTED BY LSEL COMMAND.

 ALSO SELECT  FOR ITEM=LINE COMPONENT=    
  IN RANGE        15 TO         15 STEP          1

       14  LINES (OF      205  DEFINED) SELECTED BY LSEL COMMAND.

 ALSO SELECT  FOR ITEM=LINE COMPONENT=    
  IN RANGE        16 TO         16 STEP          1

       15  LINES (OF      205  DEFINED) SELECTED BY LSEL COMMAND.

 ALSO SELECT  FOR ITEM=LINE COMPONENT=    
  IN RANGE        17 TO         17 STEP          1

       16  LINES (OF      205  DEFINED) SELECTED BY LSEL COMMAND.

 ALSO SELECT  FOR ITEM=LINE COMPONENT=    
  IN RANGE        18 TO         18 STEP          1

       17  LINES (OF      205  DEFINED) SELECTED BY LSEL COMMAND.

 ALSO SELECT  FOR ITEM=LINE COMPONENT=    
  IN RANGE        19 TO         19 STEP          1

       18  LINES (OF      205  DEFINED) SELECTED BY LSEL COMMAND.

 ALSO SELECT  FOR ITEM=LINE COMPONENT=    
  IN RANGE        20 TO         20 STEP          1

       19  LINES (OF      205  DEFINED) SELECTED BY LSEL COMMAND.

 ALSO SELECT  FOR ITEM=LINE COMPONENT=    
  IN RANGE        22 TO         22 STEP          1

       20  LINES (OF      205  DEFINED) SELECTED BY LSEL COMMAND.

 ALSO SELECT  FOR ITEM=LINE COMPONENT=    
  IN RANGE        23 TO         23 STEP          1

       21  LINES (OF      205  DEFINED) SELECTED BY LSEL COMMAND.

 ALSO SELECT  FOR ITEM=LINE COMPONENT=    
  IN RANGE        24 TO         24 STEP          1

       22  LINES (OF      205  DEFINED) SELECTED BY LSEL COMMAND.

 ALSO SELECT  FOR ITEM=LINE COMPONENT=    
  IN RANGE        25 TO         25 STEP          1

       23  LINES (OF      205  DEFINED) SELECTED BY LSEL COMMAND.

 ALSO SELECT  FOR ITEM=LINE COMPONENT=    
  IN RANGE        26 TO         26 STEP          1

       24  LINES (OF      205  DEFINED) SELECTED BY LSEL COMMAND.

 ALSO SELECT  FOR ITEM=LINE COMPONENT=    
  IN RANGE        27 TO         27 STEP          1

       25  LINES (OF      205  DEFINED) SELECTED BY LSEL COMMAND.

 ALSO SELECT  FOR ITEM=LINE COMPONENT=    
  IN RANGE        28 TO         28 STEP          1

       26  LINES (OF      205  DEFINED) SELECTED BY LSEL COMMAND.

 ALSO SELECT  FOR ITEM=LINE COMPONENT=    
  IN RANGE        29 TO         29 STEP          1

       27  LINES (OF      205  DEFINED) SELECTED BY LSEL COMMAND.

 ALSO SELECT  FOR ITEM=LINE COMPONENT=    
  IN RANGE        30 TO         30 STEP          1

       28  LINES (OF      205  DEFINED) SELECTED BY LSEL COMMAND.

 ALSO SELECT  FOR ITEM=LINE COMPONENT=    
  IN RANGE        31 TO         31 STEP          1

       29  LINES (OF      205  DEFINED) SELECTED BY LSEL COMMAND.

 ALSO SELECT  FOR ITEM=LINE COMPONENT=    
  IN RANGE        32 TO         32 STEP          1

       30  LINES (OF      205  DEFINED) SELECTED BY LSEL COMMAND.

 ALSO SELECT  FOR ITEM=LINE COMPONENT=    
  IN RANGE        33 TO         33 STEP          1

       31  LINES (OF      205  DEFINED) SELECTED BY LSEL COMMAND.

 ALSO SELECT  FOR ITEM=LINE COMPONENT=    
  IN RANGE        34 TO         34 STEP          1

       32  LINES (OF      205  DEFINED) SELECTED BY LSEL COMMAND.

 ALSO SELECT  FOR ITEM=LINE COMPONENT=    
  IN RANGE        36 TO         36 STEP          1

       33  LINES (OF      205  DEFINED) SELECTED BY LSEL COMMAND.

 ALSO SELECT  FOR ITEM=LINE COMPONENT=    
  IN RANGE        37 TO         37 STEP          1

       34  LINES (OF      205  DEFINED) SELECTED BY LSEL COMMAND.

 ALSO SELECT  FOR ITEM=LINE COMPONENT=    
  IN RANGE        38 TO         38 STEP          1

       35  LINES (OF      205  DEFINED) SELECTED BY LSEL COMMAND.

 ALSO SELECT  FOR ITEM=LINE COMPONENT=    
  IN RANGE        39 TO         39 STEP          1

       36  LINES (OF      205  DEFINED) SELECTED BY LSEL COMMAND.

 ALSO SELECT  FOR ITEM=LINE COMPONENT=    
  IN RANGE        40 TO         40 STEP          1

       37  LINES (OF      205  DEFINED) SELECTED BY LSEL COMMAND.

 ALSO SELECT  FOR ITEM=LINE COMPONENT=    
  IN RANGE        41 TO         41 STEP          1

       38  LINES (OF      205  DEFINED) SELECTED BY LSEL COMMAND.

 ALSO SELECT  FOR ITEM=LINE COMPONENT=    
  IN RANGE        42 TO         42 STEP          1

       39  LINES (OF      205  DEFINED) SELECTED BY LSEL COMMAND.

 ALSO SELECT  FOR ITEM=LINE COMPONENT=    
  IN RANGE        43 TO         43 STEP          1

       40  LINES (OF      205  DEFINED) SELECTED BY LSEL COMMAND.

 ALSO SELECT  FOR ITEM=LINE COMPONENT=    
  IN RANGE        44 TO         44 STEP          1

       41  LINES (OF      205  DEFINED) SELECTED BY LSEL COMMAND.

 ALSO SELECT  FOR ITEM=LINE COMPONENT=    
  IN RANGE        45 TO         45 STEP          1

       42  LINES (OF      205  DEFINED) SELECTED BY LSEL COMMAND.

 ALSO SELECT  FOR ITEM=LINE COMPONENT=    
  IN RANGE        46 TO         46 STEP          1

       43  LINES (OF      205  DEFINED) SELECTED BY LSEL COMMAND.

 ALSO SELECT  FOR ITEM=LINE COMPONENT=    
  IN RANGE        47 TO         47 STEP          1

       44  LINES (OF      205  DEFINED) SELECTED BY LSEL COMMAND.

 ALSO SELECT  FOR ITEM=LINE COMPONENT=    
  IN RANGE        48 TO         48 STEP          1

       45  LINES (OF      205  DEFINED) SELECTED BY LSEL COMMAND.

 ALSO SELECT  FOR ITEM=LINE COMPONENT=    
  IN RANGE        49 TO         49 STEP          1

       46  LINES (OF      205  DEFINED) SELECTED BY LSEL COMMAND.

 ALSO SELECT  FOR ITEM=LINE COMPONENT=    
  IN RANGE        50 TO         50 STEP          1

       47  LINES (OF      205  DEFINED) SELECTED BY LSEL COMMAND.

 ALSO SELECT  FOR ITEM=LINE COMPONENT=    
  IN RANGE        51 TO         51 STEP          1

       48  LINES (OF      205  DEFINED) SELECTED BY LSEL COMMAND.

 ALSO SELECT  FOR ITEM=LINE COMPONENT=    
  IN RANGE        52 TO         52 STEP          1

       49  LINES (OF      205  DEFINED) SELECTED BY LSEL COMMAND.

 ALSO SELECT  FOR ITEM=LINE COMPONENT=    
  IN RANGE        53 TO         53 STEP          1

       50  LINES (OF      205  DEFINED) SELECTED BY LSEL COMMAND.

 ALSO SELECT  FOR ITEM=LINE COMPONENT=    
  IN RANGE        54 TO         54 STEP          1

       51  LINES (OF      205  DEFINED) SELECTED BY LSEL COMMAND.

 ALSO SELECT  FOR ITEM=LINE COMPONENT=    
  IN RANGE        56 TO         56 STEP          1

       52  LINES (OF      205  DEFINED) SELECTED BY LSEL COMMAND.

 ALSO SELECT  FOR ITEM=LINE COMPONENT=    
  IN RANGE        57 TO         57 STEP          1

       53  LINES (OF      205  DEFINED) SELECTED BY LSEL COMMAND.

 ALSO SELECT  FOR ITEM=LINE COMPONENT=    
  IN RANGE        58 TO         58 STEP          1

       54  LINES (OF      205  DEFINED) SELECTED BY LSEL COMMAND.

 ALSO SELECT  FOR ITEM=LINE COMPONENT=    
  IN RANGE        59 TO         59 STEP          1

       55  LINES (OF      205  DEFINED) SELECTED BY LSEL COMMAND.

 ALSO SELECT  FOR ITEM=LINE COMPONENT=    
  IN RANGE        60 TO         60 STEP          1

       56  LINES (OF      205  DEFINED) SELECTED BY LSEL COMMAND.

 ALSO SELECT  FOR ITEM=LINE COMPONENT=    
  IN RANGE        61 TO         61 STEP          1

       57  LINES (OF      205  DEFINED) SELECTED BY LSEL COMMAND.

 ALSO SELECT  FOR ITEM=LINE COMPONENT=    
  IN RANGE        62 TO         62 STEP          1

       58  LINES (OF      205  DEFINED) SELECTED BY LSEL COMMAND.

 ALSO SELECT  FOR ITEM=LINE COMPONENT=    
  IN RANGE        63 TO         63 STEP          1

       59  LINES (OF      205  DEFINED) SELECTED BY LSEL COMMAND.

 ALSO SELECT  FOR ITEM=LINE COMPONENT=    
  IN RANGE        64 TO         64 STEP          1

       60  LINES (OF      205  DEFINED) SELECTED BY LSEL COMMAND.

 ALSO SELECT  FOR ITEM=LINE COMPONENT=    
  IN RANGE        65 TO         65 STEP          1

       61  LINES (OF      205  DEFINED) SELECTED BY LSEL COMMAND.

 ALSO SELECT  FOR ITEM=LINE COMPONENT=    
  IN RANGE        66 TO         66 STEP          1

       62  LINES (OF      205  DEFINED) SELECTED BY LSEL COMMAND.

 ALSO SELECT  FOR ITEM=LINE COMPONENT=    
  IN RANGE        67 TO         67 STEP          1

       63  LINES (OF      205  DEFINED) SELECTED BY LSEL COMMAND.

 ALSO SELECT  FOR ITEM=LINE COMPONENT=    
  IN RANGE        68 TO         68 STEP          1

       64  LINES (OF      205  DEFINED) SELECTED BY LSEL COMMAND.

 ALSO SELECT  FOR ITEM=LINE COMPONENT=    
  IN RANGE        69 TO         69 STEP          1

       65  LINES (OF      205  DEFINED) SELECTED BY LSEL COMMAND.

 ALSO SELECT  FOR ITEM=LINE COMPONENT=    
  IN RANGE        70 TO         70 STEP          1

       66  LINES (OF      205  DEFINED) SELECTED BY LSEL COMMAND.

 ALSO SELECT  FOR ITEM=LINE COMPONENT=    
  IN RANGE        72 TO         72 STEP          1

       67  LINES (OF      205  DEFINED) SELECTED BY LSEL COMMAND.

 ALSO SELECT  FOR ITEM=LINE COMPONENT=    
  IN RANGE        73 TO         73 STEP          1

       68  LINES (OF      205  DEFINED) SELECTED BY LSEL COMMAND.

 ALSO SELECT  FOR ITEM=LINE COMPONENT=    
  IN RANGE        74 TO         74 STEP          1

       69  LINES (OF      205  DEFINED) SELECTED BY LSEL COMMAND.

 ALSO SELECT  FOR ITEM=LINE COMPONENT=    
  IN RANGE        75 TO         75 STEP          1

       70  LINES (OF      205  DEFINED) SELECTED BY LSEL COMMAND.

 ALSO SELECT  FOR ITEM=LINE COMPONENT=    
  IN RANGE        76 TO         76 STEP          1

       71  LINES (OF      205  DEFINED) SELECTED BY LSEL COMMAND.

 ALSO SELECT  FOR ITEM=LINE COMPONENT=    
  IN RANGE        77 TO         77 STEP          1

       72  LINES (OF      205  DEFINED) SELECTED BY LSEL COMMAND.

 ALSO SELECT  FOR ITEM=LINE COMPONENT=    
  IN RANGE        78 TO         78 STEP          1

       73  LINES (OF      205  DEFINED) SELECTED BY LSEL COMMAND.

 ALSO SELECT  FOR ITEM=LINE COMPONENT=    
  IN RANGE        79 TO         79 STEP          1

       74  LINES (OF      205  DEFINED) SELECTED BY LSEL COMMAND.

 ALSO SELECT  FOR ITEM=LINE COMPONENT=    
  IN RANGE        80 TO         80 STEP          1

       75  LINES (OF      205  DEFINED) SELECTED BY LSEL COMMAND.

 GENERATE NODES AND ELEMENTS   ON  ALL  SELECTED LINES    

 NUMBER OF LINES MESHED     =        75
 MAXIMUM NODE NUMBER        =       954
 MAXIMUM ELEMENT NUMBER     =       513

 SECTION ID NUMBER=        3

 ALL SELECT   FOR ITEM=LINE COMPONENT=    
  IN RANGE         1 TO        205 STEP          1

      205  LINES (OF      205  DEFINED) SELECTED BY LSEL COMMAND.

 SELECT       FOR ITEM=LINE COMPONENT=    
  IN RANGE        82 TO         82 STEP          1

        1  LINES (OF      205  DEFINED) SELECTED BY LSEL  COMMAND.

 ALSO SELECT  FOR ITEM=LINE COMPONENT=    
  IN RANGE        84 TO         84 STEP          1

        2  LINES (OF      205  DEFINED) SELECTED BY LSEL COMMAND.

 ALSO SELECT  FOR ITEM=LINE COMPONENT=    
  IN RANGE        86 TO         86 STEP          1

        3  LINES (OF      205  DEFINED) SELECTED BY LSEL COMMAND.

 ALSO SELECT  FOR ITEM=LINE COMPONENT=    
  IN RANGE        87 TO         87 STEP          1

        4  LINES (OF      205  DEFINED) SELECTED BY LSEL COMMAND.

 ALSO SELECT  FOR ITEM=LINE COMPONENT=    
  IN RANGE        88 TO         88 STEP          1

        5  LINES (OF      205  DEFINED) SELECTED BY LSEL COMMAND.

 ALSO SELECT  FOR ITEM=LINE COMPONENT=    
  IN RANGE        89 TO         89 STEP          1

        6  LINES (OF      205  DEFINED) SELECTED BY LSEL COMMAND.

 ALSO SELECT  FOR ITEM=LINE COMPONENT=    
  IN RANGE        90 TO         90 STEP          1

        7  LINES (OF      205  DEFINED) SELECTED BY LSEL COMMAND.

 ALSO SELECT  FOR ITEM=LINE COMPONENT=    
  IN RANGE        91 TO         91 STEP          1

        8  LINES (OF      205  DEFINED) SELECTED BY LSEL COMMAND.

 ALSO SELECT  FOR ITEM=LINE COMPONENT=    
  IN RANGE        92 TO         92 STEP          1

        9  LINES (OF      205  DEFINED) SELECTED BY LSEL COMMAND.

 ALSO SELECT  FOR ITEM=LINE COMPONENT=    
  IN RANGE        93 TO         93 STEP          1

       10  LINES (OF      205  DEFINED) SELECTED BY LSEL COMMAND.

 ALSO SELECT  FOR ITEM=LINE COMPONENT=    
  IN RANGE        94 TO         94 STEP          1

       11  LINES (OF      205  DEFINED) SELECTED BY LSEL COMMAND.

 ALSO SELECT  FOR ITEM=LINE COMPONENT=    
  IN RANGE        95 TO         95 STEP          1

       12  LINES (OF      205  DEFINED) SELECTED BY LSEL COMMAND.

 ALSO SELECT  FOR ITEM=LINE COMPONENT=    
  IN RANGE        96 TO         96 STEP          1

       13  LINES (OF      205  DEFINED) SELECTED BY LSEL COMMAND.

 ALSO SELECT  FOR ITEM=LINE COMPONENT=    
  IN RANGE        97 TO         97 STEP          1

       14  LINES (OF      205  DEFINED) SELECTED BY LSEL COMMAND.

 ALSO SELECT  FOR ITEM=LINE COMPONENT=    
  IN RANGE        98 TO         98 STEP          1

       15  LINES (OF      205  DEFINED) SELECTED BY LSEL COMMAND.

 ALSO SELECT  FOR ITEM=LINE COMPONENT=    
  IN RANGE        99 TO         99 STEP          1

       16  LINES (OF      205  DEFINED) SELECTED BY LSEL COMMAND.

 ALSO SELECT  FOR ITEM=LINE COMPONENT=    
  IN RANGE       100 TO        100 STEP          1

       17  LINES (OF      205  DEFINED) SELECTED BY LSEL COMMAND.

 ALSO SELECT  FOR ITEM=LINE COMPONENT=    
  IN RANGE       101 TO        101 STEP          1

       18  LINES (OF      205  DEFINED) SELECTED BY LSEL COMMAND.

 ALSO SELECT  FOR ITEM=LINE COMPONENT=    
  IN RANGE       102 TO        102 STEP          1

       19  LINES (OF      205  DEFINED) SELECTED BY LSEL COMMAND.

 GENERATE NODES AND ELEMENTS   ON  ALL  SELECTED LINES    

 NUMBER OF LINES MESHED     =        19
 MAXIMUM NODE NUMBER        =      1060
 MAXIMUM ELEMENT NUMBER     =       573

 ALL SELECT   FOR ITEM=LINE COMPONENT=    
  IN RANGE         1 TO        205 STEP          1

      205  LINES (OF      205  DEFINED) SELECTED BY LSEL COMMAND.

 SELECT       FOR ITEM=LINE COMPONENT=    
  IN RANGE        82 TO         82 STEP          1

        1  LINES (OF      205  DEFINED) SELECTED BY LSEL  COMMAND.

 ALSO SELECT  FOR ITEM=LINE COMPONENT=    
  IN RANGE        84 TO         84 STEP          1

        2  LINES (OF      205  DEFINED) SELECTED BY LSEL COMMAND.

 ALSO SELECT  FOR ITEM=LINE COMPONENT=    
  IN RANGE        86 TO         86 STEP          1

        3  LINES (OF      205  DEFINED) SELECTED BY LSEL COMMAND.

 ALSO SELECT  FOR ITEM=LINE COMPONENT=    
  IN RANGE        87 TO         87 STEP          1

        4  LINES (OF      205  DEFINED) SELECTED BY LSEL COMMAND.

 ALSO SELECT  FOR ITEM=LINE COMPONENT=    
  IN RANGE        88 TO         88 STEP          1

        5  LINES (OF      205  DEFINED) SELECTED BY LSEL COMMAND.

 ALSO SELECT  FOR ITEM=LINE COMPONENT=    
  IN RANGE        89 TO         89 STEP          1

        6  LINES (OF      205  DEFINED) SELECTED BY LSEL COMMAND.

 ALSO SELECT  FOR ITEM=LINE COMPONENT=    
  IN RANGE        90 TO         90 STEP          1

        7  LINES (OF      205  DEFINED) SELECTED BY LSEL COMMAND.

 ALSO SELECT  FOR ITEM=LINE COMPONENT=    
  IN RANGE        91 TO         91 STEP          1

        8  LINES (OF      205  DEFINED) SELECTED BY LSEL COMMAND.

 ALSO SELECT  FOR ITEM=LINE COMPONENT=    
  IN RANGE        92 TO         92 STEP          1

        9  LINES (OF      205  DEFINED) SELECTED BY LSEL COMMAND.

 ALSO SELECT  FOR ITEM=LINE COMPONENT=    
  IN RANGE        93 TO         93 STEP          1

       10  LINES (OF      205  DEFINED) SELECTED BY LSEL COMMAND.

 ALSO SELECT  FOR ITEM=LINE COMPONENT=    
  IN RANGE        94 TO         94 STEP          1

       11  LINES (OF      205  DEFINED) SELECTED BY LSEL COMMAND.

 ALSO SELECT  FOR ITEM=LINE COMPONENT=    
  IN RANGE        95 TO         95 STEP          1

       12  LINES (OF      205  DEFINED) SELECTED BY LSEL COMMAND.

 ALSO SELECT  FOR ITEM=LINE COMPONENT=    
  IN RANGE        96 TO         96 STEP          1

       13  LINES (OF      205  DEFINED) SELECTED BY LSEL COMMAND.

 ALSO SELECT  FOR ITEM=LINE COMPONENT=    
  IN RANGE        97 TO         97 STEP          1

       14  LINES (OF      205  DEFINED) SELECTED BY LSEL COMMAND.

 ALSO SELECT  FOR ITEM=LINE COMPONENT=    
  IN RANGE        98 TO         98 STEP          1

       15  LINES (OF      205  DEFINED) SELECTED BY LSEL COMMAND.

 ALSO SELECT  FOR ITEM=LINE COMPONENT=    
  IN RANGE        99 TO         99 STEP          1

       16  LINES (OF      205  DEFINED) SELECTED BY LSEL COMMAND.

 ALSO SELECT  FOR ITEM=LINE COMPONENT=    
  IN RANGE       100 TO        100 STEP          1

       17  LINES (OF      205  DEFINED) SELECTED BY LSEL COMMAND.

 ALSO SELECT  FOR ITEM=LINE COMPONENT=    
  IN RANGE       101 TO        101 STEP          1

       18  LINES (OF      205  DEFINED) SELECTED BY LSEL COMMAND.

 ALSO SELECT  FOR ITEM=LINE COMPONENT=    
  IN RANGE       102 TO        102 STEP          1

       19  LINES (OF      205  DEFINED) SELECTED BY LSEL COMMAND.

 SELECT      ELEMENTS CREATED FROM SELECTED LINES.

         60  ELEMENTS (OF        573  DEFINED) SELECTED FROM       19 SELECTED LINES
         BY  ESLL  COMMAND.

 MODIFY ALL SELECTED ELEMENTS TO HAVE  MAT  =         2

 SELECT ALL ENTITIES OF TYPE= ALL  AND BELOW

 ELEMENT DISPLAYS USING REAL CONSTANT OR SECTION DATA WITH FACTOR     1.00


 ***** ROUTINE COMPLETED *****  CP =         0.000



 *****  MAPDL SOLUTION ROUTINE  *****


 PERFORM A STATIC ANALYSIS
  THIS WILL BE A NEW ANALYSIS

 USE SPARSE MATRIX DIRECT SOLVER


 CALCULATE PRESTRESS EFFECTS FOR A SUBSEQUENT PRESTRESSED ANALYSIS

 SELECT ALL ENTITIES OF TYPE= ALL  AND BELOW

 SELECT TOLERANCE= 0.10000E-05

 *GET  NODEYMAX  FROM  NODE  ITEM=MXLO Y     VALUE=  4284.00000     

 *GET  NODEYMIN  FROM  NODE  ITEM=MNLO Y     VALUE=  0.00000000     

 SELECT       FOR ITEM=LOC  COMPONENT=X     BETWEEN  0.0000     AND   0.0000    
   KABS=  0.  TOLERANCE= 0.100000E-05

          7  NODES (OF       1060  DEFINED) SELECTED BY  NSEL  COMMAND.

 *GET  N_LOW     FROM  NODE  ITEM=MNLO Y     VALUE=  4080.27700     

 *GET  N_LOAD_C  FROM  NODE  ITEM=COUN       VALUE=  7.00000000     

 PARAMETER N_C =     7.000000000    

 PARAMETER MOMZ =    -10052000.00    

 PARAMETER MOMY =     201020.0000    

 PARAMETER F_HOR =     71.78857143    

 PARAMETER F_VER =    -3771.428571    

 SPECIFIED NODAL LOAD FY   FOR SELECTED NODES         1 TO     1060 BY        1
  REAL= -3771.42857       IMAG=  0.00000000    

 SPECIFIED NODAL LOAD FX   FOR SELECTED NODES         1 TO     1060 BY        1
  REAL=  71.7885714       IMAG=  0.00000000    

 SPECIFIED NODAL LOAD MY   FOR SELECTED NODES         1 TO     1060 BY        1
  REAL=  201020.000       IMAG=  0.00000000    

 SPECIFIED NODAL LOAD MZ   FOR SELECTED NODES         1 TO     1060 BY        1
  REAL= -10052000.0       IMAG=  0.00000000    

 SELECT ALL ENTITIES OF TYPE= ALL  AND BELOW

 SELECT       FOR ITEM=LOC  COMPONENT=Y     BETWEEN  0.0000     AND   0.0000    
   KABS=  0.  TOLERANCE= 0.100000E-05

          3  NODES (OF       1060  DEFINED) SELECTED BY  NSEL  COMMAND.

 SPECIFIED CONSTRAINT UX   FOR SELECTED NODES            1 TO        1060 BY           1
 REAL=  0.00000000       IMAG=  0.00000000    
 ADDITIONAL DOFS=  UY    UZ    ROTX  ROTY  ROTZ

 SELECT ALL ENTITIES OF TYPE= ALL  AND BELOW

 *****  MAPDL SOLVE    COMMAND  *****

 *** NOTE ***                            CP =       0.000   TIME= 00:00:00
 There is no title defined for this analysis.                            

 *** SELECTION OF ELEMENT TECHNOLOGIES FOR APPLICABLE ELEMENTS ***
                ---GIVE SUGGESTIONS ONLY---

 ELEMENT TYPE         1 IS BEAM189 . KEYOPT(1)=1 IS SUGGESTED FOR NON-CIRCULAR CROSS
 SECTIONS.

 ELEMENT TYPE         1 IS BEAM189 . KEYOPT(15) IS ALREADY SET AS SUGGESTED.


   *****MAPDL VERIFICATION RUN ONLY*****
     DO NOT USE RESULTS FOR PRODUCTION

                       S O L U T I O N   O P T I O N S

   PROBLEM DIMENSIONALITY. . . . . . . . . . . . .3-D                  
   DEGREES OF FREEDOM. . . . . . UX   UY   UZ   ROTX ROTY ROTZ
   ANALYSIS TYPE . . . . . . . . . . . . . . . . .STATIC (STEADY-STATE)
   PRESTRESS EFFECTS CALCULATED. . . . . . . . . .YES
   EQUATION SOLVER OPTION. . . . . . . . . . . . .SPARSE             
   GLOBALLY ASSEMBLED MATRIX . . . . . . . . . . .SYMMETRIC  

 *** NOTE ***                            CP =       0.000   TIME= 00:00:00
 Present time 0 is less than or equal to the previous time.  Time will   
 default to 1.                                                           

 *** NOTE ***                            CP =       0.000   TIME= 00:00:00
 The conditions for direct assembly have been met.  No .emat or .erot    
 files will be produced.                                                 

                      L O A D   S T E P   O P T I O N S

   LOAD STEP NUMBER. . . . . . . . . . . . . . . .     1
   TIME AT END OF THE LOAD STEP. . . . . . . . . .  1.0000    
   NUMBER OF SUBSTEPS. . . . . . . . . . . . . . .     1
   STEP CHANGE BOUNDARY CONDITIONS . . . . . . . .    NO
   PRINT OUTPUT CONTROLS . . . . . . . . . . . . .NO PRINTOUT
   DATABASE OUTPUT CONTROLS. . . . . . . . . . . .ALL DATA WRITTEN
                                                  FOR THE LAST SUBSTEP


 *** NOTE ***                            CP =       0.000   TIME= 00:00:00
 Predictor is ON by default for structural elements with rotational      
 degrees of freedom.  Use the PRED,OFF command to turn the predictor     
 OFF if it adversely affects the convergence.                            



                         ***********  PRECISE MASS SUMMARY  ***********

   TOTAL RIGID BODY MASS MATRIX ABOUT ORIGIN
               Translational mass               |   Coupled translational/rotational mass
         21.212        0.0000        0.0000     |     0.0000      -0.70445E-04   -55145.    
         0.0000        21.212        0.0000     |    0.70445E-04    0.0000       0.56261E-02
         0.0000        0.0000        21.212     |     55145.      -0.56261E-02    0.0000    
     ------------------------------------------ | ------------------------------------------
                                                |         Rotational mass (inertia)
                                                |    0.18406E+09   -12.234      -0.91707E-03
                                                |    -12.234       0.73759E+06   0.29518    
                                                |   -0.91707E-03   0.29518       0.18406E+09

   TOTAL MASS =  21.212    
     The mass principal axes coincide with the global Cartesian axes

   CENTER OF MASS (X,Y,Z)=   0.26523E-03    2599.7      -0.33210E-05

   TOTAL INERTIA ABOUT CENTER OF MASS
        0.40700E+08    2.3917      -0.91709E-03
         2.3917       0.73759E+06   0.11204    
       -0.91709E-03   0.11204       0.40700E+08
     The inertia principal axes coincide with the global Cartesian axes


  *** MASS SUMMARY BY ELEMENT TYPE ***

  TYPE      MASS
     1   21.2118    

 Range of element maximum matrix coefficients in global coordinates
 Maximum = 8.900048276E+13 at element 0.                                 
 Minimum = 17610323.8 at element 0.                                      

   *** ELEMENT MATRIX FORMULATION TIMES
     TYPE    NUMBER   ENAME      TOTAL CP  AVE CP

        1       573  BEAM189       0.000   0.000000
 Time at end of element matrix formulation CP = 0.                       

 SPARSE MATRIX DIRECT SOLVER.
  Number of equations =        6342,    Maximum wavefront =      0
  Memory available (MB) =    0.0    ,  Memory required (MB) =    0.0    

 Sparse solver maximum pivot= 0 at node 0 .                              
 Sparse solver minimum pivot= 0 at node 0 .                              
 Sparse solver minimum pivot in absolute value= 0 at node 0 .            

   *** ELEMENT RESULT CALCULATION TIMES
     TYPE    NUMBER   ENAME      TOTAL CP  AVE CP

        1       573  BEAM189       0.000   0.000000

   *** NODAL LOAD CALCULATION TIMES
     TYPE    NUMBER   ENAME      TOTAL CP  AVE CP

        1       573  BEAM189       0.000   0.000000
 *** LOAD STEP     1   SUBSTEP     1  COMPLETED.    CUM ITER =      1
 *** TIME =   1.00000         TIME INC =   1.00000      NEW TRIANG MATRIX

 FINISH SOLUTION PROCESSING


 ***** ROUTINE COMPLETED *****  CP =         0.000


