================================================================================
OPTIMIZATION LOG
================================================================================
Run start date/time : 2026-05-20 11:34:36
Log file            : Optimization_Logs\optimization_log_2026-05-20_11-34-36.txt
Objective CSV       : Optimization_Logs\objective_history_2026-05-20_11-34-36.csv

Initial design variables:
x0 = [202.07,  76.1 ,  76.1 ,  76.1 ,  76.1 ,  76.1 ,   3.  ,   3.  ,   3.  ,
   3.  ,   3.  ,  26.9 ,  26.9 ,  26.9 ,  26.9 ,  26.9 ,   2.3 ,   2.3 ,
   2.3 ,   2.3 ,   2.3 ,  26.9 ,  26.9 ,  26.9 ,  26.9 ,  26.9 ,   2.3 ,
   2.3 ,   2.3 ,   2.3 ,   2.3 ]

Bounds:
  x[0] in [150.0, 350.0]
  x[1] in [48.3, 114.3]
  x[2] in [48.3, 114.3]
  x[3] in [48.3, 114.3]
  x[4] in [48.3, 114.3]
  x[5] in [48.3, 114.3]
  x[6] in [2.5, 5.0]
  x[7] in [2.5, 5.0]
  x[8] in [2.5, 5.0]
  x[9] in [2.5, 5.0]
  x[10] in [2.5, 5.0]
  x[11] in [10, 50.0]
  x[12] in [10, 50.0]
  x[13] in [10, 50.0]
  x[14] in [10, 50.0]
  x[15] in [10, 50.0]
  x[16] in [1.0, 4.0]
  x[17] in [1.0, 4.0]
  x[18] in [1.0, 4.0]
  x[19] in [1.0, 4.0]
  x[20] in [1.0, 4.0]
  x[21] in [10, 50.0]
  x[22] in [10, 50.0]
  x[23] in [10, 50.0]
  x[24] in [10, 50.0]
  x[25] in [10, 50.0]
  x[26] in [1.0, 4.0]
  x[27] in [1.0, 4.0]
  x[28] in [1.0, 4.0]
  x[29] in [1.0, 4.0]
  x[30] in [1.0, 4.0]

Optimizer settings:
  Method  : Self-Written-slp_mvp
  algorithm: merit
  acc     : 0.001
  xtol    : 0.001
  gtol    : 0.001
  finite_diff_abs_step: [2.0207, 0.761, 0.761, 0.761, 0.761, 0.761, 0.03, 0.03, 0.03, 0.03, 0.03, 0.269, 0.269, 0.269, 0.269, 0.269, 0.023, 0.023, 0.023, 0.023, 0.023, 0.269, 0.269, 0.269, 0.269, 0.269, 0.023, 0.023, 0.023, 0.023, 0.023]
  maxiter : 1000
  max_fun_evals: 1000
  Aggregate: None
  p_value : 8
  rho_value: 100
  relaxation: 0
  move_limit: 0.3
  move_limit_expand: 1.1
  move_limit_shrink: 0.5
  penalty_weight: 0.1
  max_infeasibility: inf

================================================================================

[EVALUATION 1]
  Date/time : 2026-05-20 11:34:41
  x         : [202.07, 76.10, 76.10, 76.10, 76.10, 76.10, 3.00, 3.00, 3.00, 3.00, 3.00, 26.90, 26.90, 26.90, 26.90, 26.90, 2.30, 2.30, 2.30, 2.30, 2.30, 26.90, 26.90, 26.90, 26.90, 26.90, 2.30, 2.30, 2.30, 2.30, 2.30]
  Objective : 106.788

[ITERATION 1]
  Date/time : 2026-05-20 11:34:41
  x         : [202.07,  76.1 ,  76.1 ,  76.1 ,  76.1 ,  76.1 ,   3.  ,   3.  ,   3.  ,
   3.  ,   3.  ,  26.9 ,  26.9 ,  26.9 ,  26.9 ,  26.9 ,   2.3 ,   2.3 ,
   2.3 ,   2.3 ,   2.3 ,  26.9 ,  26.9 ,  26.9 ,  26.9 ,  26.9 ,   2.3 ,
   2.3 ,   2.3 ,   2.3 ,   2.3 ]

Util_LB     Column:    0.035  Brace:    0.002
Util_NF     Column:    0.500  Brace:    0.190
Util_S      Column:    0.028  Brace:    0.009
Util_T      Column:    0.024  Brace:    0.036
Util_BR     Column:    0.565  Brace:    0.259
Util_IN     Column:    0.658  Brace:    0.333
Util_BS_sig  Column:    N/A    Brace:    0.279
Util_BS_defl  Column:    N/A    Brace:    0.069
[EVALUATION 2]
  Date/time : 2026-05-20 11:34:46
  x         : [204.09, 76.10, 76.10, 76.10, 76.10, 76.10, 3.00, 3.00, 3.00, 3.00, 3.00, 26.90, 26.90, 26.90, 26.90, 26.90, 2.30, 2.30, 2.30, 2.30, 2.30, 26.90, 26.90, 26.90, 26.90, 26.90, 2.30, 2.30, 2.30, 2.30, 2.30]
  Objective : 107.120

[EVALUATION 3]
  Date/time : 2026-05-20 11:34:50
  x         : [202.07, 76.86, 76.10, 76.10, 76.10, 76.10, 3.00, 3.00, 3.00, 3.00, 3.00, 26.90, 26.90, 26.90, 26.90, 26.90, 2.30, 2.30, 2.30, 2.30, 2.30, 26.90, 26.90, 26.90, 26.90, 26.90, 2.30, 2.30, 2.30, 2.30, 2.30]
  Objective : 106.925

[EVALUATION 4]
  Date/time : 2026-05-20 11:34:55
  x         : [202.07, 76.10, 76.86, 76.10, 76.10, 76.10, 3.00, 3.00, 3.00, 3.00, 3.00, 26.90, 26.90, 26.90, 26.90, 26.90, 2.30, 2.30, 2.30, 2.30, 2.30, 26.90, 26.90, 26.90, 26.90, 26.90, 2.30, 2.30, 2.30, 2.30, 2.30]
  Objective : 106.924

[EVALUATION 5]
  Date/time : 2026-05-20 11:35:00
  x         : [202.07, 76.10, 76.10, 76.86, 76.10, 76.10, 3.00, 3.00, 3.00, 3.00, 3.00, 26.90, 26.90, 26.90, 26.90, 26.90, 2.30, 2.30, 2.30, 2.30, 2.30, 26.90, 26.90, 26.90, 26.90, 26.90, 2.30, 2.30, 2.30, 2.30, 2.30]
  Objective : 106.924

[EVALUATION 6]
  Date/time : 2026-05-20 11:35:04
  x         : [202.07, 76.10, 76.10, 76.10, 76.86, 76.10, 3.00, 3.00, 3.00, 3.00, 3.00, 26.90, 26.90, 26.90, 26.90, 26.90, 2.30, 2.30, 2.30, 2.30, 2.30, 26.90, 26.90, 26.90, 26.90, 26.90, 2.30, 2.30, 2.30, 2.30, 2.30]
  Objective : 106.924

[EVALUATION 7]
  Date/time : 2026-05-20 11:35:09
  x         : [202.07, 76.10, 76.10, 76.10, 76.10, 76.86, 3.00, 3.00, 3.00, 3.00, 3.00, 26.90, 26.90, 26.90, 26.90, 26.90, 2.30, 2.30, 2.30, 2.30, 2.30, 26.90, 26.90, 26.90, 26.90, 26.90, 2.30, 2.30, 2.30, 2.30, 2.30]
  Objective : 106.926

[EVALUATION 8]
  Date/time : 2026-05-20 11:35:14
  x         : [202.07, 76.10, 76.10, 76.10, 76.10, 76.10, 3.03, 3.00, 3.00, 3.00, 3.00, 26.90, 26.90, 26.90, 26.90, 26.90, 2.30, 2.30, 2.30, 2.30, 2.30, 26.90, 26.90, 26.90, 26.90, 26.90, 2.30, 2.30, 2.30, 2.30, 2.30]
  Objective : 106.914

[EVALUATION 9]
  Date/time : 2026-05-20 11:35:18
  x         : [202.07, 76.10, 76.10, 76.10, 76.10, 76.10, 3.00, 3.03, 3.00, 3.00, 3.00, 26.90, 26.90, 26.90, 26.90, 26.90, 2.30, 2.30, 2.30, 2.30, 2.30, 26.90, 26.90, 26.90, 26.90, 26.90, 2.30, 2.30, 2.30, 2.30, 2.30]
  Objective : 106.914

[EVALUATION 10]
  Date/time : 2026-05-20 11:35:23
  x         : [202.07, 76.10, 76.10, 76.10, 76.10, 76.10, 3.00, 3.00, 3.03, 3.00, 3.00, 26.90, 26.90, 26.90, 26.90, 26.90, 2.30, 2.30, 2.30, 2.30, 2.30, 26.90, 26.90, 26.90, 26.90, 26.90, 2.30, 2.30, 2.30, 2.30, 2.30]
  Objective : 106.914

[EVALUATION 11]
  Date/time : 2026-05-20 11:35:28
  x         : [202.07, 76.10, 76.10, 76.10, 76.10, 76.10, 3.00, 3.00, 3.00, 3.03, 3.00, 26.90, 26.90, 26.90, 26.90, 26.90, 2.30, 2.30, 2.30, 2.30, 2.30, 26.90, 26.90, 26.90, 26.90, 26.90, 2.30, 2.30, 2.30, 2.30, 2.30]
  Objective : 106.914

[EVALUATION 12]
  Date/time : 2026-05-20 11:35:32
  x         : [202.07, 76.10, 76.10, 76.10, 76.10, 76.10, 3.00, 3.00, 3.00, 3.00, 3.03, 26.90, 26.90, 26.90, 26.90, 26.90, 2.30, 2.30, 2.30, 2.30, 2.30, 26.90, 26.90, 26.90, 26.90, 26.90, 2.30, 2.30, 2.30, 2.30, 2.30]
  Objective : 106.915

[EVALUATION 13]
  Date/time : 2026-05-20 11:35:37
  x         : [202.07, 76.10, 76.10, 76.10, 76.10, 76.10, 3.00, 3.00, 3.00, 3.00, 3.00, 27.17, 26.90, 26.90, 26.90, 26.90, 2.30, 2.30, 2.30, 2.30, 2.30, 26.90, 26.90, 26.90, 26.90, 26.90, 2.30, 2.30, 2.30, 2.30, 2.30]
  Objective : 106.836

[EVALUATION 14]
  Date/time : 2026-05-20 11:35:42
  x         : [202.07, 76.10, 76.10, 76.10, 76.10, 76.10, 3.00, 3.00, 3.00, 3.00, 3.00, 26.90, 27.17, 26.90, 26.90, 26.90, 2.30, 2.30, 2.30, 2.30, 2.30, 26.90, 26.90, 26.90, 26.90, 26.90, 2.30, 2.30, 2.30, 2.30, 2.30]
  Objective : 106.836

[EVALUATION 15]
  Date/time : 2026-05-20 11:35:46
  x         : [202.07, 76.10, 76.10, 76.10, 76.10, 76.10, 3.00, 3.00, 3.00, 3.00, 3.00, 26.90, 26.90, 27.17, 26.90, 26.90, 2.30, 2.30, 2.30, 2.30, 2.30, 26.90, 26.90, 26.90, 26.90, 26.90, 2.30, 2.30, 2.30, 2.30, 2.30]
  Objective : 106.836

[EVALUATION 16]
  Date/time : 2026-05-20 11:35:51
  x         : [202.07, 76.10, 76.10, 76.10, 76.10, 76.10, 3.00, 3.00, 3.00, 3.00, 3.00, 26.90, 26.90, 26.90, 27.17, 26.90, 2.30, 2.30, 2.30, 2.30, 2.30, 26.90, 26.90, 26.90, 26.90, 26.90, 2.30, 2.30, 2.30, 2.30, 2.30]
  Objective : 106.836

[EVALUATION 17]
  Date/time : 2026-05-20 11:35:56
  x         : [202.07, 76.10, 76.10, 76.10, 76.10, 76.10, 3.00, 3.00, 3.00, 3.00, 3.00, 26.90, 26.90, 26.90, 26.90, 27.17, 2.30, 2.30, 2.30, 2.30, 2.30, 26.90, 26.90, 26.90, 26.90, 26.90, 2.30, 2.30, 2.30, 2.30, 2.30]
  Objective : 106.836

[EVALUATION 18]
  Date/time : 2026-05-20 11:36:01
  x         : [202.07, 76.10, 76.10, 76.10, 76.10, 76.10, 3.00, 3.00, 3.00, 3.00, 3.00, 26.90, 26.90, 26.90, 26.90, 26.90, 2.32, 2.30, 2.30, 2.30, 2.30, 26.90, 26.90, 26.90, 26.90, 26.90, 2.30, 2.30, 2.30, 2.30, 2.30]
  Objective : 106.827

[EVALUATION 19]
  Date/time : 2026-05-20 11:36:05
  x         : [202.07, 76.10, 76.10, 76.10, 76.10, 76.10, 3.00, 3.00, 3.00, 3.00, 3.00, 26.90, 26.90, 26.90, 26.90, 26.90, 2.30, 2.32, 2.30, 2.30, 2.30, 26.90, 26.90, 26.90, 26.90, 26.90, 2.30, 2.30, 2.30, 2.30, 2.30]
  Objective : 106.827

[EVALUATION 20]
  Date/time : 2026-05-20 11:36:10
  x         : [202.07, 76.10, 76.10, 76.10, 76.10, 76.10, 3.00, 3.00, 3.00, 3.00, 3.00, 26.90, 26.90, 26.90, 26.90, 26.90, 2.30, 2.30, 2.32, 2.30, 2.30, 26.90, 26.90, 26.90, 26.90, 26.90, 2.30, 2.30, 2.30, 2.30, 2.30]
  Objective : 106.827

[EVALUATION 21]
  Date/time : 2026-05-20 11:36:15
  x         : [202.07, 76.10, 76.10, 76.10, 76.10, 76.10, 3.00, 3.00, 3.00, 3.00, 3.00, 26.90, 26.90, 26.90, 26.90, 26.90, 2.30, 2.30, 2.30, 2.32, 2.30, 26.90, 26.90, 26.90, 26.90, 26.90, 2.30, 2.30, 2.30, 2.30, 2.30]
  Objective : 106.827

[EVALUATION 22]
  Date/time : 2026-05-20 11:36:19
  x         : [202.07, 76.10, 76.10, 76.10, 76.10, 76.10, 3.00, 3.00, 3.00, 3.00, 3.00, 26.90, 26.90, 26.90, 26.90, 26.90, 2.30, 2.30, 2.30, 2.30, 2.32, 26.90, 26.90, 26.90, 26.90, 26.90, 2.30, 2.30, 2.30, 2.30, 2.30]
  Objective : 106.827

[EVALUATION 23]
  Date/time : 2026-05-20 11:36:24
  x         : [202.07, 76.10, 76.10, 76.10, 76.10, 76.10, 3.00, 3.00, 3.00, 3.00, 3.00, 26.90, 26.90, 26.90, 26.90, 26.90, 2.30, 2.30, 2.30, 2.30, 2.30, 27.17, 26.90, 26.90, 26.90, 26.90, 2.30, 2.30, 2.30, 2.30, 2.30]
  Objective : 106.829

[EVALUATION 24]
  Date/time : 2026-05-20 11:36:29
  x         : [202.07, 76.10, 76.10, 76.10, 76.10, 76.10, 3.00, 3.00, 3.00, 3.00, 3.00, 26.90, 26.90, 26.90, 26.90, 26.90, 2.30, 2.30, 2.30, 2.30, 2.30, 26.90, 27.17, 26.90, 26.90, 26.90, 2.30, 2.30, 2.30, 2.30, 2.30]
  Objective : 106.829

[EVALUATION 25]
  Date/time : 2026-05-20 11:36:34
  x         : [202.07, 76.10, 76.10, 76.10, 76.10, 76.10, 3.00, 3.00, 3.00, 3.00, 3.00, 26.90, 26.90, 26.90, 26.90, 26.90, 2.30, 2.30, 2.30, 2.30, 2.30, 26.90, 26.90, 27.17, 26.90, 26.90, 2.30, 2.30, 2.30, 2.30, 2.30]
  Objective : 106.829

[EVALUATION 26]
  Date/time : 2026-05-20 11:36:40
  x         : [202.07, 76.10, 76.10, 76.10, 76.10, 76.10, 3.00, 3.00, 3.00, 3.00, 3.00, 26.90, 26.90, 26.90, 26.90, 26.90, 2.30, 2.30, 2.30, 2.30, 2.30, 26.90, 26.90, 26.90, 27.17, 26.90, 2.30, 2.30, 2.30, 2.30, 2.30]
  Objective : 106.829

[EVALUATION 27]
  Date/time : 2026-05-20 11:36:45
  x         : [202.07, 76.10, 76.10, 76.10, 76.10, 76.10, 3.00, 3.00, 3.00, 3.00, 3.00, 26.90, 26.90, 26.90, 26.90, 26.90, 2.30, 2.30, 2.30, 2.30, 2.30, 26.90, 26.90, 26.90, 26.90, 27.17, 2.30, 2.30, 2.30, 2.30, 2.30]
  Objective : 106.829

[EVALUATION 28]
  Date/time : 2026-05-20 11:36:49
  x         : [202.07, 76.10, 76.10, 76.10, 76.10, 76.10, 3.00, 3.00, 3.00, 3.00, 3.00, 26.90, 26.90, 26.90, 26.90, 26.90, 2.30, 2.30, 2.30, 2.30, 2.30, 26.90, 26.90, 26.90, 26.90, 26.90, 2.32, 2.30, 2.30, 2.30, 2.30]
  Objective : 106.822

[EVALUATION 29]
  Date/time : 2026-05-20 11:36:55
  x         : [202.07, 76.10, 76.10, 76.10, 76.10, 76.10, 3.00, 3.00, 3.00, 3.00, 3.00, 26.90, 26.90, 26.90, 26.90, 26.90, 2.30, 2.30, 2.30, 2.30, 2.30, 26.90, 26.90, 26.90, 26.90, 26.90, 2.30, 2.32, 2.30, 2.30, 2.30]
  Objective : 106.822

[EVALUATION 30]
  Date/time : 2026-05-20 11:36:59
  x         : [202.07, 76.10, 76.10, 76.10, 76.10, 76.10, 3.00, 3.00, 3.00, 3.00, 3.00, 26.90, 26.90, 26.90, 26.90, 26.90, 2.30, 2.30, 2.30, 2.30, 2.30, 26.90, 26.90, 26.90, 26.90, 26.90, 2.30, 2.30, 2.32, 2.30, 2.30]
  Objective : 106.822

[EVALUATION 31]
  Date/time : 2026-05-20 11:37:04
  x         : [202.07, 76.10, 76.10, 76.10, 76.10, 76.10, 3.00, 3.00, 3.00, 3.00, 3.00, 26.90, 26.90, 26.90, 26.90, 26.90, 2.30, 2.30, 2.30, 2.30, 2.30, 26.90, 26.90, 26.90, 26.90, 26.90, 2.30, 2.30, 2.30, 2.32, 2.30]
  Objective : 106.822

[EVALUATION 32]
  Date/time : 2026-05-20 11:37:09
  x         : [202.07, 76.10, 76.10, 76.10, 76.10, 76.10, 3.00, 3.00, 3.00, 3.00, 3.00, 26.90, 26.90, 26.90, 26.90, 26.90, 2.30, 2.30, 2.30, 2.30, 2.30, 26.90, 26.90, 26.90, 26.90, 26.90, 2.30, 2.30, 2.30, 2.30, 2.32]
  Objective : 106.822

[EVALUATION 33]
  Date/time : 2026-05-20 11:37:15
  x         : [172.07, 66.20, 72.16, 66.20, 71.35, 66.20, 2.83, 3.07, 2.83, 3.03, 2.83, 20.90, 20.90, 20.90, 20.90, 20.90, 1.85, 1.85, 1.85, 1.85, 1.85, 20.90, 20.90, 20.90, 20.90, 20.90, 1.85, 1.85, 1.85, 1.85, 1.85]
  Objective : 79.910

[ITERATION 2]
  Date/time : 2026-05-20 11:37:15
  x         : [172.07    ,  66.2     ,  72.159556,  66.2     ,  71.350026,  66.2     ,
   2.828791,   3.066077,   2.828791,   3.033845,   2.828791,  20.9     ,
  20.9     ,  20.9     ,  20.9     ,  20.9     ,   1.85    ,   1.85    ,
   1.85    ,   1.85    ,   1.85    ,  20.9     ,  20.9     ,  20.9     ,
  20.9     ,  20.9     ,   1.85    ,   1.85    ,   1.85    ,   1.85    ,
   1.85    ]

Util_LB     Column:    0.047  Brace:    0.004
Util_NF     Column:    0.725  Brace:    0.355
Util_S      Column:    0.035  Brace:    0.015
Util_T      Column:    0.043  Brace:    0.047
Util_BR     Column:    0.836  Brace:    0.471
Util_IN     Column:    0.970  Brace:    0.571
Util_BS_sig  Column:    N/A    Brace:    0.491
Util_BS_defl  Column:    N/A    Brace:    0.134
[EVALUATION 34]
  Date/time : 2026-05-20 11:37:20
  x         : [174.09, 66.20, 72.16, 66.20, 71.35, 66.20, 2.83, 3.07, 2.83, 3.03, 2.83, 20.90, 20.90, 20.90, 20.90, 20.90, 1.85, 1.85, 1.85, 1.85, 1.85, 20.90, 20.90, 20.90, 20.90, 20.90, 1.85, 1.85, 1.85, 1.85, 1.85]
  Objective : 80.112

[EVALUATION 35]
  Date/time : 2026-05-20 11:37:25
  x         : [172.07, 66.96, 72.16, 66.20, 71.35, 66.20, 2.83, 3.07, 2.83, 3.03, 2.83, 20.90, 20.90, 20.90, 20.90, 20.90, 1.85, 1.85, 1.85, 1.85, 1.85, 20.90, 20.90, 20.90, 20.90, 20.90, 1.85, 1.85, 1.85, 1.85, 1.85]
  Objective : 80.039

[EVALUATION 36]
  Date/time : 2026-05-20 11:37:31
  x         : [172.07, 66.20, 72.92, 66.20, 71.35, 66.20, 2.83, 3.07, 2.83, 3.03, 2.83, 20.90, 20.90, 20.90, 20.90, 20.90, 1.85, 1.85, 1.85, 1.85, 1.85, 20.90, 20.90, 20.90, 20.90, 20.90, 1.85, 1.85, 1.85, 1.85, 1.85]
  Objective : 80.049

[EVALUATION 37]
  Date/time : 2026-05-20 11:37:36
  x         : [172.07, 66.20, 72.16, 66.96, 71.35, 66.20, 2.83, 3.07, 2.83, 3.03, 2.83, 20.90, 20.90, 20.90, 20.90, 20.90, 1.85, 1.85, 1.85, 1.85, 1.85, 20.90, 20.90, 20.90, 20.90, 20.90, 1.85, 1.85, 1.85, 1.85, 1.85]
  Objective : 80.039

[EVALUATION 38]
  Date/time : 2026-05-20 11:37:41
  x         : [172.07, 66.20, 72.16, 66.20, 72.11, 66.20, 2.83, 3.07, 2.83, 3.03, 2.83, 20.90, 20.90, 20.90, 20.90, 20.90, 1.85, 1.85, 1.85, 1.85, 1.85, 20.90, 20.90, 20.90, 20.90, 20.90, 1.85, 1.85, 1.85, 1.85, 1.85]
  Objective : 80.048

[EVALUATION 39]
  Date/time : 2026-05-20 11:37:47
  x         : [172.07, 66.20, 72.16, 66.20, 71.35, 66.96, 2.83, 3.07, 2.83, 3.03, 2.83, 20.90, 20.90, 20.90, 20.90, 20.90, 1.85, 1.85, 1.85, 1.85, 1.85, 20.90, 20.90, 20.90, 20.90, 20.90, 1.85, 1.85, 1.85, 1.85, 1.85]
  Objective : 80.040

[EVALUATION 40]
  Date/time : 2026-05-20 11:37:52
  x         : [172.07, 66.20, 72.16, 66.20, 71.35, 66.20, 2.86, 3.07, 2.83, 3.03, 2.83, 20.90, 20.90, 20.90, 20.90, 20.90, 1.85, 1.85, 1.85, 1.85, 1.85, 20.90, 20.90, 20.90, 20.90, 20.90, 1.85, 1.85, 1.85, 1.85, 1.85]
  Objective : 80.019

[EVALUATION 41]
  Date/time : 2026-05-20 11:37:57
  x         : [172.07, 66.20, 72.16, 66.20, 71.35, 66.20, 2.83, 3.10, 2.83, 3.03, 2.83, 20.90, 20.90, 20.90, 20.90, 20.90, 1.85, 1.85, 1.85, 1.85, 1.85, 20.90, 20.90, 20.90, 20.90, 20.90, 1.85, 1.85, 1.85, 1.85, 1.85]
  Objective : 80.028

[EVALUATION 42]
  Date/time : 2026-05-20 11:38:02
  x         : [172.07, 66.20, 72.16, 66.20, 71.35, 66.20, 2.83, 3.07, 2.86, 3.03, 2.83, 20.90, 20.90, 20.90, 20.90, 20.90, 1.85, 1.85, 1.85, 1.85, 1.85, 20.90, 20.90, 20.90, 20.90, 20.90, 1.85, 1.85, 1.85, 1.85, 1.85]
  Objective : 80.018

[EVALUATION 43]
  Date/time : 2026-05-20 11:38:07
  x         : [172.07, 66.20, 72.16, 66.20, 71.35, 66.20, 2.83, 3.07, 2.83, 3.06, 2.83, 20.90, 20.90, 20.90, 20.90, 20.90, 1.85, 1.85, 1.85, 1.85, 1.85, 20.90, 20.90, 20.90, 20.90, 20.90, 1.85, 1.85, 1.85, 1.85, 1.85]
  Objective : 80.027

[EVALUATION 44]
  Date/time : 2026-05-20 11:38:12
  x         : [172.07, 66.20, 72.16, 66.20, 71.35, 66.20, 2.83, 3.07, 2.83, 3.03, 2.86, 20.90, 20.90, 20.90, 20.90, 20.90, 1.85, 1.85, 1.85, 1.85, 1.85, 20.90, 20.90, 20.90, 20.90, 20.90, 1.85, 1.85, 1.85, 1.85, 1.85]
  Objective : 80.019

[EVALUATION 45]
  Date/time : 2026-05-20 11:38:18
  x         : [172.07, 66.20, 72.16, 66.20, 71.35, 66.20, 2.83, 3.07, 2.83, 3.03, 2.83, 21.17, 20.90, 20.90, 20.90, 20.90, 1.85, 1.85, 1.85, 1.85, 1.85, 20.90, 20.90, 20.90, 20.90, 20.90, 1.85, 1.85, 1.85, 1.85, 1.85]
  Objective : 79.942

[EVALUATION 46]
  Date/time : 2026-05-20 11:38:23
  x         : [172.07, 66.20, 72.16, 66.20, 71.35, 66.20, 2.83, 3.07, 2.83, 3.03, 2.83, 20.90, 21.17, 20.90, 20.90, 20.90, 1.85, 1.85, 1.85, 1.85, 1.85, 20.90, 20.90, 20.90, 20.90, 20.90, 1.85, 1.85, 1.85, 1.85, 1.85]
  Objective : 79.942

[EVALUATION 47]
  Date/time : 2026-05-20 11:38:28
  x         : [172.07, 66.20, 72.16, 66.20, 71.35, 66.20, 2.83, 3.07, 2.83, 3.03, 2.83, 20.90, 20.90, 21.17, 20.90, 20.90, 1.85, 1.85, 1.85, 1.85, 1.85, 20.90, 20.90, 20.90, 20.90, 20.90, 1.85, 1.85, 1.85, 1.85, 1.85]
  Objective : 79.942

[EVALUATION 48]
  Date/time : 2026-05-20 11:38:34
  x         : [172.07, 66.20, 72.16, 66.20, 71.35, 66.20, 2.83, 3.07, 2.83, 3.03, 2.83, 20.90, 20.90, 20.90, 21.17, 20.90, 1.85, 1.85, 1.85, 1.85, 1.85, 20.90, 20.90, 20.90, 20.90, 20.90, 1.85, 1.85, 1.85, 1.85, 1.85]
  Objective : 79.942

[EVALUATION 49]
  Date/time : 2026-05-20 11:38:39
  x         : [172.07, 66.20, 72.16, 66.20, 71.35, 66.20, 2.83, 3.07, 2.83, 3.03, 2.83, 20.90, 20.90, 20.90, 20.90, 21.17, 1.85, 1.85, 1.85, 1.85, 1.85, 20.90, 20.90, 20.90, 20.90, 20.90, 1.85, 1.85, 1.85, 1.85, 1.85]
  Objective : 79.942

[EVALUATION 50]
  Date/time : 2026-05-20 11:38:44
  x         : [172.07, 66.20, 72.16, 66.20, 71.35, 66.20, 2.83, 3.07, 2.83, 3.03, 2.83, 20.90, 20.90, 20.90, 20.90, 20.90, 1.87, 1.85, 1.85, 1.85, 1.85, 20.90, 20.90, 20.90, 20.90, 20.90, 1.85, 1.85, 1.85, 1.85, 1.85]
  Objective : 79.936

[EVALUATION 51]
  Date/time : 2026-05-20 11:38:49
  x         : [172.07, 66.20, 72.16, 66.20, 71.35, 66.20, 2.83, 3.07, 2.83, 3.03, 2.83, 20.90, 20.90, 20.90, 20.90, 20.90, 1.85, 1.87, 1.85, 1.85, 1.85, 20.90, 20.90, 20.90, 20.90, 20.90, 1.85, 1.85, 1.85, 1.85, 1.85]
  Objective : 79.936

[EVALUATION 52]
  Date/time : 2026-05-20 11:38:55
  x         : [172.07, 66.20, 72.16, 66.20, 71.35, 66.20, 2.83, 3.07, 2.83, 3.03, 2.83, 20.90, 20.90, 20.90, 20.90, 20.90, 1.85, 1.85, 1.87, 1.85, 1.85, 20.90, 20.90, 20.90, 20.90, 20.90, 1.85, 1.85, 1.85, 1.85, 1.85]
  Objective : 79.936

[EVALUATION 53]
  Date/time : 2026-05-20 11:39:00
  x         : [172.07, 66.20, 72.16, 66.20, 71.35, 66.20, 2.83, 3.07, 2.83, 3.03, 2.83, 20.90, 20.90, 20.90, 20.90, 20.90, 1.85, 1.85, 1.85, 1.87, 1.85, 20.90, 20.90, 20.90, 20.90, 20.90, 1.85, 1.85, 1.85, 1.85, 1.85]
  Objective : 79.936

[EVALUATION 54]
  Date/time : 2026-05-20 11:39:05
  x         : [172.07, 66.20, 72.16, 66.20, 71.35, 66.20, 2.83, 3.07, 2.83, 3.03, 2.83, 20.90, 20.90, 20.90, 20.90, 20.90, 1.85, 1.85, 1.85, 1.85, 1.87, 20.90, 20.90, 20.90, 20.90, 20.90, 1.85, 1.85, 1.85, 1.85, 1.85]
  Objective : 79.936

[EVALUATION 55]
  Date/time : 2026-05-20 11:39:10
  x         : [172.07, 66.20, 72.16, 66.20, 71.35, 66.20, 2.83, 3.07, 2.83, 3.03, 2.83, 20.90, 20.90, 20.90, 20.90, 20.90, 1.85, 1.85, 1.85, 1.85, 1.85, 21.17, 20.90, 20.90, 20.90, 20.90, 1.85, 1.85, 1.85, 1.85, 1.85]
  Objective : 79.940

[EVALUATION 56]
  Date/time : 2026-05-20 11:39:15
  x         : [172.07, 66.20, 72.16, 66.20, 71.35, 66.20, 2.83, 3.07, 2.83, 3.03, 2.83, 20.90, 20.90, 20.90, 20.90, 20.90, 1.85, 1.85, 1.85, 1.85, 1.85, 20.90, 21.17, 20.90, 20.90, 20.90, 1.85, 1.85, 1.85, 1.85, 1.85]
  Objective : 79.940

[EVALUATION 57]
  Date/time : 2026-05-20 11:39:20
  x         : [172.07, 66.20, 72.16, 66.20, 71.35, 66.20, 2.83, 3.07, 2.83, 3.03, 2.83, 20.90, 20.90, 20.90, 20.90, 20.90, 1.85, 1.85, 1.85, 1.85, 1.85, 20.90, 20.90, 21.17, 20.90, 20.90, 1.85, 1.85, 1.85, 1.85, 1.85]
  Objective : 79.940

[EVALUATION 58]
  Date/time : 2026-05-20 11:39:25
  x         : [172.07, 66.20, 72.16, 66.20, 71.35, 66.20, 2.83, 3.07, 2.83, 3.03, 2.83, 20.90, 20.90, 20.90, 20.90, 20.90, 1.85, 1.85, 1.85, 1.85, 1.85, 20.90, 20.90, 20.90, 21.17, 20.90, 1.85, 1.85, 1.85, 1.85, 1.85]
  Objective : 79.940

[EVALUATION 59]
  Date/time : 2026-05-20 11:39:31
  x         : [172.07, 66.20, 72.16, 66.20, 71.35, 66.20, 2.83, 3.07, 2.83, 3.03, 2.83, 20.90, 20.90, 20.90, 20.90, 20.90, 1.85, 1.85, 1.85, 1.85, 1.85, 20.90, 20.90, 20.90, 20.90, 21.17, 1.85, 1.85, 1.85, 1.85, 1.85]
  Objective : 79.940

[EVALUATION 60]
  Date/time : 2026-05-20 11:39:36
  x         : [172.07, 66.20, 72.16, 66.20, 71.35, 66.20, 2.83, 3.07, 2.83, 3.03, 2.83, 20.90, 20.90, 20.90, 20.90, 20.90, 1.85, 1.85, 1.85, 1.85, 1.85, 20.90, 20.90, 20.90, 20.90, 20.90, 1.87, 1.85, 1.85, 1.85, 1.85]
  Objective : 79.934

[EVALUATION 61]
  Date/time : 2026-05-20 11:39:41
  x         : [172.07, 66.20, 72.16, 66.20, 71.35, 66.20, 2.83, 3.07, 2.83, 3.03, 2.83, 20.90, 20.90, 20.90, 20.90, 20.90, 1.85, 1.85, 1.85, 1.85, 1.85, 20.90, 20.90, 20.90, 20.90, 20.90, 1.85, 1.87, 1.85, 1.85, 1.85]
  Objective : 79.934

[EVALUATION 62]
  Date/time : 2026-05-20 11:39:46
  x         : [172.07, 66.20, 72.16, 66.20, 71.35, 66.20, 2.83, 3.07, 2.83, 3.03, 2.83, 20.90, 20.90, 20.90, 20.90, 20.90, 1.85, 1.85, 1.85, 1.85, 1.85, 20.90, 20.90, 20.90, 20.90, 20.90, 1.85, 1.85, 1.87, 1.85, 1.85]
  Objective : 79.934

[EVALUATION 63]
  Date/time : 2026-05-20 11:39:51
  x         : [172.07, 66.20, 72.16, 66.20, 71.35, 66.20, 2.83, 3.07, 2.83, 3.03, 2.83, 20.90, 20.90, 20.90, 20.90, 20.90, 1.85, 1.85, 1.85, 1.85, 1.85, 20.90, 20.90, 20.90, 20.90, 20.90, 1.85, 1.85, 1.85, 1.87, 1.85]
  Objective : 79.934

[EVALUATION 64]
  Date/time : 2026-05-20 11:39:56
  x         : [172.07, 66.20, 72.16, 66.20, 71.35, 66.20, 2.83, 3.07, 2.83, 3.03, 2.83, 20.90, 20.90, 20.90, 20.90, 20.90, 1.85, 1.85, 1.85, 1.85, 1.85, 20.90, 20.90, 20.90, 20.90, 20.90, 1.85, 1.85, 1.85, 1.85, 1.87]
  Objective : 79.934

[EVALUATION 65]
  Date/time : 2026-05-20 11:40:02
  x         : [205.07, 55.31, 61.27, 57.95, 60.46, 59.24, 2.66, 2.65, 2.50, 2.62, 2.52, 14.59, 14.59, 14.59, 14.59, 14.59, 1.35, 1.35, 1.35, 1.35, 1.35, 14.30, 14.30, 14.30, 14.30, 14.30, 1.35, 1.35, 1.35, 1.35, 1.35]
  Objective : 56.722

[ITERATION 3]
  Date/time : 2026-05-20 11:40:02
  x         : [205.07    ,  55.31    ,  61.269556,  57.945832,  60.460026,  59.240069,
   2.655161,   2.653577,   2.5     ,   2.621345,   2.516288,  14.588953,
  14.588953,  14.588953,  14.588953,  14.588953,   1.355   ,   1.355   ,
   1.355   ,   1.355   ,   1.355   ,  14.3     ,  14.3     ,  14.3     ,
  14.3     ,  14.3     ,   1.355   ,   1.355   ,   1.355   ,   1.355   ,
   1.355   ]

Util_LB     Column:    0.051  Brace:    0.005
Util_NF     Column:    0.799  Brace:    0.573
Util_S      Column:    0.038  Brace:    0.009
Util_T      Column:    0.055  Brace:    0.049
Util_BR     Column:    0.946  Brace:    0.722
Util_IN     Column:    1.057  Brace:    0.819
Util_BS_sig  Column:    N/A    Brace:    1.640
Util_BS_defl  Column:    N/A    Brace:    0.777
[EVALUATION 66]
  Date/time : 2026-05-20 11:40:08
  x         : [207.09, 55.31, 61.27, 57.95, 60.46, 59.24, 2.66, 2.65, 2.50, 2.62, 2.52, 14.59, 14.59, 14.59, 14.59, 14.59, 1.35, 1.35, 1.35, 1.35, 1.35, 14.30, 14.30, 14.30, 14.30, 14.30, 1.35, 1.35, 1.35, 1.35, 1.35]
  Objective : 56.827

[EVALUATION 67]
  Date/time : 2026-05-20 11:40:14
  x         : [205.07, 56.07, 61.27, 57.95, 60.46, 59.24, 2.66, 2.65, 2.50, 2.62, 2.52, 14.59, 14.59, 14.59, 14.59, 14.59, 1.35, 1.35, 1.35, 1.35, 1.35, 14.30, 14.30, 14.30, 14.30, 14.30, 1.35, 1.35, 1.35, 1.35, 1.35]
  Objective : 56.844

[EVALUATION 68]
  Date/time : 2026-05-20 11:40:19
  x         : [205.07, 55.31, 62.03, 57.95, 60.46, 59.24, 2.66, 2.65, 2.50, 2.62, 2.52, 14.59, 14.59, 14.59, 14.59, 14.59, 1.35, 1.35, 1.35, 1.35, 1.35, 14.30, 14.30, 14.30, 14.30, 14.30, 1.35, 1.35, 1.35, 1.35, 1.35]
  Objective : 56.843

[EVALUATION 69]
  Date/time : 2026-05-20 11:40:25
  x         : [205.07, 55.31, 61.27, 58.71, 60.46, 59.24, 2.66, 2.65, 2.50, 2.62, 2.52, 14.59, 14.59, 14.59, 14.59, 14.59, 1.35, 1.35, 1.35, 1.35, 1.35, 14.30, 14.30, 14.30, 14.30, 14.30, 1.35, 1.35, 1.35, 1.35, 1.35]
  Objective : 56.836

[EVALUATION 70]
  Date/time : 2026-05-20 11:40:30
  x         : [205.07, 55.31, 61.27, 57.95, 61.22, 59.24, 2.66, 2.65, 2.50, 2.62, 2.52, 14.59, 14.59, 14.59, 14.59, 14.59, 1.35, 1.35, 1.35, 1.35, 1.35, 14.30, 14.30, 14.30, 14.30, 14.30, 1.35, 1.35, 1.35, 1.35, 1.35]
  Objective : 56.842

[EVALUATION 71]
  Date/time : 2026-05-20 11:40:36
  x         : [205.07, 55.31, 61.27, 57.95, 60.46, 60.00, 2.66, 2.65, 2.50, 2.62, 2.52, 14.59, 14.59, 14.59, 14.59, 14.59, 1.35, 1.35, 1.35, 1.35, 1.35, 14.30, 14.30, 14.30, 14.30, 14.30, 1.35, 1.35, 1.35, 1.35, 1.35]
  Objective : 56.838

[EVALUATION 72]
  Date/time : 2026-05-20 11:40:41
  x         : [205.07, 55.31, 61.27, 57.95, 60.46, 59.24, 2.69, 2.65, 2.50, 2.62, 2.52, 14.59, 14.59, 14.59, 14.59, 14.59, 1.35, 1.35, 1.35, 1.35, 1.35, 14.30, 14.30, 14.30, 14.30, 14.30, 1.35, 1.35, 1.35, 1.35, 1.35]
  Objective : 56.812

[EVALUATION 73]
  Date/time : 2026-05-20 11:40:47
  x         : [205.07, 55.31, 61.27, 57.95, 60.46, 59.24, 2.66, 2.68, 2.50, 2.62, 2.52, 14.59, 14.59, 14.59, 14.59, 14.59, 1.35, 1.35, 1.35, 1.35, 1.35, 14.30, 14.30, 14.30, 14.30, 14.30, 1.35, 1.35, 1.35, 1.35, 1.35]
  Objective : 56.823

[EVALUATION 74]
  Date/time : 2026-05-20 11:40:53
  x         : [205.07, 55.31, 61.27, 57.95, 60.46, 59.24, 2.66, 2.65, 2.53, 2.62, 2.52, 14.59, 14.59, 14.59, 14.59, 14.59, 1.35, 1.35, 1.35, 1.35, 1.35, 14.30, 14.30, 14.30, 14.30, 14.30, 1.35, 1.35, 1.35, 1.35, 1.35]
  Objective : 56.818

[EVALUATION 75]
  Date/time : 2026-05-20 11:40:58
  x         : [205.07, 55.31, 61.27, 57.95, 60.46, 59.24, 2.66, 2.65, 2.50, 2.65, 2.52, 14.59, 14.59, 14.59, 14.59, 14.59, 1.35, 1.35, 1.35, 1.35, 1.35, 14.30, 14.30, 14.30, 14.30, 14.30, 1.35, 1.35, 1.35, 1.35, 1.35]
  Objective : 56.822

[EVALUATION 76]
  Date/time : 2026-05-20 11:41:04
  x         : [205.07, 55.31, 61.27, 57.95, 60.46, 59.24, 2.66, 2.65, 2.50, 2.62, 2.55, 14.59, 14.59, 14.59, 14.59, 14.59, 1.35, 1.35, 1.35, 1.35, 1.35, 14.30, 14.30, 14.30, 14.30, 14.30, 1.35, 1.35, 1.35, 1.35, 1.35]
  Objective : 56.821

[EVALUATION 77]
  Date/time : 2026-05-20 11:41:09
  x         : [205.07, 55.31, 61.27, 57.95, 60.46, 59.24, 2.66, 2.65, 2.50, 2.62, 2.52, 14.86, 14.59, 14.59, 14.59, 14.59, 1.35, 1.35, 1.35, 1.35, 1.35, 14.30, 14.30, 14.30, 14.30, 14.30, 1.35, 1.35, 1.35, 1.35, 1.35]
  Objective : 56.751

[EVALUATION 78]
  Date/time : 2026-05-20 11:41:15
  x         : [205.07, 55.31, 61.27, 57.95, 60.46, 59.24, 2.66, 2.65, 2.50, 2.62, 2.52, 14.59, 14.86, 14.59, 14.59, 14.59, 1.35, 1.35, 1.35, 1.35, 1.35, 14.30, 14.30, 14.30, 14.30, 14.30, 1.35, 1.35, 1.35, 1.35, 1.35]
  Objective : 56.751

[EVALUATION 79]
  Date/time : 2026-05-20 11:41:21
  x         : [205.07, 55.31, 61.27, 57.95, 60.46, 59.24, 2.66, 2.65, 2.50, 2.62, 2.52, 14.59, 14.59, 14.86, 14.59, 14.59, 1.35, 1.35, 1.35, 1.35, 1.35, 14.30, 14.30, 14.30, 14.30, 14.30, 1.35, 1.35, 1.35, 1.35, 1.35]
  Objective : 56.751

[EVALUATION 80]
  Date/time : 2026-05-20 11:41:26
  x         : [205.07, 55.31, 61.27, 57.95, 60.46, 59.24, 2.66, 2.65, 2.50, 2.62, 2.52, 14.59, 14.59, 14.59, 14.86, 14.59, 1.35, 1.35, 1.35, 1.35, 1.35, 14.30, 14.30, 14.30, 14.30, 14.30, 1.35, 1.35, 1.35, 1.35, 1.35]
  Objective : 56.751

[EVALUATION 81]
  Date/time : 2026-05-20 11:41:32
  x         : [205.07, 55.31, 61.27, 57.95, 60.46, 59.24, 2.66, 2.65, 2.50, 2.62, 2.52, 14.59, 14.59, 14.59, 14.59, 14.86, 1.35, 1.35, 1.35, 1.35, 1.35, 14.30, 14.30, 14.30, 14.30, 14.30, 1.35, 1.35, 1.35, 1.35, 1.35]
  Objective : 56.751

[EVALUATION 82]
  Date/time : 2026-05-20 11:41:38
  x         : [205.07, 55.31, 61.27, 57.95, 60.46, 59.24, 2.66, 2.65, 2.50, 2.62, 2.52, 14.59, 14.59, 14.59, 14.59, 14.59, 1.38, 1.35, 1.35, 1.35, 1.35, 14.30, 14.30, 14.30, 14.30, 14.30, 1.35, 1.35, 1.35, 1.35, 1.35]
  Objective : 56.744

[EVALUATION 83]
  Date/time : 2026-05-20 11:41:44
  x         : [205.07, 55.31, 61.27, 57.95, 60.46, 59.24, 2.66, 2.65, 2.50, 2.62, 2.52, 14.59, 14.59, 14.59, 14.59, 14.59, 1.35, 1.38, 1.35, 1.35, 1.35, 14.30, 14.30, 14.30, 14.30, 14.30, 1.35, 1.35, 1.35, 1.35, 1.35]
  Objective : 56.744

[EVALUATION 84]
  Date/time : 2026-05-20 11:41:50
  x         : [205.07, 55.31, 61.27, 57.95, 60.46, 59.24, 2.66, 2.65, 2.50, 2.62, 2.52, 14.59, 14.59, 14.59, 14.59, 14.59, 1.35, 1.35, 1.38, 1.35, 1.35, 14.30, 14.30, 14.30, 14.30, 14.30, 1.35, 1.35, 1.35, 1.35, 1.35]
  Objective : 56.744

[EVALUATION 85]
  Date/time : 2026-05-20 11:41:55
  x         : [205.07, 55.31, 61.27, 57.95, 60.46, 59.24, 2.66, 2.65, 2.50, 2.62, 2.52, 14.59, 14.59, 14.59, 14.59, 14.59, 1.35, 1.35, 1.35, 1.38, 1.35, 14.30, 14.30, 14.30, 14.30, 14.30, 1.35, 1.35, 1.35, 1.35, 1.35]
  Objective : 56.744

[EVALUATION 86]
  Date/time : 2026-05-20 11:42:01
  x         : [205.07, 55.31, 61.27, 57.95, 60.46, 59.24, 2.66, 2.65, 2.50, 2.62, 2.52, 14.59, 14.59, 14.59, 14.59, 14.59, 1.35, 1.35, 1.35, 1.35, 1.38, 14.30, 14.30, 14.30, 14.30, 14.30, 1.35, 1.35, 1.35, 1.35, 1.35]
  Objective : 56.744

[EVALUATION 87]
  Date/time : 2026-05-20 11:42:06
  x         : [205.07, 55.31, 61.27, 57.95, 60.46, 59.24, 2.66, 2.65, 2.50, 2.62, 2.52, 14.59, 14.59, 14.59, 14.59, 14.59, 1.35, 1.35, 1.35, 1.35, 1.35, 14.57, 14.30, 14.30, 14.30, 14.30, 1.35, 1.35, 1.35, 1.35, 1.35]
  Objective : 56.747

[EVALUATION 88]
  Date/time : 2026-05-20 11:42:13
  x         : [205.07, 55.31, 61.27, 57.95, 60.46, 59.24, 2.66, 2.65, 2.50, 2.62, 2.52, 14.59, 14.59, 14.59, 14.59, 14.59, 1.35, 1.35, 1.35, 1.35, 1.35, 14.30, 14.57, 14.30, 14.30, 14.30, 1.35, 1.35, 1.35, 1.35, 1.35]
  Objective : 56.747

[EVALUATION 89]
  Date/time : 2026-05-20 11:42:19
  x         : [205.07, 55.31, 61.27, 57.95, 60.46, 59.24, 2.66, 2.65, 2.50, 2.62, 2.52, 14.59, 14.59, 14.59, 14.59, 14.59, 1.35, 1.35, 1.35, 1.35, 1.35, 14.30, 14.30, 14.57, 14.30, 14.30, 1.35, 1.35, 1.35, 1.35, 1.35]
  Objective : 56.747

[EVALUATION 90]
  Date/time : 2026-05-20 11:42:25
  x         : [205.07, 55.31, 61.27, 57.95, 60.46, 59.24, 2.66, 2.65, 2.50, 2.62, 2.52, 14.59, 14.59, 14.59, 14.59, 14.59, 1.35, 1.35, 1.35, 1.35, 1.35, 14.30, 14.30, 14.30, 14.57, 14.30, 1.35, 1.35, 1.35, 1.35, 1.35]
  Objective : 56.747

[EVALUATION 91]
  Date/time : 2026-05-20 11:42:31
  x         : [205.07, 55.31, 61.27, 57.95, 60.46, 59.24, 2.66, 2.65, 2.50, 2.62, 2.52, 14.59, 14.59, 14.59, 14.59, 14.59, 1.35, 1.35, 1.35, 1.35, 1.35, 14.30, 14.30, 14.30, 14.30, 14.57, 1.35, 1.35, 1.35, 1.35, 1.35]
  Objective : 56.747

[EVALUATION 92]
  Date/time : 2026-05-20 11:42:37
  x         : [205.07, 55.31, 61.27, 57.95, 60.46, 59.24, 2.66, 2.65, 2.50, 2.62, 2.52, 14.59, 14.59, 14.59, 14.59, 14.59, 1.35, 1.35, 1.35, 1.35, 1.35, 14.30, 14.30, 14.30, 14.30, 14.30, 1.38, 1.35, 1.35, 1.35, 1.35]
  Objective : 56.740

[EVALUATION 93]
  Date/time : 2026-05-20 11:42:43
  x         : [205.07, 55.31, 61.27, 57.95, 60.46, 59.24, 2.66, 2.65, 2.50, 2.62, 2.52, 14.59, 14.59, 14.59, 14.59, 14.59, 1.35, 1.35, 1.35, 1.35, 1.35, 14.30, 14.30, 14.30, 14.30, 14.30, 1.35, 1.38, 1.35, 1.35, 1.35]
  Objective : 56.740

[EVALUATION 94]
  Date/time : 2026-05-20 11:42:49
  x         : [205.07, 55.31, 61.27, 57.95, 60.46, 59.24, 2.66, 2.65, 2.50, 2.62, 2.52, 14.59, 14.59, 14.59, 14.59, 14.59, 1.35, 1.35, 1.35, 1.35, 1.35, 14.30, 14.30, 14.30, 14.30, 14.30, 1.35, 1.35, 1.38, 1.35, 1.35]
  Objective : 56.740

[EVALUATION 95]
  Date/time : 2026-05-20 11:42:55
  x         : [205.07, 55.31, 61.27, 57.95, 60.46, 59.24, 2.66, 2.65, 2.50, 2.62, 2.52, 14.59, 14.59, 14.59, 14.59, 14.59, 1.35, 1.35, 1.35, 1.35, 1.35, 14.30, 14.30, 14.30, 14.30, 14.30, 1.35, 1.35, 1.35, 1.38, 1.35]
  Objective : 56.740

[EVALUATION 96]
  Date/time : 2026-05-20 11:43:01
  x         : [205.07, 55.31, 61.27, 57.95, 60.46, 59.24, 2.66, 2.65, 2.50, 2.62, 2.52, 14.59, 14.59, 14.59, 14.59, 14.59, 1.35, 1.35, 1.35, 1.35, 1.35, 14.30, 14.30, 14.30, 14.30, 14.30, 1.35, 1.35, 1.35, 1.35, 1.38]
  Objective : 56.740

[EVALUATION 97]
  Date/time : 2026-05-20 11:43:08
  x         : [218.84, 59.23, 58.16, 57.92, 57.54, 59.64, 2.50, 2.50, 2.50, 2.50, 2.54, 18.85, 18.85, 18.85, 18.85, 18.85, 1.00, 1.00, 1.00, 1.00, 1.00, 10.00, 10.00, 10.00, 10.46, 10.00, 1.57, 1.00, 1.00, 1.00, 1.00]
  Objective : 53.156

[ITERATION 4]
  Date/time : 2026-05-20 11:43:08
  x         : [218.8375  ,  59.234898,  58.159881,  57.917563,  57.53655 ,  59.640207,
   2.501684,   2.5     ,   2.5     ,   2.5     ,   2.538099,  18.845087,
  18.845087,  18.845087,  18.845087,  18.845087,   1.      ,   1.      ,
   1.      ,   1.      ,   1.      ,  10.      ,  10.      ,  10.      ,
  10.456212,  10.      ,   1.571012,   1.      ,   1.      ,   1.      ,
   1.      ]

Util_LB     Column:    0.048  Brace:    0.008
Util_NF     Column:    0.751  Brace:    0.824
Util_S      Column:    0.031  Brace:    0.018
Util_T      Column:    0.065  Brace:    0.071
Util_BR     Column:    1.066  Brace:    1.137
Util_IN     Column:    1.226  Brace:    1.219
Util_BS_sig  Column:    N/A    Brace:    1.265
Util_BS_defl  Column:    N/A    Brace:    0.492
[EVALUATION 98]
  Date/time : 2026-05-20 11:43:14
  x         : [220.86, 59.23, 58.16, 57.92, 57.54, 59.64, 2.50, 2.50, 2.50, 2.50, 2.54, 18.85, 18.85, 18.85, 18.85, 18.85, 1.00, 1.00, 1.00, 1.00, 1.00, 10.00, 10.00, 10.00, 10.46, 10.00, 1.57, 1.00, 1.00, 1.00, 1.00]
  Objective : 53.245

[EVALUATION 99]
  Date/time : 2026-05-20 11:43:20
  x         : [218.84, 60.00, 58.16, 57.92, 57.54, 59.64, 2.50, 2.50, 2.50, 2.50, 2.54, 18.85, 18.85, 18.85, 18.85, 18.85, 1.00, 1.00, 1.00, 1.00, 1.00, 10.00, 10.00, 10.00, 10.46, 10.00, 1.57, 1.00, 1.00, 1.00, 1.00]
  Objective : 53.270

[EVALUATION 100]
  Date/time : 2026-05-20 11:43:26
  x         : [218.84, 59.23, 58.92, 57.92, 57.54, 59.64, 2.50, 2.50, 2.50, 2.50, 2.54, 18.85, 18.85, 18.85, 18.85, 18.85, 1.00, 1.00, 1.00, 1.00, 1.00, 10.00, 10.00, 10.00, 10.46, 10.00, 1.57, 1.00, 1.00, 1.00, 1.00]
  Objective : 53.270

[EVALUATION 101]
  Date/time : 2026-05-20 11:43:32
  x         : [218.84, 59.23, 58.16, 58.68, 57.54, 59.64, 2.50, 2.50, 2.50, 2.50, 2.54, 18.85, 18.85, 18.85, 18.85, 18.85, 1.00, 1.00, 1.00, 1.00, 1.00, 10.00, 10.00, 10.00, 10.46, 10.00, 1.57, 1.00, 1.00, 1.00, 1.00]
  Objective : 53.270

[EVALUATION 102]
  Date/time : 2026-05-20 11:43:38
  x         : [218.84, 59.23, 58.16, 57.92, 58.30, 59.64, 2.50, 2.50, 2.50, 2.50, 2.54, 18.85, 18.85, 18.85, 18.85, 18.85, 1.00, 1.00, 1.00, 1.00, 1.00, 10.00, 10.00, 10.00, 10.46, 10.00, 1.57, 1.00, 1.00, 1.00, 1.00]
  Objective : 53.270

[EVALUATION 103]
  Date/time : 2026-05-20 11:43:44
  x         : [218.84, 59.23, 58.16, 57.92, 57.54, 60.40, 2.50, 2.50, 2.50, 2.50, 2.54, 18.85, 18.85, 18.85, 18.85, 18.85, 1.00, 1.00, 1.00, 1.00, 1.00, 10.00, 10.00, 10.00, 10.46, 10.00, 1.57, 1.00, 1.00, 1.00, 1.00]
  Objective : 53.272

[EVALUATION 104]
  Date/time : 2026-05-20 11:43:50
  x         : [218.84, 59.23, 58.16, 57.92, 57.54, 59.64, 2.53, 2.50, 2.50, 2.50, 2.54, 18.85, 18.85, 18.85, 18.85, 18.85, 1.00, 1.00, 1.00, 1.00, 1.00, 10.00, 10.00, 10.00, 10.46, 10.00, 1.57, 1.00, 1.00, 1.00, 1.00]
  Objective : 53.253

[EVALUATION 105]
  Date/time : 2026-05-20 11:43:57
  x         : [218.84, 59.23, 58.16, 57.92, 57.54, 59.64, 2.50, 2.53, 2.50, 2.50, 2.54, 18.85, 18.85, 18.85, 18.85, 18.85, 1.00, 1.00, 1.00, 1.00, 1.00, 10.00, 10.00, 10.00, 10.46, 10.00, 1.57, 1.00, 1.00, 1.00, 1.00]
  Objective : 53.251

[EVALUATION 106]
  Date/time : 2026-05-20 11:44:03
  x         : [218.84, 59.23, 58.16, 57.92, 57.54, 59.64, 2.50, 2.50, 2.53, 2.50, 2.54, 18.85, 18.85, 18.85, 18.85, 18.85, 1.00, 1.00, 1.00, 1.00, 1.00, 10.00, 10.00, 10.00, 10.46, 10.00, 1.57, 1.00, 1.00, 1.00, 1.00]
  Objective : 53.251

[EVALUATION 107]
  Date/time : 2026-05-20 11:44:09
  x         : [218.84, 59.23, 58.16, 57.92, 57.54, 59.64, 2.50, 2.50, 2.50, 2.53, 2.54, 18.85, 18.85, 18.85, 18.85, 18.85, 1.00, 1.00, 1.00, 1.00, 1.00, 10.00, 10.00, 10.00, 10.46, 10.00, 1.57, 1.00, 1.00, 1.00, 1.00]
  Objective : 53.250

[EVALUATION 108]
  Date/time : 2026-05-20 11:44:15
  x         : [218.84, 59.23, 58.16, 57.92, 57.54, 59.64, 2.50, 2.50, 2.50, 2.50, 2.57, 18.85, 18.85, 18.85, 18.85, 18.85, 1.00, 1.00, 1.00, 1.00, 1.00, 10.00, 10.00, 10.00, 10.46, 10.00, 1.57, 1.00, 1.00, 1.00, 1.00]
  Objective : 53.254

[EVALUATION 109]
  Date/time : 2026-05-20 11:44:20
  x         : [218.84, 59.23, 58.16, 57.92, 57.54, 59.64, 2.50, 2.50, 2.50, 2.50, 2.54, 19.11, 18.85, 18.85, 18.85, 18.85, 1.00, 1.00, 1.00, 1.00, 1.00, 10.00, 10.00, 10.00, 10.46, 10.00, 1.57, 1.00, 1.00, 1.00, 1.00]
  Objective : 53.178

[EVALUATION 110]
  Date/time : 2026-05-20 11:44:26
  x         : [218.84, 59.23, 58.16, 57.92, 57.54, 59.64, 2.50, 2.50, 2.50, 2.50, 2.54, 18.85, 19.11, 18.85, 18.85, 18.85, 1.00, 1.00, 1.00, 1.00, 1.00, 10.00, 10.00, 10.00, 10.46, 10.00, 1.57, 1.00, 1.00, 1.00, 1.00]
  Objective : 53.178

[EVALUATION 111]
  Date/time : 2026-05-20 11:44:32
  x         : [218.84, 59.23, 58.16, 57.92, 57.54, 59.64, 2.50, 2.50, 2.50, 2.50, 2.54, 18.85, 18.85, 19.11, 18.85, 18.85, 1.00, 1.00, 1.00, 1.00, 1.00, 10.00, 10.00, 10.00, 10.46, 10.00, 1.57, 1.00, 1.00, 1.00, 1.00]
  Objective : 53.178

[EVALUATION 112]
  Date/time : 2026-05-20 11:44:38
  x         : [218.84, 59.23, 58.16, 57.92, 57.54, 59.64, 2.50, 2.50, 2.50, 2.50, 2.54, 18.85, 18.85, 18.85, 19.11, 18.85, 1.00, 1.00, 1.00, 1.00, 1.00, 10.00, 10.00, 10.00, 10.46, 10.00, 1.57, 1.00, 1.00, 1.00, 1.00]
  Objective : 53.178

[EVALUATION 113]
  Date/time : 2026-05-20 11:44:44
  x         : [218.84, 59.23, 58.16, 57.92, 57.54, 59.64, 2.50, 2.50, 2.50, 2.50, 2.54, 18.85, 18.85, 18.85, 18.85, 19.11, 1.00, 1.00, 1.00, 1.00, 1.00, 10.00, 10.00, 10.00, 10.46, 10.00, 1.57, 1.00, 1.00, 1.00, 1.00]
  Objective : 53.178

[EVALUATION 114]
  Date/time : 2026-05-20 11:44:50
  x         : [218.84, 59.23, 58.16, 57.92, 57.54, 59.64, 2.50, 2.50, 2.50, 2.50, 2.54, 18.85, 18.85, 18.85, 18.85, 18.85, 1.02, 1.00, 1.00, 1.00, 1.00, 10.00, 10.00, 10.00, 10.46, 10.00, 1.57, 1.00, 1.00, 1.00, 1.00]
  Objective : 53.188

[EVALUATION 115]
  Date/time : 2026-05-20 11:44:55
  x         : [218.84, 59.23, 58.16, 57.92, 57.54, 59.64, 2.50, 2.50, 2.50, 2.50, 2.54, 18.85, 18.85, 18.85, 18.85, 18.85, 1.00, 1.02, 1.00, 1.00, 1.00, 10.00, 10.00, 10.00, 10.46, 10.00, 1.57, 1.00, 1.00, 1.00, 1.00]
  Objective : 53.188

[EVALUATION 116]
  Date/time : 2026-05-20 11:45:02
  x         : [218.84, 59.23, 58.16, 57.92, 57.54, 59.64, 2.50, 2.50, 2.50, 2.50, 2.54, 18.85, 18.85, 18.85, 18.85, 18.85, 1.00, 1.00, 1.02, 1.00, 1.00, 10.00, 10.00, 10.00, 10.46, 10.00, 1.57, 1.00, 1.00, 1.00, 1.00]
  Objective : 53.188

[EVALUATION 117]
  Date/time : 2026-05-20 11:45:08
  x         : [218.84, 59.23, 58.16, 57.92, 57.54, 59.64, 2.50, 2.50, 2.50, 2.50, 2.54, 18.85, 18.85, 18.85, 18.85, 18.85, 1.00, 1.00, 1.00, 1.02, 1.00, 10.00, 10.00, 10.00, 10.46, 10.00, 1.57, 1.00, 1.00, 1.00, 1.00]
  Objective : 53.188

[EVALUATION 118]
  Date/time : 2026-05-20 11:45:14
  x         : [218.84, 59.23, 58.16, 57.92, 57.54, 59.64, 2.50, 2.50, 2.50, 2.50, 2.54, 18.85, 18.85, 18.85, 18.85, 18.85, 1.00, 1.00, 1.00, 1.00, 1.02, 10.00, 10.00, 10.00, 10.46, 10.00, 1.57, 1.00, 1.00, 1.00, 1.00]
  Objective : 53.188

[EVALUATION 119]
  Date/time : 2026-05-20 11:45:20
  x         : [218.84, 59.23, 58.16, 57.92, 57.54, 59.64, 2.50, 2.50, 2.50, 2.50, 2.54, 18.85, 18.85, 18.85, 18.85, 18.85, 1.00, 1.00, 1.00, 1.00, 1.00, 10.27, 10.00, 10.00, 10.46, 10.00, 1.57, 1.00, 1.00, 1.00, 1.00]
  Objective : 53.185

[EVALUATION 120]
  Date/time : 2026-05-20 11:45:27
  x         : [218.84, 59.23, 58.16, 57.92, 57.54, 59.64, 2.50, 2.50, 2.50, 2.50, 2.54, 18.85, 18.85, 18.85, 18.85, 18.85, 1.00, 1.00, 1.00, 1.00, 1.00, 10.00, 10.27, 10.00, 10.46, 10.00, 1.57, 1.00, 1.00, 1.00, 1.00]
  Objective : 53.175

[EVALUATION 121]
  Date/time : 2026-05-20 11:45:33
  x         : [218.84, 59.23, 58.16, 57.92, 57.54, 59.64, 2.50, 2.50, 2.50, 2.50, 2.54, 18.85, 18.85, 18.85, 18.85, 18.85, 1.00, 1.00, 1.00, 1.00, 1.00, 10.00, 10.00, 10.27, 10.46, 10.00, 1.57, 1.00, 1.00, 1.00, 1.00]
  Objective : 53.175

[EVALUATION 122]
  Date/time : 2026-05-20 11:45:40
  x         : [218.84, 59.23, 58.16, 57.92, 57.54, 59.64, 2.50, 2.50, 2.50, 2.50, 2.54, 18.85, 18.85, 18.85, 18.85, 18.85, 1.00, 1.00, 1.00, 1.00, 1.00, 10.00, 10.00, 10.00, 10.73, 10.00, 1.57, 1.00, 1.00, 1.00, 1.00]
  Objective : 53.175

[EVALUATION 123]
  Date/time : 2026-05-20 11:45:46
  x         : [218.84, 59.23, 58.16, 57.92, 57.54, 59.64, 2.50, 2.50, 2.50, 2.50, 2.54, 18.85, 18.85, 18.85, 18.85, 18.85, 1.00, 1.00, 1.00, 1.00, 1.00, 10.00, 10.00, 10.00, 10.46, 10.27, 1.57, 1.00, 1.00, 1.00, 1.00]
  Objective : 53.175

[EVALUATION 124]
  Date/time : 2026-05-20 11:45:53
  x         : [218.84, 59.23, 58.16, 57.92, 57.54, 59.64, 2.50, 2.50, 2.50, 2.50, 2.54, 18.85, 18.85, 18.85, 18.85, 18.85, 1.00, 1.00, 1.00, 1.00, 1.00, 10.00, 10.00, 10.00, 10.46, 10.00, 1.59, 1.00, 1.00, 1.00, 1.00]
  Objective : 53.167

[EVALUATION 125]
  Date/time : 2026-05-20 11:46:00
  x         : [218.84, 59.23, 58.16, 57.92, 57.54, 59.64, 2.50, 2.50, 2.50, 2.50, 2.54, 18.85, 18.85, 18.85, 18.85, 18.85, 1.00, 1.00, 1.00, 1.00, 1.00, 10.00, 10.00, 10.00, 10.46, 10.00, 1.57, 1.02, 1.00, 1.00, 1.00]
  Objective : 53.169

[EVALUATION 126]
  Date/time : 2026-05-20 11:46:06
  x         : [218.84, 59.23, 58.16, 57.92, 57.54, 59.64, 2.50, 2.50, 2.50, 2.50, 2.54, 18.85, 18.85, 18.85, 18.85, 18.85, 1.00, 1.00, 1.00, 1.00, 1.00, 10.00, 10.00, 10.00, 10.46, 10.00, 1.57, 1.00, 1.02, 1.00, 1.00]
  Objective : 53.169

[EVALUATION 127]
  Date/time : 2026-05-20 11:46:12
  x         : [218.84, 59.23, 58.16, 57.92, 57.54, 59.64, 2.50, 2.50, 2.50, 2.50, 2.54, 18.85, 18.85, 18.85, 18.85, 18.85, 1.00, 1.00, 1.00, 1.00, 1.00, 10.00, 10.00, 10.00, 10.46, 10.00, 1.57, 1.00, 1.00, 1.02, 1.00]
  Objective : 53.169

[EVALUATION 128]
  Date/time : 2026-05-20 11:46:18
  x         : [218.84, 59.23, 58.16, 57.92, 57.54, 59.64, 2.50, 2.50, 2.50, 2.50, 2.54, 18.85, 18.85, 18.85, 18.85, 18.85, 1.00, 1.00, 1.00, 1.00, 1.00, 10.00, 10.00, 10.00, 10.46, 10.00, 1.57, 1.00, 1.00, 1.00, 1.02]
  Objective : 53.169

[EVALUATION 129]
  Date/time : 2026-05-20 11:46:25
  x         : [203.69, 54.49, 63.30, 60.15, 59.66, 60.95, 2.81, 2.70, 2.56, 2.54, 2.59, 21.81, 20.13, 20.13, 20.13, 20.13, 1.00, 1.00, 1.00, 1.00, 1.00, 10.31, 16.36, 11.20, 10.00, 10.00, 1.35, 1.49, 1.00, 1.17, 1.30]
  Objective : 57.262

[EVALUATION 130]
  Date/time : 2026-05-20 11:46:31
  x         : [223.38, 59.88, 61.62, 61.14, 60.90, 60.15, 2.55, 2.53, 2.51, 2.53, 2.56, 19.73, 19.73, 19.73, 19.73, 19.73, 1.07, 1.00, 1.07, 1.07, 1.07, 10.95, 10.95, 10.95, 10.69, 10.28, 1.64, 1.07, 1.07, 1.07, 1.07]
  Objective : 56.816

[ITERATION 5]
  Date/time : 2026-05-20 11:46:31
  x         : [223.380775,  59.881979,  61.615398,  61.144246,  60.898568,  60.147297,
   2.548373,   2.529686,   2.509173,   2.527027,   2.559714,  19.733758,
  19.733758,  19.733758,  19.733758,  19.733758,   1.074209,   1.      ,
   1.074209,   1.074209,   1.074209,  10.9537  ,  10.9537  ,  10.9537  ,
  10.690716,  10.2808  ,   1.638474,   1.074209,   1.074209,   1.074209,
   1.074209]

Util_LB     Column:    0.047  Brace:    0.006
Util_NF     Column:    0.699  Brace:    0.709
Util_S      Column:    0.028  Brace:    0.016
Util_T      Column:    0.056  Brace:    0.064
Util_BR     Column:    0.958  Brace:    0.968
Util_IN     Column:    1.112  Brace:    1.104
Util_BS_sig  Column:    N/A    Brace:    1.170
Util_BS_defl  Column:    N/A    Brace:    0.444
[EVALUATION 131]
  Date/time : 2026-05-20 11:46:37
  x         : [225.40, 59.88, 61.62, 61.14, 60.90, 60.15, 2.55, 2.53, 2.51, 2.53, 2.56, 19.73, 19.73, 19.73, 19.73, 19.73, 1.07, 1.00, 1.07, 1.07, 1.07, 10.95, 10.95, 10.95, 10.69, 10.28, 1.64, 1.07, 1.07, 1.07, 1.07]
  Objective : 56.916

[EVALUATION 132]
  Date/time : 2026-05-20 11:46:43
  x         : [223.38, 60.64, 61.62, 61.14, 60.90, 60.15, 2.55, 2.53, 2.51, 2.53, 2.56, 19.73, 19.73, 19.73, 19.73, 19.73, 1.07, 1.00, 1.07, 1.07, 1.07, 10.95, 10.95, 10.95, 10.69, 10.28, 1.64, 1.07, 1.07, 1.07, 1.07]
  Objective : 56.932

[EVALUATION 133]
  Date/time : 2026-05-20 11:46:49
  x         : [223.38, 59.88, 62.38, 61.14, 60.90, 60.15, 2.55, 2.53, 2.51, 2.53, 2.56, 19.73, 19.73, 19.73, 19.73, 19.73, 1.07, 1.00, 1.07, 1.07, 1.07, 10.95, 10.95, 10.95, 10.69, 10.28, 1.64, 1.07, 1.07, 1.07, 1.07]
  Objective : 56.931

[EVALUATION 134]
  Date/time : 2026-05-20 11:46:55
  x         : [223.38, 59.88, 61.62, 61.91, 60.90, 60.15, 2.55, 2.53, 2.51, 2.53, 2.56, 19.73, 19.73, 19.73, 19.73, 19.73, 1.07, 1.00, 1.07, 1.07, 1.07, 10.95, 10.95, 10.95, 10.69, 10.28, 1.64, 1.07, 1.07, 1.07, 1.07]
  Objective : 56.930

[EVALUATION 135]
  Date/time : 2026-05-20 11:47:01
  x         : [223.38, 59.88, 61.62, 61.14, 61.66, 60.15, 2.55, 2.53, 2.51, 2.53, 2.56, 19.73, 19.73, 19.73, 19.73, 19.73, 1.07, 1.00, 1.07, 1.07, 1.07, 10.95, 10.95, 10.95, 10.69, 10.28, 1.64, 1.07, 1.07, 1.07, 1.07]
  Objective : 56.931

[EVALUATION 136]
  Date/time : 2026-05-20 11:47:07
  x         : [223.38, 59.88, 61.62, 61.14, 60.90, 60.91, 2.55, 2.53, 2.51, 2.53, 2.56, 19.73, 19.73, 19.73, 19.73, 19.73, 1.07, 1.00, 1.07, 1.07, 1.07, 10.95, 10.95, 10.95, 10.69, 10.28, 1.64, 1.07, 1.07, 1.07, 1.07]
  Objective : 56.933

[EVALUATION 137]
  Date/time : 2026-05-20 11:47:12
  x         : [223.38, 59.88, 61.62, 61.14, 60.90, 60.15, 2.58, 2.53, 2.51, 2.53, 2.56, 19.73, 19.73, 19.73, 19.73, 19.73, 1.07, 1.00, 1.07, 1.07, 1.07, 10.95, 10.95, 10.95, 10.69, 10.28, 1.64, 1.07, 1.07, 1.07, 1.07]
  Objective : 56.914

[EVALUATION 138]
  Date/time : 2026-05-20 11:47:18
  x         : [223.38, 59.88, 61.62, 61.14, 60.90, 60.15, 2.55, 2.56, 2.51, 2.53, 2.56, 19.73, 19.73, 19.73, 19.73, 19.73, 1.07, 1.00, 1.07, 1.07, 1.07, 10.95, 10.95, 10.95, 10.69, 10.28, 1.64, 1.07, 1.07, 1.07, 1.07]
  Objective : 56.917

[EVALUATION 139]
  Date/time : 2026-05-20 11:47:24
  x         : [223.38, 59.88, 61.62, 61.14, 60.90, 60.15, 2.55, 2.53, 2.54, 2.53, 2.56, 19.73, 19.73, 19.73, 19.73, 19.73, 1.07, 1.00, 1.07, 1.07, 1.07, 10.95, 10.95, 10.95, 10.69, 10.28, 1.64, 1.07, 1.07, 1.07, 1.07]
  Objective : 56.916

[EVALUATION 140]
  Date/time : 2026-05-20 11:47:29
  x         : [223.38, 59.88, 61.62, 61.14, 60.90, 60.15, 2.55, 2.53, 2.51, 2.56, 2.56, 19.73, 19.73, 19.73, 19.73, 19.73, 1.07, 1.00, 1.07, 1.07, 1.07, 10.95, 10.95, 10.95, 10.69, 10.28, 1.64, 1.07, 1.07, 1.07, 1.07]
  Objective : 56.916

[EVALUATION 141]
  Date/time : 2026-05-20 11:47:35
  x         : [223.38, 59.88, 61.62, 61.14, 60.90, 60.15, 2.55, 2.53, 2.51, 2.53, 2.59, 19.73, 19.73, 19.73, 19.73, 19.73, 1.07, 1.00, 1.07, 1.07, 1.07, 10.95, 10.95, 10.95, 10.69, 10.28, 1.64, 1.07, 1.07, 1.07, 1.07]
  Objective : 56.915

[EVALUATION 142]
  Date/time : 2026-05-20 11:47:41
  x         : [223.38, 59.88, 61.62, 61.14, 60.90, 60.15, 2.55, 2.53, 2.51, 2.53, 2.56, 20.00, 19.73, 19.73, 19.73, 19.73, 1.07, 1.00, 1.07, 1.07, 1.07, 10.95, 10.95, 10.95, 10.69, 10.28, 1.64, 1.07, 1.07, 1.07, 1.07]
  Objective : 56.840

[EVALUATION 143]
  Date/time : 2026-05-20 11:47:46
  x         : [223.38, 59.88, 61.62, 61.14, 60.90, 60.15, 2.55, 2.53, 2.51, 2.53, 2.56, 19.73, 20.00, 19.73, 19.73, 19.73, 1.07, 1.00, 1.07, 1.07, 1.07, 10.95, 10.95, 10.95, 10.69, 10.28, 1.64, 1.07, 1.07, 1.07, 1.07]
  Objective : 56.839

[EVALUATION 144]
  Date/time : 2026-05-20 11:47:52
  x         : [223.38, 59.88, 61.62, 61.14, 60.90, 60.15, 2.55, 2.53, 2.51, 2.53, 2.56, 19.73, 19.73, 20.00, 19.73, 19.73, 1.07, 1.00, 1.07, 1.07, 1.07, 10.95, 10.95, 10.95, 10.69, 10.28, 1.64, 1.07, 1.07, 1.07, 1.07]
  Objective : 56.840

[EVALUATION 145]
  Date/time : 2026-05-20 11:47:57
  x         : [223.38, 59.88, 61.62, 61.14, 60.90, 60.15, 2.55, 2.53, 2.51, 2.53, 2.56, 19.73, 19.73, 19.73, 20.00, 19.73, 1.07, 1.00, 1.07, 1.07, 1.07, 10.95, 10.95, 10.95, 10.69, 10.28, 1.64, 1.07, 1.07, 1.07, 1.07]
  Objective : 56.840

[EVALUATION 146]
  Date/time : 2026-05-20 11:48:03
  x         : [223.38, 59.88, 61.62, 61.14, 60.90, 60.15, 2.55, 2.53, 2.51, 2.53, 2.56, 19.73, 19.73, 19.73, 19.73, 20.00, 1.07, 1.00, 1.07, 1.07, 1.07, 10.95, 10.95, 10.95, 10.69, 10.28, 1.64, 1.07, 1.07, 1.07, 1.07]
  Objective : 56.840

[EVALUATION 147]
  Date/time : 2026-05-20 11:48:09
  x         : [223.38, 59.88, 61.62, 61.14, 60.90, 60.15, 2.55, 2.53, 2.51, 2.53, 2.56, 19.73, 19.73, 19.73, 19.73, 19.73, 1.10, 1.00, 1.07, 1.07, 1.07, 10.95, 10.95, 10.95, 10.69, 10.28, 1.64, 1.07, 1.07, 1.07, 1.07]
  Objective : 56.850

[EVALUATION 148]
  Date/time : 2026-05-20 11:48:15
  x         : [223.38, 59.88, 61.62, 61.14, 60.90, 60.15, 2.55, 2.53, 2.51, 2.53, 2.56, 19.73, 19.73, 19.73, 19.73, 19.73, 1.07, 1.02, 1.07, 1.07, 1.07, 10.95, 10.95, 10.95, 10.69, 10.28, 1.64, 1.07, 1.07, 1.07, 1.07]
  Objective : 56.851

[EVALUATION 149]
  Date/time : 2026-05-20 11:48:20
  x         : [223.38, 59.88, 61.62, 61.14, 60.90, 60.15, 2.55, 2.53, 2.51, 2.53, 2.56, 19.73, 19.73, 19.73, 19.73, 19.73, 1.07, 1.00, 1.10, 1.07, 1.07, 10.95, 10.95, 10.95, 10.69, 10.28, 1.64, 1.07, 1.07, 1.07, 1.07]
  Objective : 56.850

[EVALUATION 150]
  Date/time : 2026-05-20 11:48:26
  x         : [223.38, 59.88, 61.62, 61.14, 60.90, 60.15, 2.55, 2.53, 2.51, 2.53, 2.56, 19.73, 19.73, 19.73, 19.73, 19.73, 1.07, 1.00, 1.07, 1.10, 1.07, 10.95, 10.95, 10.95, 10.69, 10.28, 1.64, 1.07, 1.07, 1.07, 1.07]
  Objective : 56.850

[EVALUATION 151]
  Date/time : 2026-05-20 11:48:31
  x         : [223.38, 59.88, 61.62, 61.14, 60.90, 60.15, 2.55, 2.53, 2.51, 2.53, 2.56, 19.73, 19.73, 19.73, 19.73, 19.73, 1.07, 1.00, 1.07, 1.07, 1.10, 10.95, 10.95, 10.95, 10.69, 10.28, 1.64, 1.07, 1.07, 1.07, 1.07]
  Objective : 56.850

[EVALUATION 152]
  Date/time : 2026-05-20 11:48:37
  x         : [223.38, 59.88, 61.62, 61.14, 60.90, 60.15, 2.55, 2.53, 2.51, 2.53, 2.56, 19.73, 19.73, 19.73, 19.73, 19.73, 1.07, 1.00, 1.07, 1.07, 1.07, 11.22, 10.95, 10.95, 10.69, 10.28, 1.64, 1.07, 1.07, 1.07, 1.07]
  Objective : 56.847

[EVALUATION 153]
  Date/time : 2026-05-20 11:48:43
  x         : [223.38, 59.88, 61.62, 61.14, 60.90, 60.15, 2.55, 2.53, 2.51, 2.53, 2.56, 19.73, 19.73, 19.73, 19.73, 19.73, 1.07, 1.00, 1.07, 1.07, 1.07, 10.95, 11.22, 10.95, 10.69, 10.28, 1.64, 1.07, 1.07, 1.07, 1.07]
  Objective : 56.836

[EVALUATION 154]
  Date/time : 2026-05-20 11:48:48
  x         : [223.38, 59.88, 61.62, 61.14, 60.90, 60.15, 2.55, 2.53, 2.51, 2.53, 2.56, 19.73, 19.73, 19.73, 19.73, 19.73, 1.07, 1.00, 1.07, 1.07, 1.07, 10.95, 10.95, 11.22, 10.69, 10.28, 1.64, 1.07, 1.07, 1.07, 1.07]
  Objective : 56.836

[EVALUATION 155]
  Date/time : 2026-05-20 11:48:54
  x         : [223.38, 59.88, 61.62, 61.14, 60.90, 60.15, 2.55, 2.53, 2.51, 2.53, 2.56, 19.73, 19.73, 19.73, 19.73, 19.73, 1.07, 1.00, 1.07, 1.07, 1.07, 10.95, 10.95, 10.95, 10.96, 10.28, 1.64, 1.07, 1.07, 1.07, 1.07]
  Objective : 56.836

[EVALUATION 156]
  Date/time : 2026-05-20 11:49:00
  x         : [223.38, 59.88, 61.62, 61.14, 60.90, 60.15, 2.55, 2.53, 2.51, 2.53, 2.56, 19.73, 19.73, 19.73, 19.73, 19.73, 1.07, 1.00, 1.07, 1.07, 1.07, 10.95, 10.95, 10.95, 10.69, 10.55, 1.64, 1.07, 1.07, 1.07, 1.07]
  Objective : 56.836

[EVALUATION 157]
  Date/time : 2026-05-20 11:49:06
  x         : [223.38, 59.88, 61.62, 61.14, 60.90, 60.15, 2.55, 2.53, 2.51, 2.53, 2.56, 19.73, 19.73, 19.73, 19.73, 19.73, 1.07, 1.00, 1.07, 1.07, 1.07, 10.95, 10.95, 10.95, 10.69, 10.28, 1.66, 1.07, 1.07, 1.07, 1.07]
  Objective : 56.828

[EVALUATION 158]
  Date/time : 2026-05-20 11:49:11
  x         : [223.38, 59.88, 61.62, 61.14, 60.90, 60.15, 2.55, 2.53, 2.51, 2.53, 2.56, 19.73, 19.73, 19.73, 19.73, 19.73, 1.07, 1.00, 1.07, 1.07, 1.07, 10.95, 10.95, 10.95, 10.69, 10.28, 1.64, 1.10, 1.07, 1.07, 1.07]
  Objective : 56.830

[EVALUATION 159]
  Date/time : 2026-05-20 11:49:17
  x         : [223.38, 59.88, 61.62, 61.14, 60.90, 60.15, 2.55, 2.53, 2.51, 2.53, 2.56, 19.73, 19.73, 19.73, 19.73, 19.73, 1.07, 1.00, 1.07, 1.07, 1.07, 10.95, 10.95, 10.95, 10.69, 10.28, 1.64, 1.07, 1.10, 1.07, 1.07]
  Objective : 56.830

[EVALUATION 160]
  Date/time : 2026-05-20 11:49:23
  x         : [223.38, 59.88, 61.62, 61.14, 60.90, 60.15, 2.55, 2.53, 2.51, 2.53, 2.56, 19.73, 19.73, 19.73, 19.73, 19.73, 1.07, 1.00, 1.07, 1.07, 1.07, 10.95, 10.95, 10.95, 10.69, 10.28, 1.64, 1.07, 1.07, 1.10, 1.07]
  Objective : 56.830

[EVALUATION 161]
  Date/time : 2026-05-20 11:49:28
  x         : [223.38, 59.88, 61.62, 61.14, 60.90, 60.15, 2.55, 2.53, 2.51, 2.53, 2.56, 19.73, 19.73, 19.73, 19.73, 19.73, 1.07, 1.00, 1.07, 1.07, 1.07, 10.95, 10.95, 10.95, 10.69, 10.28, 1.64, 1.07, 1.07, 1.07, 1.10]
  Objective : 56.829

[EVALUATION 162]
  Date/time : 2026-05-20 11:49:35
  x         : [228.38, 60.17, 59.89, 59.53, 59.55, 62.04, 2.56, 2.54, 2.51, 2.53, 2.58, 20.71, 20.71, 20.71, 20.71, 20.71, 1.09, 1.01, 1.09, 1.09, 1.06, 10.72, 10.72, 10.72, 11.06, 10.52, 1.56, 1.06, 1.06, 1.09, 1.09]
  Objective : 57.325

[EVALUATION 163]
  Date/time : 2026-05-20 11:49:41
  x         : [224.88, 60.35, 61.10, 60.66, 60.39, 60.71, 2.55, 2.53, 2.51, 2.53, 2.57, 20.03, 20.03, 20.03, 20.03, 20.03, 1.08, 1.00, 1.08, 1.08, 1.07, 11.03, 10.88, 10.88, 10.80, 10.35, 1.66, 1.07, 1.07, 1.08, 1.08]
  Objective : 57.058

[ITERATION 6]
  Date/time : 2026-05-20 11:49:41
  x         : [224.880056,  60.351957,  61.097071,  60.660243,  60.394265,  60.714544,
   2.552001,   2.531912,   2.510687,   2.529054,   2.566847,  20.02702 ,
  20.02702 ,  20.02702 ,  20.02702 ,  20.02702 ,   1.079774,   1.00367 ,
   1.079774,   1.079774,   1.068643,  11.025227,  10.882172,  10.882172,
  10.801592,  10.352328,   1.660737,   1.068643,   1.068643,   1.079774,
   1.079774]

Util_LB     Column:    0.046  Brace:    0.006
Util_NF     Column:    0.691  Brace:    0.701
Util_S      Column:    0.028  Brace:    0.016
Util_T      Column:    0.056  Brace:    0.064
Util_BR     Column:    0.942  Brace:    0.951
Util_IN     Column:    1.085  Brace:    1.082
Util_BS_sig  Column:    N/A    Brace:    1.138
Util_BS_defl  Column:    N/A    Brace:    0.428
[EVALUATION 164]
  Date/time : 2026-05-20 11:49:46
  x         : [226.90, 60.35, 61.10, 60.66, 60.39, 60.71, 2.55, 2.53, 2.51, 2.53, 2.57, 20.03, 20.03, 20.03, 20.03, 20.03, 1.08, 1.00, 1.08, 1.08, 1.07, 11.03, 10.88, 10.88, 10.80, 10.35, 1.66, 1.07, 1.07, 1.08, 1.08]
  Objective : 57.160

[EVALUATION 165]
  Date/time : 2026-05-20 11:49:52
  x         : [224.88, 61.11, 61.10, 60.66, 60.39, 60.71, 2.55, 2.53, 2.51, 2.53, 2.57, 20.03, 20.03, 20.03, 20.03, 20.03, 1.08, 1.00, 1.08, 1.08, 1.07, 11.03, 10.88, 10.88, 10.80, 10.35, 1.66, 1.07, 1.07, 1.08, 1.08]
  Objective : 57.175

[EVALUATION 166]
  Date/time : 2026-05-20 11:49:58
  x         : [224.88, 60.35, 61.86, 60.66, 60.39, 60.71, 2.55, 2.53, 2.51, 2.53, 2.57, 20.03, 20.03, 20.03, 20.03, 20.03, 1.08, 1.00, 1.08, 1.08, 1.07, 11.03, 10.88, 10.88, 10.80, 10.35, 1.66, 1.07, 1.07, 1.08, 1.08]
  Objective : 57.173

[EVALUATION 167]
  Date/time : 2026-05-20 11:50:04
  x         : [224.88, 60.35, 61.10, 61.42, 60.39, 60.71, 2.55, 2.53, 2.51, 2.53, 2.57, 20.03, 20.03, 20.03, 20.03, 20.03, 1.08, 1.00, 1.08, 1.08, 1.07, 11.03, 10.88, 10.88, 10.80, 10.35, 1.66, 1.07, 1.07, 1.08, 1.08]
  Objective : 57.172

[EVALUATION 168]
  Date/time : 2026-05-20 11:50:10
  x         : [224.88, 60.35, 61.10, 60.66, 61.16, 60.71, 2.55, 2.53, 2.51, 2.53, 2.57, 20.03, 20.03, 20.03, 20.03, 20.03, 1.08, 1.00, 1.08, 1.08, 1.07, 11.03, 10.88, 10.88, 10.80, 10.35, 1.66, 1.07, 1.07, 1.08, 1.08]
  Objective : 57.173

[EVALUATION 169]
  Date/time : 2026-05-20 11:50:16
  x         : [224.88, 60.35, 61.10, 60.66, 60.39, 61.48, 2.55, 2.53, 2.51, 2.53, 2.57, 20.03, 20.03, 20.03, 20.03, 20.03, 1.08, 1.00, 1.08, 1.08, 1.07, 11.03, 10.88, 10.88, 10.80, 10.35, 1.66, 1.07, 1.07, 1.08, 1.08]
  Objective : 57.176

[EVALUATION 170]
  Date/time : 2026-05-20 11:50:22
  x         : [224.88, 60.35, 61.10, 60.66, 60.39, 60.71, 2.58, 2.53, 2.51, 2.53, 2.57, 20.03, 20.03, 20.03, 20.03, 20.03, 1.08, 1.00, 1.08, 1.08, 1.07, 11.03, 10.88, 10.88, 10.80, 10.35, 1.66, 1.07, 1.07, 1.08, 1.08]
  Objective : 57.158

[EVALUATION 171]
  Date/time : 2026-05-20 11:50:28
  x         : [224.88, 60.35, 61.10, 60.66, 60.39, 60.71, 2.55, 2.56, 2.51, 2.53, 2.57, 20.03, 20.03, 20.03, 20.03, 20.03, 1.08, 1.00, 1.08, 1.08, 1.07, 11.03, 10.88, 10.88, 10.80, 10.35, 1.66, 1.07, 1.07, 1.08, 1.08]
  Objective : 57.159

[EVALUATION 172]
  Date/time : 2026-05-20 11:50:34
  x         : [224.88, 60.35, 61.10, 60.66, 60.39, 60.71, 2.55, 2.53, 2.54, 2.53, 2.57, 20.03, 20.03, 20.03, 20.03, 20.03, 1.08, 1.00, 1.08, 1.08, 1.07, 11.03, 10.88, 10.88, 10.80, 10.35, 1.66, 1.07, 1.07, 1.08, 1.08]
  Objective : 57.158

[EVALUATION 173]
  Date/time : 2026-05-20 11:50:40
  x         : [224.88, 60.35, 61.10, 60.66, 60.39, 60.71, 2.55, 2.53, 2.51, 2.56, 2.57, 20.03, 20.03, 20.03, 20.03, 20.03, 1.08, 1.00, 1.08, 1.08, 1.07, 11.03, 10.88, 10.88, 10.80, 10.35, 1.66, 1.07, 1.07, 1.08, 1.08]
  Objective : 57.157

[EVALUATION 174]
  Date/time : 2026-05-20 11:50:46
  x         : [224.88, 60.35, 61.10, 60.66, 60.39, 60.71, 2.55, 2.53, 2.51, 2.53, 2.60, 20.03, 20.03, 20.03, 20.03, 20.03, 1.08, 1.00, 1.08, 1.08, 1.07, 11.03, 10.88, 10.88, 10.80, 10.35, 1.66, 1.07, 1.07, 1.08, 1.08]
  Objective : 57.159

[EVALUATION 175]
  Date/time : 2026-05-20 11:50:52
  x         : [224.88, 60.35, 61.10, 60.66, 60.39, 60.71, 2.55, 2.53, 2.51, 2.53, 2.57, 20.30, 20.03, 20.03, 20.03, 20.03, 1.08, 1.00, 1.08, 1.08, 1.07, 11.03, 10.88, 10.88, 10.80, 10.35, 1.66, 1.07, 1.07, 1.08, 1.08]
  Objective : 57.083

[EVALUATION 176]
  Date/time : 2026-05-20 11:50:58
  x         : [224.88, 60.35, 61.10, 60.66, 60.39, 60.71, 2.55, 2.53, 2.51, 2.53, 2.57, 20.03, 20.30, 20.03, 20.03, 20.03, 1.08, 1.00, 1.08, 1.08, 1.07, 11.03, 10.88, 10.88, 10.80, 10.35, 1.66, 1.07, 1.07, 1.08, 1.08]
  Objective : 57.081

[EVALUATION 177]
  Date/time : 2026-05-20 11:51:03
  x         : [224.88, 60.35, 61.10, 60.66, 60.39, 60.71, 2.55, 2.53, 2.51, 2.53, 2.57, 20.03, 20.03, 20.30, 20.03, 20.03, 1.08, 1.00, 1.08, 1.08, 1.07, 11.03, 10.88, 10.88, 10.80, 10.35, 1.66, 1.07, 1.07, 1.08, 1.08]
  Objective : 57.083

[EVALUATION 178]
  Date/time : 2026-05-20 11:51:09
  x         : [224.88, 60.35, 61.10, 60.66, 60.39, 60.71, 2.55, 2.53, 2.51, 2.53, 2.57, 20.03, 20.03, 20.03, 20.30, 20.03, 1.08, 1.00, 1.08, 1.08, 1.07, 11.03, 10.88, 10.88, 10.80, 10.35, 1.66, 1.07, 1.07, 1.08, 1.08]
  Objective : 57.083

[EVALUATION 179]
  Date/time : 2026-05-20 11:51:15
  x         : [224.88, 60.35, 61.10, 60.66, 60.39, 60.71, 2.55, 2.53, 2.51, 2.53, 2.57, 20.03, 20.03, 20.03, 20.03, 20.30, 1.08, 1.00, 1.08, 1.08, 1.07, 11.03, 10.88, 10.88, 10.80, 10.35, 1.66, 1.07, 1.07, 1.08, 1.08]
  Objective : 57.083

[EVALUATION 180]
  Date/time : 2026-05-20 11:51:21
  x         : [224.88, 60.35, 61.10, 60.66, 60.39, 60.71, 2.55, 2.53, 2.51, 2.53, 2.57, 20.03, 20.03, 20.03, 20.03, 20.03, 1.10, 1.00, 1.08, 1.08, 1.07, 11.03, 10.88, 10.88, 10.80, 10.35, 1.66, 1.07, 1.07, 1.08, 1.08]
  Objective : 57.094

[EVALUATION 181]
  Date/time : 2026-05-20 11:51:27
  x         : [224.88, 60.35, 61.10, 60.66, 60.39, 60.71, 2.55, 2.53, 2.51, 2.53, 2.57, 20.03, 20.03, 20.03, 20.03, 20.03, 1.08, 1.03, 1.08, 1.08, 1.07, 11.03, 10.88, 10.88, 10.80, 10.35, 1.66, 1.07, 1.07, 1.08, 1.08]
  Objective : 57.094

[EVALUATION 182]
  Date/time : 2026-05-20 11:51:34
  x         : [224.88, 60.35, 61.10, 60.66, 60.39, 60.71, 2.55, 2.53, 2.51, 2.53, 2.57, 20.03, 20.03, 20.03, 20.03, 20.03, 1.08, 1.00, 1.10, 1.08, 1.07, 11.03, 10.88, 10.88, 10.80, 10.35, 1.66, 1.07, 1.07, 1.08, 1.08]
  Objective : 57.094

[EVALUATION 183]
  Date/time : 2026-05-20 11:51:40
  x         : [224.88, 60.35, 61.10, 60.66, 60.39, 60.71, 2.55, 2.53, 2.51, 2.53, 2.57, 20.03, 20.03, 20.03, 20.03, 20.03, 1.08, 1.00, 1.08, 1.10, 1.07, 11.03, 10.88, 10.88, 10.80, 10.35, 1.66, 1.07, 1.07, 1.08, 1.08]
  Objective : 57.094

[EVALUATION 184]
  Date/time : 2026-05-20 11:51:46
  x         : [224.88, 60.35, 61.10, 60.66, 60.39, 60.71, 2.55, 2.53, 2.51, 2.53, 2.57, 20.03, 20.03, 20.03, 20.03, 20.03, 1.08, 1.00, 1.08, 1.08, 1.09, 11.03, 10.88, 10.88, 10.80, 10.35, 1.66, 1.07, 1.07, 1.08, 1.08]
  Objective : 57.094

[EVALUATION 185]
  Date/time : 2026-05-20 11:51:52
  x         : [224.88, 60.35, 61.10, 60.66, 60.39, 60.71, 2.55, 2.53, 2.51, 2.53, 2.57, 20.03, 20.03, 20.03, 20.03, 20.03, 1.08, 1.00, 1.08, 1.08, 1.07, 11.29, 10.88, 10.88, 10.80, 10.35, 1.66, 1.07, 1.07, 1.08, 1.08]
  Objective : 57.090

[EVALUATION 186]
  Date/time : 2026-05-20 11:51:57
  x         : [224.88, 60.35, 61.10, 60.66, 60.39, 60.71, 2.55, 2.53, 2.51, 2.53, 2.57, 20.03, 20.03, 20.03, 20.03, 20.03, 1.08, 1.00, 1.08, 1.08, 1.07, 11.03, 11.15, 10.88, 10.80, 10.35, 1.66, 1.07, 1.07, 1.08, 1.08]
  Objective : 57.079

[EVALUATION 187]
  Date/time : 2026-05-20 11:52:03
  x         : [224.88, 60.35, 61.10, 60.66, 60.39, 60.71, 2.55, 2.53, 2.51, 2.53, 2.57, 20.03, 20.03, 20.03, 20.03, 20.03, 1.08, 1.00, 1.08, 1.08, 1.07, 11.03, 10.88, 11.15, 10.80, 10.35, 1.66, 1.07, 1.07, 1.08, 1.08]
  Objective : 57.079

[EVALUATION 188]
  Date/time : 2026-05-20 11:52:09
  x         : [224.88, 60.35, 61.10, 60.66, 60.39, 60.71, 2.55, 2.53, 2.51, 2.53, 2.57, 20.03, 20.03, 20.03, 20.03, 20.03, 1.08, 1.00, 1.08, 1.08, 1.07, 11.03, 10.88, 10.88, 11.07, 10.35, 1.66, 1.07, 1.07, 1.08, 1.08]
  Objective : 57.079

[EVALUATION 189]
  Date/time : 2026-05-20 11:52:15
  x         : [224.88, 60.35, 61.10, 60.66, 60.39, 60.71, 2.55, 2.53, 2.51, 2.53, 2.57, 20.03, 20.03, 20.03, 20.03, 20.03, 1.08, 1.00, 1.08, 1.08, 1.07, 11.03, 10.88, 10.88, 10.80, 10.62, 1.66, 1.07, 1.07, 1.08, 1.08]
  Objective : 57.079

[EVALUATION 190]
  Date/time : 2026-05-20 11:52:20
  x         : [224.88, 60.35, 61.10, 60.66, 60.39, 60.71, 2.55, 2.53, 2.51, 2.53, 2.57, 20.03, 20.03, 20.03, 20.03, 20.03, 1.08, 1.00, 1.08, 1.08, 1.07, 11.03, 10.88, 10.88, 10.80, 10.35, 1.68, 1.07, 1.07, 1.08, 1.08]
  Objective : 57.071

[EVALUATION 191]
  Date/time : 2026-05-20 11:52:27
  x         : [224.88, 60.35, 61.10, 60.66, 60.39, 60.71, 2.55, 2.53, 2.51, 2.53, 2.57, 20.03, 20.03, 20.03, 20.03, 20.03, 1.08, 1.00, 1.08, 1.08, 1.07, 11.03, 10.88, 10.88, 10.80, 10.35, 1.66, 1.09, 1.07, 1.08, 1.08]
  Objective : 57.072

[EVALUATION 192]
  Date/time : 2026-05-20 11:52:33
  x         : [224.88, 60.35, 61.10, 60.66, 60.39, 60.71, 2.55, 2.53, 2.51, 2.53, 2.57, 20.03, 20.03, 20.03, 20.03, 20.03, 1.08, 1.00, 1.08, 1.08, 1.07, 11.03, 10.88, 10.88, 10.80, 10.35, 1.66, 1.07, 1.09, 1.08, 1.08]
  Objective : 57.072

[EVALUATION 193]
  Date/time : 2026-05-20 11:52:39
  x         : [224.88, 60.35, 61.10, 60.66, 60.39, 60.71, 2.55, 2.53, 2.51, 2.53, 2.57, 20.03, 20.03, 20.03, 20.03, 20.03, 1.08, 1.00, 1.08, 1.08, 1.07, 11.03, 10.88, 10.88, 10.80, 10.35, 1.66, 1.07, 1.07, 1.10, 1.08]
  Objective : 57.072

[EVALUATION 194]
  Date/time : 2026-05-20 11:52:44
  x         : [224.88, 60.35, 61.10, 60.66, 60.39, 60.71, 2.55, 2.53, 2.51, 2.53, 2.57, 20.03, 20.03, 20.03, 20.03, 20.03, 1.08, 1.00, 1.08, 1.08, 1.07, 11.03, 10.88, 10.88, 10.80, 10.35, 1.66, 1.07, 1.07, 1.08, 1.10]
  Objective : 57.072

[EVALUATION 195]
  Date/time : 2026-05-20 11:52:51
  x         : [226.53, 60.07, 60.84, 60.42, 60.14, 60.50, 2.56, 2.53, 2.51, 2.53, 2.57, 20.35, 20.35, 20.35, 20.35, 20.35, 1.09, 1.01, 1.09, 1.09, 1.07, 11.10, 10.85, 10.85, 10.92, 10.43, 1.69, 1.07, 1.07, 1.09, 1.09]
  Objective : 57.226

[ITERATION 7]
  Date/time : 2026-05-20 11:52:51
  x         : [226.529265,  60.065307,  60.837907,  60.418242,  60.142114,  60.504341,
   2.555992,   2.534361,   2.512352,   2.531283,   2.574693,  20.349608,
  20.349608,  20.349608,  20.349608,  20.349608,   1.085897,   1.005688,
   1.085897,   1.085897,   1.06586 ,  11.103908,  10.846409,  10.846409,
  10.923555,  10.431008,   1.685226,   1.06586 ,   1.06586 ,   1.085897,
   1.085897]

Util_LB     Column:    0.046  Brace:    0.006
Util_NF     Column:    0.689  Brace:    0.692
Util_S      Column:    0.029  Brace:    0.016
Util_T      Column:    0.056  Brace:    0.064
Util_BR     Column:    0.936  Brace:    0.939
Util_IN     Column:    1.076  Brace:    1.072
Util_BS_sig  Column:    N/A    Brace:    1.106
Util_BS_defl  Column:    N/A    Brace:    0.412
[EVALUATION 196]
  Date/time : 2026-05-20 11:52:57
  x         : [228.55, 60.07, 60.84, 60.42, 60.14, 60.50, 2.56, 2.53, 2.51, 2.53, 2.57, 20.35, 20.35, 20.35, 20.35, 20.35, 1.09, 1.01, 1.09, 1.09, 1.07, 11.10, 10.85, 10.85, 10.92, 10.43, 1.69, 1.07, 1.07, 1.09, 1.09]
  Objective : 57.329

[EVALUATION 197]
  Date/time : 2026-05-20 11:53:03
  x         : [226.53, 60.83, 60.84, 60.42, 60.14, 60.50, 2.56, 2.53, 2.51, 2.53, 2.57, 20.35, 20.35, 20.35, 20.35, 20.35, 1.09, 1.01, 1.09, 1.09, 1.07, 11.10, 10.85, 10.85, 10.92, 10.43, 1.69, 1.07, 1.07, 1.09, 1.09]
  Objective : 57.342

[EVALUATION 198]
  Date/time : 2026-05-20 11:53:09
  x         : [226.53, 60.07, 61.60, 60.42, 60.14, 60.50, 2.56, 2.53, 2.51, 2.53, 2.57, 20.35, 20.35, 20.35, 20.35, 20.35, 1.09, 1.01, 1.09, 1.09, 1.07, 11.10, 10.85, 10.85, 10.92, 10.43, 1.69, 1.07, 1.07, 1.09, 1.09]
  Objective : 57.341

[EVALUATION 199]
  Date/time : 2026-05-20 11:53:15
  x         : [226.53, 60.07, 60.84, 61.18, 60.14, 60.50, 2.56, 2.53, 2.51, 2.53, 2.57, 20.35, 20.35, 20.35, 20.35, 20.35, 1.09, 1.01, 1.09, 1.09, 1.07, 11.10, 10.85, 10.85, 10.92, 10.43, 1.69, 1.07, 1.07, 1.09, 1.09]
  Objective : 57.340

[EVALUATION 200]
  Date/time : 2026-05-20 11:53:21
  x         : [226.53, 60.07, 60.84, 60.42, 60.90, 60.50, 2.56, 2.53, 2.51, 2.53, 2.57, 20.35, 20.35, 20.35, 20.35, 20.35, 1.09, 1.01, 1.09, 1.09, 1.07, 11.10, 10.85, 10.85, 10.92, 10.43, 1.69, 1.07, 1.07, 1.09, 1.09]
  Objective : 57.341

[EVALUATION 201]
  Date/time : 2026-05-20 11:53:27
  x         : [226.53, 60.07, 60.84, 60.42, 60.14, 61.27, 2.56, 2.53, 2.51, 2.53, 2.57, 20.35, 20.35, 20.35, 20.35, 20.35, 1.09, 1.01, 1.09, 1.09, 1.07, 11.10, 10.85, 10.85, 10.92, 10.43, 1.69, 1.07, 1.07, 1.09, 1.09]
  Objective : 57.344

[EVALUATION 202]
  Date/time : 2026-05-20 11:53:33
  x         : [226.53, 60.07, 60.84, 60.42, 60.14, 60.50, 2.59, 2.53, 2.51, 2.53, 2.57, 20.35, 20.35, 20.35, 20.35, 20.35, 1.09, 1.01, 1.09, 1.09, 1.07, 11.10, 10.85, 10.85, 10.92, 10.43, 1.69, 1.07, 1.07, 1.09, 1.09]
  Objective : 57.324

[EVALUATION 203]
  Date/time : 2026-05-20 11:53:39
  x         : [226.53, 60.07, 60.84, 60.42, 60.14, 60.50, 2.56, 2.56, 2.51, 2.53, 2.57, 20.35, 20.35, 20.35, 20.35, 20.35, 1.09, 1.01, 1.09, 1.09, 1.07, 11.10, 10.85, 10.85, 10.92, 10.43, 1.69, 1.07, 1.07, 1.09, 1.09]
  Objective : 57.326

[EVALUATION 204]
  Date/time : 2026-05-20 11:53:45
  x         : [226.53, 60.07, 60.84, 60.42, 60.14, 60.50, 2.56, 2.53, 2.54, 2.53, 2.57, 20.35, 20.35, 20.35, 20.35, 20.35, 1.09, 1.01, 1.09, 1.09, 1.07, 11.10, 10.85, 10.85, 10.92, 10.43, 1.69, 1.07, 1.07, 1.09, 1.09]
  Objective : 57.325

[EVALUATION 205]
  Date/time : 2026-05-20 11:53:51
  x         : [226.53, 60.07, 60.84, 60.42, 60.14, 60.50, 2.56, 2.53, 2.51, 2.56, 2.57, 20.35, 20.35, 20.35, 20.35, 20.35, 1.09, 1.01, 1.09, 1.09, 1.07, 11.10, 10.85, 10.85, 10.92, 10.43, 1.69, 1.07, 1.07, 1.09, 1.09]
  Objective : 57.324

[EVALUATION 206]
  Date/time : 2026-05-20 11:53:57
  x         : [226.53, 60.07, 60.84, 60.42, 60.14, 60.50, 2.56, 2.53, 2.51, 2.53, 2.60, 20.35, 20.35, 20.35, 20.35, 20.35, 1.09, 1.01, 1.09, 1.09, 1.07, 11.10, 10.85, 10.85, 10.92, 10.43, 1.69, 1.07, 1.07, 1.09, 1.09]
  Objective : 57.326

[EVALUATION 207]
  Date/time : 2026-05-20 11:54:03
  x         : [226.53, 60.07, 60.84, 60.42, 60.14, 60.50, 2.56, 2.53, 2.51, 2.53, 2.57, 20.62, 20.35, 20.35, 20.35, 20.35, 1.09, 1.01, 1.09, 1.09, 1.07, 11.10, 10.85, 10.85, 10.92, 10.43, 1.69, 1.07, 1.07, 1.09, 1.09]
  Objective : 57.251

[EVALUATION 208]
  Date/time : 2026-05-20 11:54:09
  x         : [226.53, 60.07, 60.84, 60.42, 60.14, 60.50, 2.56, 2.53, 2.51, 2.53, 2.57, 20.35, 20.62, 20.35, 20.35, 20.35, 1.09, 1.01, 1.09, 1.09, 1.07, 11.10, 10.85, 10.85, 10.92, 10.43, 1.69, 1.07, 1.07, 1.09, 1.09]
  Objective : 57.249

[EVALUATION 209]
  Date/time : 2026-05-20 11:54:15
  x         : [226.53, 60.07, 60.84, 60.42, 60.14, 60.50, 2.56, 2.53, 2.51, 2.53, 2.57, 20.35, 20.35, 20.62, 20.35, 20.35, 1.09, 1.01, 1.09, 1.09, 1.07, 11.10, 10.85, 10.85, 10.92, 10.43, 1.69, 1.07, 1.07, 1.09, 1.09]
  Objective : 57.251

[EVALUATION 210]
  Date/time : 2026-05-20 11:54:21
  x         : [226.53, 60.07, 60.84, 60.42, 60.14, 60.50, 2.56, 2.53, 2.51, 2.53, 2.57, 20.35, 20.35, 20.35, 20.62, 20.35, 1.09, 1.01, 1.09, 1.09, 1.07, 11.10, 10.85, 10.85, 10.92, 10.43, 1.69, 1.07, 1.07, 1.09, 1.09]
  Objective : 57.251

[EVALUATION 211]
  Date/time : 2026-05-20 11:54:26
  x         : [226.53, 60.07, 60.84, 60.42, 60.14, 60.50, 2.56, 2.53, 2.51, 2.53, 2.57, 20.35, 20.35, 20.35, 20.35, 20.62, 1.09, 1.01, 1.09, 1.09, 1.07, 11.10, 10.85, 10.85, 10.92, 10.43, 1.69, 1.07, 1.07, 1.09, 1.09]
  Objective : 57.251

[EVALUATION 212]
  Date/time : 2026-05-20 11:54:32
  x         : [226.53, 60.07, 60.84, 60.42, 60.14, 60.50, 2.56, 2.53, 2.51, 2.53, 2.57, 20.35, 20.35, 20.35, 20.35, 20.35, 1.11, 1.01, 1.09, 1.09, 1.07, 11.10, 10.85, 10.85, 10.92, 10.43, 1.69, 1.07, 1.07, 1.09, 1.09]
  Objective : 57.262

[EVALUATION 213]
  Date/time : 2026-05-20 11:54:38
  x         : [226.53, 60.07, 60.84, 60.42, 60.14, 60.50, 2.56, 2.53, 2.51, 2.53, 2.57, 20.35, 20.35, 20.35, 20.35, 20.35, 1.09, 1.03, 1.09, 1.09, 1.07, 11.10, 10.85, 10.85, 10.92, 10.43, 1.69, 1.07, 1.07, 1.09, 1.09]
  Objective : 57.262

[EVALUATION 214]
  Date/time : 2026-05-20 11:54:44
  x         : [226.53, 60.07, 60.84, 60.42, 60.14, 60.50, 2.56, 2.53, 2.51, 2.53, 2.57, 20.35, 20.35, 20.35, 20.35, 20.35, 1.09, 1.01, 1.11, 1.09, 1.07, 11.10, 10.85, 10.85, 10.92, 10.43, 1.69, 1.07, 1.07, 1.09, 1.09]
  Objective : 57.262

[EVALUATION 215]
  Date/time : 2026-05-20 11:54:50
  x         : [226.53, 60.07, 60.84, 60.42, 60.14, 60.50, 2.56, 2.53, 2.51, 2.53, 2.57, 20.35, 20.35, 20.35, 20.35, 20.35, 1.09, 1.01, 1.09, 1.11, 1.07, 11.10, 10.85, 10.85, 10.92, 10.43, 1.69, 1.07, 1.07, 1.09, 1.09]
  Objective : 57.262

[EVALUATION 216]
  Date/time : 2026-05-20 11:54:56
  x         : [226.53, 60.07, 60.84, 60.42, 60.14, 60.50, 2.56, 2.53, 2.51, 2.53, 2.57, 20.35, 20.35, 20.35, 20.35, 20.35, 1.09, 1.01, 1.09, 1.09, 1.09, 11.10, 10.85, 10.85, 10.92, 10.43, 1.69, 1.07, 1.07, 1.09, 1.09]
  Objective : 57.262

[EVALUATION 217]
  Date/time : 2026-05-20 11:55:02
  x         : [226.53, 60.07, 60.84, 60.42, 60.14, 60.50, 2.56, 2.53, 2.51, 2.53, 2.57, 20.35, 20.35, 20.35, 20.35, 20.35, 1.09, 1.01, 1.09, 1.09, 1.07, 11.37, 10.85, 10.85, 10.92, 10.43, 1.69, 1.07, 1.07, 1.09, 1.09]
  Objective : 57.258

[EVALUATION 218]
  Date/time : 2026-05-20 11:55:08
  x         : [226.53, 60.07, 60.84, 60.42, 60.14, 60.50, 2.56, 2.53, 2.51, 2.53, 2.57, 20.35, 20.35, 20.35, 20.35, 20.35, 1.09, 1.01, 1.09, 1.09, 1.07, 11.10, 11.12, 10.85, 10.92, 10.43, 1.69, 1.07, 1.07, 1.09, 1.09]
  Objective : 57.246

[EVALUATION 219]
  Date/time : 2026-05-20 11:55:14
  x         : [226.53, 60.07, 60.84, 60.42, 60.14, 60.50, 2.56, 2.53, 2.51, 2.53, 2.57, 20.35, 20.35, 20.35, 20.35, 20.35, 1.09, 1.01, 1.09, 1.09, 1.07, 11.10, 10.85, 11.12, 10.92, 10.43, 1.69, 1.07, 1.07, 1.09, 1.09]
  Objective : 57.246

[EVALUATION 220]
  Date/time : 2026-05-20 11:55:20
  x         : [226.53, 60.07, 60.84, 60.42, 60.14, 60.50, 2.56, 2.53, 2.51, 2.53, 2.57, 20.35, 20.35, 20.35, 20.35, 20.35, 1.09, 1.01, 1.09, 1.09, 1.07, 11.10, 10.85, 10.85, 11.19, 10.43, 1.69, 1.07, 1.07, 1.09, 1.09]
  Objective : 57.247

[EVALUATION 221]
  Date/time : 2026-05-20 11:55:26
  x         : [226.53, 60.07, 60.84, 60.42, 60.14, 60.50, 2.56, 2.53, 2.51, 2.53, 2.57, 20.35, 20.35, 20.35, 20.35, 20.35, 1.09, 1.01, 1.09, 1.09, 1.07, 11.10, 10.85, 10.85, 10.92, 10.70, 1.69, 1.07, 1.07, 1.09, 1.09]
  Objective : 57.247

[EVALUATION 222]
  Date/time : 2026-05-20 11:55:33
  x         : [226.53, 60.07, 60.84, 60.42, 60.14, 60.50, 2.56, 2.53, 2.51, 2.53, 2.57, 20.35, 20.35, 20.35, 20.35, 20.35, 1.09, 1.01, 1.09, 1.09, 1.07, 11.10, 10.85, 10.85, 10.92, 10.43, 1.71, 1.07, 1.07, 1.09, 1.09]
  Objective : 57.238

[EVALUATION 223]
  Date/time : 2026-05-20 11:55:39
  x         : [226.53, 60.07, 60.84, 60.42, 60.14, 60.50, 2.56, 2.53, 2.51, 2.53, 2.57, 20.35, 20.35, 20.35, 20.35, 20.35, 1.09, 1.01, 1.09, 1.09, 1.07, 11.10, 10.85, 10.85, 10.92, 10.43, 1.69, 1.09, 1.07, 1.09, 1.09]
  Objective : 57.240

[EVALUATION 224]
  Date/time : 2026-05-20 11:55:46
  x         : [226.53, 60.07, 60.84, 60.42, 60.14, 60.50, 2.56, 2.53, 2.51, 2.53, 2.57, 20.35, 20.35, 20.35, 20.35, 20.35, 1.09, 1.01, 1.09, 1.09, 1.07, 11.10, 10.85, 10.85, 10.92, 10.43, 1.69, 1.07, 1.09, 1.09, 1.09]
  Objective : 57.240

[EVALUATION 225]
  Date/time : 2026-05-20 11:55:52
  x         : [226.53, 60.07, 60.84, 60.42, 60.14, 60.50, 2.56, 2.53, 2.51, 2.53, 2.57, 20.35, 20.35, 20.35, 20.35, 20.35, 1.09, 1.01, 1.09, 1.09, 1.07, 11.10, 10.85, 10.85, 10.92, 10.43, 1.69, 1.07, 1.07, 1.11, 1.09]
  Objective : 57.240

[EVALUATION 226]
  Date/time : 2026-05-20 11:55:58
  x         : [226.53, 60.07, 60.84, 60.42, 60.14, 60.50, 2.56, 2.53, 2.51, 2.53, 2.57, 20.35, 20.35, 20.35, 20.35, 20.35, 1.09, 1.01, 1.09, 1.09, 1.07, 11.10, 10.85, 10.85, 10.92, 10.43, 1.69, 1.07, 1.07, 1.09, 1.11]
  Objective : 57.239

[EVALUATION 227]
  Date/time : 2026-05-20 11:56:05
  x         : [228.34, 60.17, 60.55, 60.15, 59.86, 60.82, 2.56, 2.54, 2.51, 2.53, 2.58, 20.70, 20.70, 20.70, 20.70, 20.70, 1.09, 1.01, 1.09, 1.09, 1.06, 11.19, 10.81, 10.81, 11.06, 10.52, 1.71, 1.06, 1.06, 1.09, 1.09]
  Objective : 57.563

[ITERATION 8]
  Date/time : 2026-05-20 11:56:05
  x         : [228.343394,  60.167773,  60.552827,  60.152041,  59.864748,  60.816327,
   2.560382,   2.537055,   2.514184,   2.533736,   2.583324,  20.704454,
  20.704454,  20.704454,  20.704454,  20.704454,   1.092631,   1.007908,
   1.092631,   1.092631,   1.062799,  11.190456,  10.807069,  10.807069,
  11.057715,  10.517556,   1.712163,   1.062799,   1.062799,   1.092631,
   1.092631]

Util_LB     Column:    0.045  Brace:    0.006
Util_NF     Column:    0.686  Brace:    0.680
Util_S      Column:    0.029  Brace:    0.017
Util_T      Column:    0.056  Brace:    0.064
Util_BR     Column:    0.928  Brace:    0.923
Util_IN     Column:    1.057  Brace:    1.054
Util_BS_sig  Column:    N/A    Brace:    1.072
Util_BS_defl  Column:    N/A    Brace:    0.396
[EVALUATION 228]
  Date/time : 2026-05-20 11:56:12
  x         : [230.36, 60.17, 60.55, 60.15, 59.86, 60.82, 2.56, 2.54, 2.51, 2.53, 2.58, 20.70, 20.70, 20.70, 20.70, 20.70, 1.09, 1.01, 1.09, 1.09, 1.06, 11.19, 10.81, 10.81, 11.06, 10.52, 1.71, 1.06, 1.06, 1.09, 1.09]
  Objective : 57.669

[EVALUATION 229]
  Date/time : 2026-05-20 11:56:17
  x         : [228.34, 60.93, 60.55, 60.15, 59.86, 60.82, 2.56, 2.54, 2.51, 2.53, 2.58, 20.70, 20.70, 20.70, 20.70, 20.70, 1.09, 1.01, 1.09, 1.09, 1.06, 11.19, 10.81, 10.81, 11.06, 10.52, 1.71, 1.06, 1.06, 1.09, 1.09]
  Objective : 57.680

[EVALUATION 230]
  Date/time : 2026-05-20 11:56:23
  x         : [228.34, 60.17, 61.31, 60.15, 59.86, 60.82, 2.56, 2.54, 2.51, 2.53, 2.58, 20.70, 20.70, 20.70, 20.70, 20.70, 1.09, 1.01, 1.09, 1.09, 1.06, 11.19, 10.81, 10.81, 11.06, 10.52, 1.71, 1.06, 1.06, 1.09, 1.09]
  Objective : 57.679

[EVALUATION 231]
  Date/time : 2026-05-20 11:56:29
  x         : [228.34, 60.17, 60.55, 60.91, 59.86, 60.82, 2.56, 2.54, 2.51, 2.53, 2.58, 20.70, 20.70, 20.70, 20.70, 20.70, 1.09, 1.01, 1.09, 1.09, 1.06, 11.19, 10.81, 10.81, 11.06, 10.52, 1.71, 1.06, 1.06, 1.09, 1.09]
  Objective : 57.678

[EVALUATION 232]
  Date/time : 2026-05-20 11:56:36
  x         : [228.34, 60.17, 60.55, 60.15, 60.63, 60.82, 2.56, 2.54, 2.51, 2.53, 2.58, 20.70, 20.70, 20.70, 20.70, 20.70, 1.09, 1.01, 1.09, 1.09, 1.06, 11.19, 10.81, 10.81, 11.06, 10.52, 1.71, 1.06, 1.06, 1.09, 1.09]
  Objective : 57.679

[EVALUATION 233]
  Date/time : 2026-05-20 11:56:42
  x         : [228.34, 60.17, 60.55, 60.15, 59.86, 61.58, 2.56, 2.54, 2.51, 2.53, 2.58, 20.70, 20.70, 20.70, 20.70, 20.70, 1.09, 1.01, 1.09, 1.09, 1.06, 11.19, 10.81, 10.81, 11.06, 10.52, 1.71, 1.06, 1.06, 1.09, 1.09]
  Objective : 57.682

[EVALUATION 234]
  Date/time : 2026-05-20 11:56:47
  x         : [228.34, 60.17, 60.55, 60.15, 59.86, 60.82, 2.59, 2.54, 2.51, 2.53, 2.58, 20.70, 20.70, 20.70, 20.70, 20.70, 1.09, 1.01, 1.09, 1.09, 1.06, 11.19, 10.81, 10.81, 11.06, 10.52, 1.71, 1.06, 1.06, 1.09, 1.09]
  Objective : 57.662

[EVALUATION 235]
  Date/time : 2026-05-20 11:56:53
  x         : [228.34, 60.17, 60.55, 60.15, 59.86, 60.82, 2.56, 2.57, 2.51, 2.53, 2.58, 20.70, 20.70, 20.70, 20.70, 20.70, 1.09, 1.01, 1.09, 1.09, 1.06, 11.19, 10.81, 10.81, 11.06, 10.52, 1.71, 1.06, 1.06, 1.09, 1.09]
  Objective : 57.663

[EVALUATION 236]
  Date/time : 2026-05-20 11:56:59
  x         : [228.34, 60.17, 60.55, 60.15, 59.86, 60.82, 2.56, 2.54, 2.54, 2.53, 2.58, 20.70, 20.70, 20.70, 20.70, 20.70, 1.09, 1.01, 1.09, 1.09, 1.06, 11.19, 10.81, 10.81, 11.06, 10.52, 1.71, 1.06, 1.06, 1.09, 1.09]
  Objective : 57.662

[EVALUATION 237]
  Date/time : 2026-05-20 11:57:05
  x         : [228.34, 60.17, 60.55, 60.15, 59.86, 60.82, 2.56, 2.54, 2.51, 2.56, 2.58, 20.70, 20.70, 20.70, 20.70, 20.70, 1.09, 1.01, 1.09, 1.09, 1.06, 11.19, 10.81, 10.81, 11.06, 10.52, 1.71, 1.06, 1.06, 1.09, 1.09]
  Objective : 57.662

[EVALUATION 238]
  Date/time : 2026-05-20 11:57:10
  x         : [228.34, 60.17, 60.55, 60.15, 59.86, 60.82, 2.56, 2.54, 2.51, 2.53, 2.61, 20.70, 20.70, 20.70, 20.70, 20.70, 1.09, 1.01, 1.09, 1.09, 1.06, 11.19, 10.81, 10.81, 11.06, 10.52, 1.71, 1.06, 1.06, 1.09, 1.09]
  Objective : 57.664

[EVALUATION 239]
  Date/time : 2026-05-20 11:57:16
  x         : [228.34, 60.17, 60.55, 60.15, 59.86, 60.82, 2.56, 2.54, 2.51, 2.53, 2.58, 20.97, 20.70, 20.70, 20.70, 20.70, 1.09, 1.01, 1.09, 1.09, 1.06, 11.19, 10.81, 10.81, 11.06, 10.52, 1.71, 1.06, 1.06, 1.09, 1.09]
  Objective : 57.589

[EVALUATION 240]
  Date/time : 2026-05-20 11:57:23
  x         : [228.34, 60.17, 60.55, 60.15, 59.86, 60.82, 2.56, 2.54, 2.51, 2.53, 2.58, 20.70, 20.97, 20.70, 20.70, 20.70, 1.09, 1.01, 1.09, 1.09, 1.06, 11.19, 10.81, 10.81, 11.06, 10.52, 1.71, 1.06, 1.06, 1.09, 1.09]
  Objective : 57.587

[EVALUATION 241]
  Date/time : 2026-05-20 11:57:30
  x         : [228.34, 60.17, 60.55, 60.15, 59.86, 60.82, 2.56, 2.54, 2.51, 2.53, 2.58, 20.70, 20.70, 20.97, 20.70, 20.70, 1.09, 1.01, 1.09, 1.09, 1.06, 11.19, 10.81, 10.81, 11.06, 10.52, 1.71, 1.06, 1.06, 1.09, 1.09]
  Objective : 57.589

[EVALUATION 242]
  Date/time : 2026-05-20 11:57:36
  x         : [228.34, 60.17, 60.55, 60.15, 59.86, 60.82, 2.56, 2.54, 2.51, 2.53, 2.58, 20.70, 20.70, 20.70, 20.97, 20.70, 1.09, 1.01, 1.09, 1.09, 1.06, 11.19, 10.81, 10.81, 11.06, 10.52, 1.71, 1.06, 1.06, 1.09, 1.09]
  Objective : 57.589

[EVALUATION 243]
  Date/time : 2026-05-20 11:57:42
  x         : [228.34, 60.17, 60.55, 60.15, 59.86, 60.82, 2.56, 2.54, 2.51, 2.53, 2.58, 20.70, 20.70, 20.70, 20.70, 20.97, 1.09, 1.01, 1.09, 1.09, 1.06, 11.19, 10.81, 10.81, 11.06, 10.52, 1.71, 1.06, 1.06, 1.09, 1.09]
  Objective : 57.588

[EVALUATION 244]
  Date/time : 2026-05-20 11:57:48
  x         : [228.34, 60.17, 60.55, 60.15, 59.86, 60.82, 2.56, 2.54, 2.51, 2.53, 2.58, 20.70, 20.70, 20.70, 20.70, 20.70, 1.12, 1.01, 1.09, 1.09, 1.06, 11.19, 10.81, 10.81, 11.06, 10.52, 1.71, 1.06, 1.06, 1.09, 1.09]
  Objective : 57.601

[EVALUATION 245]
  Date/time : 2026-05-20 11:57:54
  x         : [228.34, 60.17, 60.55, 60.15, 59.86, 60.82, 2.56, 2.54, 2.51, 2.53, 2.58, 20.70, 20.70, 20.70, 20.70, 20.70, 1.09, 1.03, 1.09, 1.09, 1.06, 11.19, 10.81, 10.81, 11.06, 10.52, 1.71, 1.06, 1.06, 1.09, 1.09]
  Objective : 57.601

[EVALUATION 246]
  Date/time : 2026-05-20 11:58:00
  x         : [228.34, 60.17, 60.55, 60.15, 59.86, 60.82, 2.56, 2.54, 2.51, 2.53, 2.58, 20.70, 20.70, 20.70, 20.70, 20.70, 1.09, 1.01, 1.12, 1.09, 1.06, 11.19, 10.81, 10.81, 11.06, 10.52, 1.71, 1.06, 1.06, 1.09, 1.09]
  Objective : 57.601

[EVALUATION 247]
  Date/time : 2026-05-20 11:58:05
  x         : [228.34, 60.17, 60.55, 60.15, 59.86, 60.82, 2.56, 2.54, 2.51, 2.53, 2.58, 20.70, 20.70, 20.70, 20.70, 20.70, 1.09, 1.01, 1.09, 1.12, 1.06, 11.19, 10.81, 10.81, 11.06, 10.52, 1.71, 1.06, 1.06, 1.09, 1.09]
  Objective : 57.601

[EVALUATION 248]
  Date/time : 2026-05-20 11:58:11
  x         : [228.34, 60.17, 60.55, 60.15, 59.86, 60.82, 2.56, 2.54, 2.51, 2.53, 2.58, 20.70, 20.70, 20.70, 20.70, 20.70, 1.09, 1.01, 1.09, 1.09, 1.09, 11.19, 10.81, 10.81, 11.06, 10.52, 1.71, 1.06, 1.06, 1.09, 1.09]
  Objective : 57.601

[EVALUATION 249]
  Date/time : 2026-05-20 11:58:17
  x         : [228.34, 60.17, 60.55, 60.15, 59.86, 60.82, 2.56, 2.54, 2.51, 2.53, 2.58, 20.70, 20.70, 20.70, 20.70, 20.70, 1.09, 1.01, 1.09, 1.09, 1.06, 11.46, 10.81, 10.81, 11.06, 10.52, 1.71, 1.06, 1.06, 1.09, 1.09]
  Objective : 57.597

[EVALUATION 250]
  Date/time : 2026-05-20 11:58:23
  x         : [228.34, 60.17, 60.55, 60.15, 59.86, 60.82, 2.56, 2.54, 2.51, 2.53, 2.58, 20.70, 20.70, 20.70, 20.70, 20.70, 1.09, 1.01, 1.09, 1.09, 1.06, 11.19, 11.08, 10.81, 11.06, 10.52, 1.71, 1.06, 1.06, 1.09, 1.09]
  Objective : 57.584

[EVALUATION 251]
  Date/time : 2026-05-20 11:58:28
  x         : [228.34, 60.17, 60.55, 60.15, 59.86, 60.82, 2.56, 2.54, 2.51, 2.53, 2.58, 20.70, 20.70, 20.70, 20.70, 20.70, 1.09, 1.01, 1.09, 1.09, 1.06, 11.19, 10.81, 11.08, 11.06, 10.52, 1.71, 1.06, 1.06, 1.09, 1.09]
  Objective : 57.584

[EVALUATION 252]
  Date/time : 2026-05-20 11:58:34
  x         : [228.34, 60.17, 60.55, 60.15, 59.86, 60.82, 2.56, 2.54, 2.51, 2.53, 2.58, 20.70, 20.70, 20.70, 20.70, 20.70, 1.09, 1.01, 1.09, 1.09, 1.06, 11.19, 10.81, 10.81, 11.33, 10.52, 1.71, 1.06, 1.06, 1.09, 1.09]
  Objective : 57.585

[EVALUATION 253]
  Date/time : 2026-05-20 11:58:40
  x         : [228.34, 60.17, 60.55, 60.15, 59.86, 60.82, 2.56, 2.54, 2.51, 2.53, 2.58, 20.70, 20.70, 20.70, 20.70, 20.70, 1.09, 1.01, 1.09, 1.09, 1.06, 11.19, 10.81, 10.81, 11.06, 10.79, 1.71, 1.06, 1.06, 1.09, 1.09]
  Objective : 57.585

[EVALUATION 254]
  Date/time : 2026-05-20 11:58:45
  x         : [228.34, 60.17, 60.55, 60.15, 59.86, 60.82, 2.56, 2.54, 2.51, 2.53, 2.58, 20.70, 20.70, 20.70, 20.70, 20.70, 1.09, 1.01, 1.09, 1.09, 1.06, 11.19, 10.81, 10.81, 11.06, 10.52, 1.74, 1.06, 1.06, 1.09, 1.09]
  Objective : 57.576

[EVALUATION 255]
  Date/time : 2026-05-20 11:58:51
  x         : [228.34, 60.17, 60.55, 60.15, 59.86, 60.82, 2.56, 2.54, 2.51, 2.53, 2.58, 20.70, 20.70, 20.70, 20.70, 20.70, 1.09, 1.01, 1.09, 1.09, 1.06, 11.19, 10.81, 10.81, 11.06, 10.52, 1.71, 1.09, 1.06, 1.09, 1.09]
  Objective : 57.578

[EVALUATION 256]
  Date/time : 2026-05-20 11:58:57
  x         : [228.34, 60.17, 60.55, 60.15, 59.86, 60.82, 2.56, 2.54, 2.51, 2.53, 2.58, 20.70, 20.70, 20.70, 20.70, 20.70, 1.09, 1.01, 1.09, 1.09, 1.06, 11.19, 10.81, 10.81, 11.06, 10.52, 1.71, 1.06, 1.09, 1.09, 1.09]
  Objective : 57.578

[EVALUATION 257]
  Date/time : 2026-05-20 11:59:02
  x         : [228.34, 60.17, 60.55, 60.15, 59.86, 60.82, 2.56, 2.54, 2.51, 2.53, 2.58, 20.70, 20.70, 20.70, 20.70, 20.70, 1.09, 1.01, 1.09, 1.09, 1.06, 11.19, 10.81, 10.81, 11.06, 10.52, 1.71, 1.06, 1.06, 1.12, 1.09]
  Objective : 57.578

[EVALUATION 258]
  Date/time : 2026-05-20 11:59:08
  x         : [228.34, 60.17, 60.55, 60.15, 59.86, 60.82, 2.56, 2.54, 2.51, 2.53, 2.58, 20.70, 20.70, 20.70, 20.70, 20.70, 1.09, 1.01, 1.09, 1.09, 1.06, 11.19, 10.81, 10.81, 11.06, 10.52, 1.71, 1.06, 1.06, 1.09, 1.12]
  Objective : 57.577

[EVALUATION 259]
  Date/time : 2026-05-20 11:59:15
  x         : [230.34, 60.28, 60.24, 59.86, 60.17, 60.93, 2.57, 2.54, 2.52, 2.54, 2.59, 21.09, 21.09, 20.86, 21.09, 21.09, 1.09, 1.01, 1.09, 1.09, 1.06, 11.10, 10.76, 10.76, 11.21, 10.61, 1.68, 1.06, 1.06, 1.10, 1.10]
  Objective : 57.843

[EVALUATION 260]
  Date/time : 2026-05-20 11:59:21
  x         : [228.94, 60.20, 60.46, 60.06, 59.96, 60.77, 2.56, 2.54, 2.52, 2.54, 2.59, 20.82, 20.82, 20.76, 20.82, 20.82, 1.09, 1.01, 1.09, 1.09, 1.06, 11.22, 10.79, 10.79, 11.10, 10.55, 1.72, 1.06, 1.06, 1.09, 1.09]
  Objective : 57.676

[ITERATION 9]
  Date/time : 2026-05-20 11:59:21
  x         : [228.942057,  60.202619,  60.45875 ,  60.064194,  59.956279,  60.774387,
   2.56183 ,   2.539944,   2.516788,   2.536545,   2.586172,  20.821554,
  20.821554,  20.757897,  20.821554,  20.821554,   1.090409,   1.010641,
   1.090409,   1.090409,   1.061789,  11.219017,  10.794086,  10.794086,
  11.101987,  10.546117,   1.721053,   1.061789,   1.061789,   1.094853,
   1.094853]

Util_LB     Column:    0.045  Brace:    0.006
Util_NF     Column:    0.685  Brace:    0.675
Util_S      Column:    0.029  Brace:    0.017
Util_T      Column:    0.055  Brace:    0.065
Util_BR     Column:    0.926  Brace:    0.917
Util_IN     Column:    1.054  Brace:    1.051
Util_BS_sig  Column:    N/A    Brace:    1.060
Util_BS_defl  Column:    N/A    Brace:    0.390
[EVALUATION 261]
  Date/time : 2026-05-20 11:59:26
  x         : [230.96, 60.20, 60.46, 60.06, 59.96, 60.77, 2.56, 2.54, 2.52, 2.54, 2.59, 20.82, 20.82, 20.76, 20.82, 20.82, 1.09, 1.01, 1.09, 1.09, 1.06, 11.22, 10.79, 10.79, 11.10, 10.55, 1.72, 1.06, 1.06, 1.09, 1.09]
  Objective : 57.783

[EVALUATION 262]
  Date/time : 2026-05-20 11:59:32
  x         : [228.94, 60.96, 60.46, 60.06, 59.96, 60.77, 2.56, 2.54, 2.52, 2.54, 2.59, 20.82, 20.82, 20.76, 20.82, 20.82, 1.09, 1.01, 1.09, 1.09, 1.06, 11.22, 10.79, 10.79, 11.10, 10.55, 1.72, 1.06, 1.06, 1.09, 1.09]
  Objective : 57.793

[EVALUATION 263]
  Date/time : 2026-05-20 11:59:38
  x         : [228.94, 60.20, 61.22, 60.06, 59.96, 60.77, 2.56, 2.54, 2.52, 2.54, 2.59, 20.82, 20.82, 20.76, 20.82, 20.82, 1.09, 1.01, 1.09, 1.09, 1.06, 11.22, 10.79, 10.79, 11.10, 10.55, 1.72, 1.06, 1.06, 1.09, 1.09]
  Objective : 57.792

[EVALUATION 264]
  Date/time : 2026-05-20 11:59:43
  x         : [228.94, 60.20, 60.46, 60.83, 59.96, 60.77, 2.56, 2.54, 2.52, 2.54, 2.59, 20.82, 20.82, 20.76, 20.82, 20.82, 1.09, 1.01, 1.09, 1.09, 1.06, 11.22, 10.79, 10.79, 11.10, 10.55, 1.72, 1.06, 1.06, 1.09, 1.09]
  Objective : 57.791

[EVALUATION 265]
  Date/time : 2026-05-20 11:59:49
  x         : [228.94, 60.20, 60.46, 60.06, 60.72, 60.77, 2.56, 2.54, 2.52, 2.54, 2.59, 20.82, 20.82, 20.76, 20.82, 20.82, 1.09, 1.01, 1.09, 1.09, 1.06, 11.22, 10.79, 10.79, 11.10, 10.55, 1.72, 1.06, 1.06, 1.09, 1.09]
  Objective : 57.792

[EVALUATION 266]
  Date/time : 2026-05-20 11:59:55
  x         : [228.94, 60.20, 60.46, 60.06, 59.96, 61.54, 2.56, 2.54, 2.52, 2.54, 2.59, 20.82, 20.82, 20.76, 20.82, 20.82, 1.09, 1.01, 1.09, 1.09, 1.06, 11.22, 10.79, 10.79, 11.10, 10.55, 1.72, 1.06, 1.06, 1.09, 1.09]
  Objective : 57.795

[EVALUATION 267]
  Date/time : 2026-05-20 12:00:01
  x         : [228.94, 60.20, 60.46, 60.06, 59.96, 60.77, 2.59, 2.54, 2.52, 2.54, 2.59, 20.82, 20.82, 20.76, 20.82, 20.82, 1.09, 1.01, 1.09, 1.09, 1.06, 11.22, 10.79, 10.79, 11.10, 10.55, 1.72, 1.06, 1.06, 1.09, 1.09]
  Objective : 57.775

[EVALUATION 268]
  Date/time : 2026-05-20 12:00:07
  x         : [228.94, 60.20, 60.46, 60.06, 59.96, 60.77, 2.56, 2.57, 2.52, 2.54, 2.59, 20.82, 20.82, 20.76, 20.82, 20.82, 1.09, 1.01, 1.09, 1.09, 1.06, 11.22, 10.79, 10.79, 11.10, 10.55, 1.72, 1.06, 1.06, 1.09, 1.09]
  Objective : 57.776

[EVALUATION 269]
  Date/time : 2026-05-20 12:00:15
  x         : [228.94, 60.20, 60.46, 60.06, 59.96, 60.77, 2.56, 2.54, 2.55, 2.54, 2.59, 20.82, 20.82, 20.76, 20.82, 20.82, 1.09, 1.01, 1.09, 1.09, 1.06, 11.22, 10.79, 10.79, 11.10, 10.55, 1.72, 1.06, 1.06, 1.09, 1.09]
  Objective : 57.775

[EVALUATION 270]
  Date/time : 2026-05-20 12:00:21
  x         : [228.94, 60.20, 60.46, 60.06, 59.96, 60.77, 2.56, 2.54, 2.52, 2.57, 2.59, 20.82, 20.82, 20.76, 20.82, 20.82, 1.09, 1.01, 1.09, 1.09, 1.06, 11.22, 10.79, 10.79, 11.10, 10.55, 1.72, 1.06, 1.06, 1.09, 1.09]
  Objective : 57.775

[EVALUATION 271]
  Date/time : 2026-05-20 12:00:27
  x         : [228.94, 60.20, 60.46, 60.06, 59.96, 60.77, 2.56, 2.54, 2.52, 2.54, 2.62, 20.82, 20.82, 20.76, 20.82, 20.82, 1.09, 1.01, 1.09, 1.09, 1.06, 11.22, 10.79, 10.79, 11.10, 10.55, 1.72, 1.06, 1.06, 1.09, 1.09]
  Objective : 57.777

[EVALUATION 272]
  Date/time : 2026-05-20 12:00:33
  x         : [228.94, 60.20, 60.46, 60.06, 59.96, 60.77, 2.56, 2.54, 2.52, 2.54, 2.59, 21.09, 20.82, 20.76, 20.82, 20.82, 1.09, 1.01, 1.09, 1.09, 1.06, 11.22, 10.79, 10.79, 11.10, 10.55, 1.72, 1.06, 1.06, 1.09, 1.09]
  Objective : 57.702

[EVALUATION 273]
  Date/time : 2026-05-20 12:00:38
  x         : [228.94, 60.20, 60.46, 60.06, 59.96, 60.77, 2.56, 2.54, 2.52, 2.54, 2.59, 20.82, 21.09, 20.76, 20.82, 20.82, 1.09, 1.01, 1.09, 1.09, 1.06, 11.22, 10.79, 10.79, 11.10, 10.55, 1.72, 1.06, 1.06, 1.09, 1.09]
  Objective : 57.700

[EVALUATION 274]
  Date/time : 2026-05-20 12:00:44
  x         : [228.94, 60.20, 60.46, 60.06, 59.96, 60.77, 2.56, 2.54, 2.52, 2.54, 2.59, 20.82, 20.82, 21.03, 20.82, 20.82, 1.09, 1.01, 1.09, 1.09, 1.06, 11.22, 10.79, 10.79, 11.10, 10.55, 1.72, 1.06, 1.06, 1.09, 1.09]
  Objective : 57.702

[EVALUATION 275]
  Date/time : 2026-05-20 12:00:50
  x         : [228.94, 60.20, 60.46, 60.06, 59.96, 60.77, 2.56, 2.54, 2.52, 2.54, 2.59, 20.82, 20.82, 20.76, 21.09, 20.82, 1.09, 1.01, 1.09, 1.09, 1.06, 11.22, 10.79, 10.79, 11.10, 10.55, 1.72, 1.06, 1.06, 1.09, 1.09]
  Objective : 57.702

[EVALUATION 276]
  Date/time : 2026-05-20 12:00:55
  x         : [228.94, 60.20, 60.46, 60.06, 59.96, 60.77, 2.56, 2.54, 2.52, 2.54, 2.59, 20.82, 20.82, 20.76, 20.82, 21.09, 1.09, 1.01, 1.09, 1.09, 1.06, 11.22, 10.79, 10.79, 11.10, 10.55, 1.72, 1.06, 1.06, 1.09, 1.09]
  Objective : 57.701

[EVALUATION 277]
  Date/time : 2026-05-20 12:01:01
  x         : [228.94, 60.20, 60.46, 60.06, 59.96, 60.77, 2.56, 2.54, 2.52, 2.54, 2.59, 20.82, 20.82, 20.76, 20.82, 20.82, 1.11, 1.01, 1.09, 1.09, 1.06, 11.22, 10.79, 10.79, 11.10, 10.55, 1.72, 1.06, 1.06, 1.09, 1.09]
  Objective : 57.714

[EVALUATION 278]
  Date/time : 2026-05-20 12:01:07
  x         : [228.94, 60.20, 60.46, 60.06, 59.96, 60.77, 2.56, 2.54, 2.52, 2.54, 2.59, 20.82, 20.82, 20.76, 20.82, 20.82, 1.09, 1.03, 1.09, 1.09, 1.06, 11.22, 10.79, 10.79, 11.10, 10.55, 1.72, 1.06, 1.06, 1.09, 1.09]
  Objective : 57.714

[EVALUATION 279]
  Date/time : 2026-05-20 12:01:12
  x         : [228.94, 60.20, 60.46, 60.06, 59.96, 60.77, 2.56, 2.54, 2.52, 2.54, 2.59, 20.82, 20.82, 20.76, 20.82, 20.82, 1.09, 1.01, 1.11, 1.09, 1.06, 11.22, 10.79, 10.79, 11.10, 10.55, 1.72, 1.06, 1.06, 1.09, 1.09]
  Objective : 57.714

[EVALUATION 280]
  Date/time : 2026-05-20 12:01:18
  x         : [228.94, 60.20, 60.46, 60.06, 59.96, 60.77, 2.56, 2.54, 2.52, 2.54, 2.59, 20.82, 20.82, 20.76, 20.82, 20.82, 1.09, 1.01, 1.09, 1.11, 1.06, 11.22, 10.79, 10.79, 11.10, 10.55, 1.72, 1.06, 1.06, 1.09, 1.09]
  Objective : 57.714

[EVALUATION 281]
  Date/time : 2026-05-20 12:01:24
  x         : [228.94, 60.20, 60.46, 60.06, 59.96, 60.77, 2.56, 2.54, 2.52, 2.54, 2.59, 20.82, 20.82, 20.76, 20.82, 20.82, 1.09, 1.01, 1.09, 1.09, 1.08, 11.22, 10.79, 10.79, 11.10, 10.55, 1.72, 1.06, 1.06, 1.09, 1.09]
  Objective : 57.714

[EVALUATION 282]
  Date/time : 2026-05-20 12:01:30
  x         : [228.94, 60.20, 60.46, 60.06, 59.96, 60.77, 2.56, 2.54, 2.52, 2.54, 2.59, 20.82, 20.82, 20.76, 20.82, 20.82, 1.09, 1.01, 1.09, 1.09, 1.06, 11.49, 10.79, 10.79, 11.10, 10.55, 1.72, 1.06, 1.06, 1.09, 1.09]
  Objective : 57.710

[EVALUATION 283]
  Date/time : 2026-05-20 12:01:37
  x         : [228.94, 60.20, 60.46, 60.06, 59.96, 60.77, 2.56, 2.54, 2.52, 2.54, 2.59, 20.82, 20.82, 20.76, 20.82, 20.82, 1.09, 1.01, 1.09, 1.09, 1.06, 11.22, 11.06, 10.79, 11.10, 10.55, 1.72, 1.06, 1.06, 1.09, 1.09]
  Objective : 57.697

[EVALUATION 284]
  Date/time : 2026-05-20 12:01:42
  x         : [228.94, 60.20, 60.46, 60.06, 59.96, 60.77, 2.56, 2.54, 2.52, 2.54, 2.59, 20.82, 20.82, 20.76, 20.82, 20.82, 1.09, 1.01, 1.09, 1.09, 1.06, 11.22, 10.79, 11.06, 11.10, 10.55, 1.72, 1.06, 1.06, 1.09, 1.09]
  Objective : 57.697

[EVALUATION 285]
  Date/time : 2026-05-20 12:01:48
  x         : [228.94, 60.20, 60.46, 60.06, 59.96, 60.77, 2.56, 2.54, 2.52, 2.54, 2.59, 20.82, 20.82, 20.76, 20.82, 20.82, 1.09, 1.01, 1.09, 1.09, 1.06, 11.22, 10.79, 10.79, 11.37, 10.55, 1.72, 1.06, 1.06, 1.09, 1.09]
  Objective : 57.698

[EVALUATION 286]
  Date/time : 2026-05-20 12:01:54
  x         : [228.94, 60.20, 60.46, 60.06, 59.96, 60.77, 2.56, 2.54, 2.52, 2.54, 2.59, 20.82, 20.82, 20.76, 20.82, 20.82, 1.09, 1.01, 1.09, 1.09, 1.06, 11.22, 10.79, 10.79, 11.10, 10.82, 1.72, 1.06, 1.06, 1.09, 1.09]
  Objective : 57.698

[EVALUATION 287]
  Date/time : 2026-05-20 12:01:59
  x         : [228.94, 60.20, 60.46, 60.06, 59.96, 60.77, 2.56, 2.54, 2.52, 2.54, 2.59, 20.82, 20.82, 20.76, 20.82, 20.82, 1.09, 1.01, 1.09, 1.09, 1.06, 11.22, 10.79, 10.79, 11.10, 10.55, 1.74, 1.06, 1.06, 1.09, 1.09]
  Objective : 57.689

[EVALUATION 288]
  Date/time : 2026-05-20 12:02:05
  x         : [228.94, 60.20, 60.46, 60.06, 59.96, 60.77, 2.56, 2.54, 2.52, 2.54, 2.59, 20.82, 20.82, 20.76, 20.82, 20.82, 1.09, 1.01, 1.09, 1.09, 1.06, 11.22, 10.79, 10.79, 11.10, 10.55, 1.72, 1.08, 1.06, 1.09, 1.09]
  Objective : 57.691

[EVALUATION 289]
  Date/time : 2026-05-20 12:02:11
  x         : [228.94, 60.20, 60.46, 60.06, 59.96, 60.77, 2.56, 2.54, 2.52, 2.54, 2.59, 20.82, 20.82, 20.76, 20.82, 20.82, 1.09, 1.01, 1.09, 1.09, 1.06, 11.22, 10.79, 10.79, 11.10, 10.55, 1.72, 1.06, 1.08, 1.09, 1.09]
  Objective : 57.691

[EVALUATION 290]
  Date/time : 2026-05-20 12:02:16
  x         : [228.94, 60.20, 60.46, 60.06, 59.96, 60.77, 2.56, 2.54, 2.52, 2.54, 2.59, 20.82, 20.82, 20.76, 20.82, 20.82, 1.09, 1.01, 1.09, 1.09, 1.06, 11.22, 10.79, 10.79, 11.10, 10.55, 1.72, 1.06, 1.06, 1.12, 1.09]
  Objective : 57.691

[EVALUATION 291]
  Date/time : 2026-05-20 12:02:22
  x         : [228.94, 60.20, 60.46, 60.06, 59.96, 60.77, 2.56, 2.54, 2.52, 2.54, 2.59, 20.82, 20.82, 20.76, 20.82, 20.82, 1.09, 1.01, 1.09, 1.09, 1.06, 11.22, 10.79, 10.79, 11.10, 10.55, 1.72, 1.06, 1.06, 1.09, 1.12]
  Objective : 57.690

[EVALUATION 292]
  Date/time : 2026-05-20 12:02:29
  x         : [229.60, 60.24, 60.36, 59.97, 59.91, 60.80, 2.56, 2.54, 2.52, 2.54, 2.59, 20.95, 20.95, 20.89, 20.95, 20.95, 1.09, 1.01, 1.09, 1.09, 1.06, 11.19, 10.81, 10.81, 11.05, 10.58, 1.71, 1.06, 1.06, 1.09, 1.10]
  Objective : 57.775

[ITERATION 10]
  Date/time : 2026-05-20 12:02:29
  x         : [229.600586,  60.240028,  60.355266,  59.967563,  59.910513,  60.797785,
   2.563424,   2.542022,   2.518553,   2.538536,   2.589305,  20.950363,
  20.950363,  20.886706,  20.950363,  20.950363,   1.09152 ,   1.012547,
   1.089298,   1.089298,   1.0629  ,  11.1876  ,  10.808367,  10.808367,
  11.053287,  10.577534,   1.711274,   1.0629  ,   1.0629  ,   1.092409,
   1.097298]

Util_LB     Column:    0.045  Brace:    0.006
Util_NF     Column:    0.684  Brace:    0.671
Util_S      Column:    0.029  Brace:    0.017
Util_T      Column:    0.055  Brace:    0.065
Util_BR     Column:    0.925  Brace:    0.912
Util_IN     Column:    1.050  Brace:    1.048
Util_BS_sig  Column:    N/A    Brace:    1.047
Util_BS_defl  Column:    N/A    Brace:    0.384
[EVALUATION 293]
  Date/time : 2026-05-20 12:02:35
  x         : [231.62, 60.24, 60.36, 59.97, 59.91, 60.80, 2.56, 2.54, 2.52, 2.54, 2.59, 20.95, 20.95, 20.89, 20.95, 20.95, 1.09, 1.01, 1.09, 1.09, 1.06, 11.19, 10.81, 10.81, 11.05, 10.58, 1.71, 1.06, 1.06, 1.09, 1.10]
  Objective : 57.882

[EVALUATION 294]
  Date/time : 2026-05-20 12:02:40
  x         : [229.60, 61.00, 60.36, 59.97, 59.91, 60.80, 2.56, 2.54, 2.52, 2.54, 2.59, 20.95, 20.95, 20.89, 20.95, 20.95, 1.09, 1.01, 1.09, 1.09, 1.06, 11.19, 10.81, 10.81, 11.05, 10.58, 1.71, 1.06, 1.06, 1.09, 1.10]
  Objective : 57.892

[EVALUATION 295]
  Date/time : 2026-05-20 12:02:46
  x         : [229.60, 60.24, 61.12, 59.97, 59.91, 60.80, 2.56, 2.54, 2.52, 2.54, 2.59, 20.95, 20.95, 20.89, 20.95, 20.95, 1.09, 1.01, 1.09, 1.09, 1.06, 11.19, 10.81, 10.81, 11.05, 10.58, 1.71, 1.06, 1.06, 1.09, 1.10]
  Objective : 57.891

[EVALUATION 296]
  Date/time : 2026-05-20 12:02:52
  x         : [229.60, 60.24, 60.36, 60.73, 59.91, 60.80, 2.56, 2.54, 2.52, 2.54, 2.59, 20.95, 20.95, 20.89, 20.95, 20.95, 1.09, 1.01, 1.09, 1.09, 1.06, 11.19, 10.81, 10.81, 11.05, 10.58, 1.71, 1.06, 1.06, 1.09, 1.10]
  Objective : 57.889

[EVALUATION 297]
  Date/time : 2026-05-20 12:02:58
  x         : [229.60, 60.24, 60.36, 59.97, 60.67, 60.80, 2.56, 2.54, 2.52, 2.54, 2.59, 20.95, 20.95, 20.89, 20.95, 20.95, 1.09, 1.01, 1.09, 1.09, 1.06, 11.19, 10.81, 10.81, 11.05, 10.58, 1.71, 1.06, 1.06, 1.09, 1.10]
  Objective : 57.890

[EVALUATION 298]
  Date/time : 2026-05-20 12:03:03
  x         : [229.60, 60.24, 60.36, 59.97, 59.91, 61.56, 2.56, 2.54, 2.52, 2.54, 2.59, 20.95, 20.95, 20.89, 20.95, 20.95, 1.09, 1.01, 1.09, 1.09, 1.06, 11.19, 10.81, 10.81, 11.05, 10.58, 1.71, 1.06, 1.06, 1.09, 1.10]
  Objective : 57.894

[EVALUATION 299]
  Date/time : 2026-05-20 12:03:09
  x         : [229.60, 60.24, 60.36, 59.97, 59.91, 60.80, 2.59, 2.54, 2.52, 2.54, 2.59, 20.95, 20.95, 20.89, 20.95, 20.95, 1.09, 1.01, 1.09, 1.09, 1.06, 11.19, 10.81, 10.81, 11.05, 10.58, 1.71, 1.06, 1.06, 1.09, 1.10]
  Objective : 57.874

[EVALUATION 300]
  Date/time : 2026-05-20 12:03:15
  x         : [229.60, 60.24, 60.36, 59.97, 59.91, 60.80, 2.56, 2.57, 2.52, 2.54, 2.59, 20.95, 20.95, 20.89, 20.95, 20.95, 1.09, 1.01, 1.09, 1.09, 1.06, 11.19, 10.81, 10.81, 11.05, 10.58, 1.71, 1.06, 1.06, 1.09, 1.10]
  Objective : 57.874

[EVALUATION 301]
  Date/time : 2026-05-20 12:03:21
  x         : [229.60, 60.24, 60.36, 59.97, 59.91, 60.80, 2.56, 2.54, 2.55, 2.54, 2.59, 20.95, 20.95, 20.89, 20.95, 20.95, 1.09, 1.01, 1.09, 1.09, 1.06, 11.19, 10.81, 10.81, 11.05, 10.58, 1.71, 1.06, 1.06, 1.09, 1.10]
  Objective : 57.873

[EVALUATION 302]
  Date/time : 2026-05-20 12:03:27
  x         : [229.60, 60.24, 60.36, 59.97, 59.91, 60.80, 2.56, 2.54, 2.52, 2.57, 2.59, 20.95, 20.95, 20.89, 20.95, 20.95, 1.09, 1.01, 1.09, 1.09, 1.06, 11.19, 10.81, 10.81, 11.05, 10.58, 1.71, 1.06, 1.06, 1.09, 1.10]
  Objective : 57.873

[EVALUATION 303]
  Date/time : 2026-05-20 12:03:33
  x         : [229.60, 60.24, 60.36, 59.97, 59.91, 60.80, 2.56, 2.54, 2.52, 2.54, 2.62, 20.95, 20.95, 20.89, 20.95, 20.95, 1.09, 1.01, 1.09, 1.09, 1.06, 11.19, 10.81, 10.81, 11.05, 10.58, 1.71, 1.06, 1.06, 1.09, 1.10]
  Objective : 57.876

[EVALUATION 304]
  Date/time : 2026-05-20 12:03:39
  x         : [229.60, 60.24, 60.36, 59.97, 59.91, 60.80, 2.56, 2.54, 2.52, 2.54, 2.59, 21.22, 20.95, 20.89, 20.95, 20.95, 1.09, 1.01, 1.09, 1.09, 1.06, 11.19, 10.81, 10.81, 11.05, 10.58, 1.71, 1.06, 1.06, 1.09, 1.10]
  Objective : 57.801

[EVALUATION 305]
  Date/time : 2026-05-20 12:03:44
  x         : [229.60, 60.24, 60.36, 59.97, 59.91, 60.80, 2.56, 2.54, 2.52, 2.54, 2.59, 20.95, 21.22, 20.89, 20.95, 20.95, 1.09, 1.01, 1.09, 1.09, 1.06, 11.19, 10.81, 10.81, 11.05, 10.58, 1.71, 1.06, 1.06, 1.09, 1.10]
  Objective : 57.799

[EVALUATION 306]
  Date/time : 2026-05-20 12:03:50
  x         : [229.60, 60.24, 60.36, 59.97, 59.91, 60.80, 2.56, 2.54, 2.52, 2.54, 2.59, 20.95, 20.95, 21.16, 20.95, 20.95, 1.09, 1.01, 1.09, 1.09, 1.06, 11.19, 10.81, 10.81, 11.05, 10.58, 1.71, 1.06, 1.06, 1.09, 1.10]
  Objective : 57.801

[EVALUATION 307]
  Date/time : 2026-05-20 12:03:56
  x         : [229.60, 60.24, 60.36, 59.97, 59.91, 60.80, 2.56, 2.54, 2.52, 2.54, 2.59, 20.95, 20.95, 20.89, 21.22, 20.95, 1.09, 1.01, 1.09, 1.09, 1.06, 11.19, 10.81, 10.81, 11.05, 10.58, 1.71, 1.06, 1.06, 1.09, 1.10]
  Objective : 57.801

[EVALUATION 308]
  Date/time : 2026-05-20 12:04:01
  x         : [229.60, 60.24, 60.36, 59.97, 59.91, 60.80, 2.56, 2.54, 2.52, 2.54, 2.59, 20.95, 20.95, 20.89, 20.95, 21.22, 1.09, 1.01, 1.09, 1.09, 1.06, 11.19, 10.81, 10.81, 11.05, 10.58, 1.71, 1.06, 1.06, 1.09, 1.10]
  Objective : 57.800

[EVALUATION 309]
  Date/time : 2026-05-20 12:04:07
  x         : [229.60, 60.24, 60.36, 59.97, 59.91, 60.80, 2.56, 2.54, 2.52, 2.54, 2.59, 20.95, 20.95, 20.89, 20.95, 20.95, 1.11, 1.01, 1.09, 1.09, 1.06, 11.19, 10.81, 10.81, 11.05, 10.58, 1.71, 1.06, 1.06, 1.09, 1.10]
  Objective : 57.813

[EVALUATION 310]
  Date/time : 2026-05-20 12:04:13
  x         : [229.60, 60.24, 60.36, 59.97, 59.91, 60.80, 2.56, 2.54, 2.52, 2.54, 2.59, 20.95, 20.95, 20.89, 20.95, 20.95, 1.09, 1.04, 1.09, 1.09, 1.06, 11.19, 10.81, 10.81, 11.05, 10.58, 1.71, 1.06, 1.06, 1.09, 1.10]
  Objective : 57.813

[EVALUATION 311]
  Date/time : 2026-05-20 12:04:18
  x         : [229.60, 60.24, 60.36, 59.97, 59.91, 60.80, 2.56, 2.54, 2.52, 2.54, 2.59, 20.95, 20.95, 20.89, 20.95, 20.95, 1.09, 1.01, 1.11, 1.09, 1.06, 11.19, 10.81, 10.81, 11.05, 10.58, 1.71, 1.06, 1.06, 1.09, 1.10]
  Objective : 57.813

[EVALUATION 312]
  Date/time : 2026-05-20 12:04:25
  x         : [229.60, 60.24, 60.36, 59.97, 59.91, 60.80, 2.56, 2.54, 2.52, 2.54, 2.59, 20.95, 20.95, 20.89, 20.95, 20.95, 1.09, 1.01, 1.09, 1.11, 1.06, 11.19, 10.81, 10.81, 11.05, 10.58, 1.71, 1.06, 1.06, 1.09, 1.10]
  Objective : 57.813

[EVALUATION 313]
  Date/time : 2026-05-20 12:04:31
  x         : [229.60, 60.24, 60.36, 59.97, 59.91, 60.80, 2.56, 2.54, 2.52, 2.54, 2.59, 20.95, 20.95, 20.89, 20.95, 20.95, 1.09, 1.01, 1.09, 1.09, 1.09, 11.19, 10.81, 10.81, 11.05, 10.58, 1.71, 1.06, 1.06, 1.09, 1.10]
  Objective : 57.813

[EVALUATION 314]
  Date/time : 2026-05-20 12:04:37
  x         : [229.60, 60.24, 60.36, 59.97, 59.91, 60.80, 2.56, 2.54, 2.52, 2.54, 2.59, 20.95, 20.95, 20.89, 20.95, 20.95, 1.09, 1.01, 1.09, 1.09, 1.06, 11.46, 10.81, 10.81, 11.05, 10.58, 1.71, 1.06, 1.06, 1.09, 1.10]
  Objective : 57.808

[EVALUATION 315]
  Date/time : 2026-05-20 12:04:43
  x         : [229.60, 60.24, 60.36, 59.97, 59.91, 60.80, 2.56, 2.54, 2.52, 2.54, 2.59, 20.95, 20.95, 20.89, 20.95, 20.95, 1.09, 1.01, 1.09, 1.09, 1.06, 11.19, 11.08, 10.81, 11.05, 10.58, 1.71, 1.06, 1.06, 1.09, 1.10]
  Objective : 57.796

[EVALUATION 316]
  Date/time : 2026-05-20 12:04:49
  x         : [229.60, 60.24, 60.36, 59.97, 59.91, 60.80, 2.56, 2.54, 2.52, 2.54, 2.59, 20.95, 20.95, 20.89, 20.95, 20.95, 1.09, 1.01, 1.09, 1.09, 1.06, 11.19, 10.81, 11.08, 11.05, 10.58, 1.71, 1.06, 1.06, 1.09, 1.10]
  Objective : 57.796

[EVALUATION 317]
  Date/time : 2026-05-20 12:04:54
  x         : [229.60, 60.24, 60.36, 59.97, 59.91, 60.80, 2.56, 2.54, 2.52, 2.54, 2.59, 20.95, 20.95, 20.89, 20.95, 20.95, 1.09, 1.01, 1.09, 1.09, 1.06, 11.19, 10.81, 10.81, 11.32, 10.58, 1.71, 1.06, 1.06, 1.09, 1.10]
  Objective : 57.796

[EVALUATION 318]
  Date/time : 2026-05-20 12:05:00
  x         : [229.60, 60.24, 60.36, 59.97, 59.91, 60.80, 2.56, 2.54, 2.52, 2.54, 2.59, 20.95, 20.95, 20.89, 20.95, 20.95, 1.09, 1.01, 1.09, 1.09, 1.06, 11.19, 10.81, 10.81, 11.05, 10.85, 1.71, 1.06, 1.06, 1.09, 1.10]
  Objective : 57.796

[EVALUATION 319]
  Date/time : 2026-05-20 12:05:06
  x         : [229.60, 60.24, 60.36, 59.97, 59.91, 60.80, 2.56, 2.54, 2.52, 2.54, 2.59, 20.95, 20.95, 20.89, 20.95, 20.95, 1.09, 1.01, 1.09, 1.09, 1.06, 11.19, 10.81, 10.81, 11.05, 10.58, 1.73, 1.06, 1.06, 1.09, 1.10]
  Objective : 57.788

[EVALUATION 320]
  Date/time : 2026-05-20 12:05:12
  x         : [229.60, 60.24, 60.36, 59.97, 59.91, 60.80, 2.56, 2.54, 2.52, 2.54, 2.59, 20.95, 20.95, 20.89, 20.95, 20.95, 1.09, 1.01, 1.09, 1.09, 1.06, 11.19, 10.81, 10.81, 11.05, 10.58, 1.71, 1.09, 1.06, 1.09, 1.10]
  Objective : 57.789

[EVALUATION 321]
  Date/time : 2026-05-20 12:05:18
  x         : [229.60, 60.24, 60.36, 59.97, 59.91, 60.80, 2.56, 2.54, 2.52, 2.54, 2.59, 20.95, 20.95, 20.89, 20.95, 20.95, 1.09, 1.01, 1.09, 1.09, 1.06, 11.19, 10.81, 10.81, 11.05, 10.58, 1.71, 1.06, 1.09, 1.09, 1.10]
  Objective : 57.789

[EVALUATION 322]
  Date/time : 2026-05-20 12:05:24
  x         : [229.60, 60.24, 60.36, 59.97, 59.91, 60.80, 2.56, 2.54, 2.52, 2.54, 2.59, 20.95, 20.95, 20.89, 20.95, 20.95, 1.09, 1.01, 1.09, 1.09, 1.06, 11.19, 10.81, 10.81, 11.05, 10.58, 1.71, 1.06, 1.06, 1.12, 1.10]
  Objective : 57.790

[EVALUATION 323]
  Date/time : 2026-05-20 12:05:30
  x         : [229.60, 60.24, 60.36, 59.97, 59.91, 60.80, 2.56, 2.54, 2.52, 2.54, 2.59, 20.95, 20.95, 20.89, 20.95, 20.95, 1.09, 1.01, 1.09, 1.09, 1.06, 11.19, 10.81, 10.81, 11.05, 10.58, 1.71, 1.06, 1.06, 1.09, 1.12]
  Objective : 57.789

[EVALUATION 324]
  Date/time : 2026-05-20 12:05:36
  x         : [230.32, 60.28, 60.24, 59.86, 59.89, 60.81, 2.57, 2.54, 2.52, 2.54, 2.59, 21.09, 21.09, 21.03, 21.09, 21.09, 1.09, 1.01, 1.09, 1.09, 1.06, 11.17, 10.82, 10.82, 11.03, 10.61, 1.71, 1.07, 1.07, 1.09, 1.10]
  Objective : 57.894

[ITERATION 11]
  Date/time : 2026-05-20 12:05:37
  x         : [230.324968,  60.281177,  60.241434,  59.861269,  59.88763 ,  60.809485,
   2.565177,   2.544308,   2.520494,   2.540725,   2.592751,  21.092053,
  21.092053,  21.028396,  21.092053,  21.092053,   1.094075,   1.014643,
   1.088075,   1.088075,   1.062345,  11.171891,  10.815507,  10.815507,
  11.028937,  10.612093,   1.706385,   1.065456,   1.065456,   1.091187,
   1.099987]

Util_LB     Column:    0.045  Brace:    0.006
Util_NF     Column:    0.682  Brace:    0.669
Util_S      Column:    0.029  Brace:    0.017
Util_T      Column:    0.055  Brace:    0.065
Util_BR     Column:    0.924  Brace:    0.910
Util_IN     Column:    1.047  Brace:    1.046
Util_BS_sig  Column:    N/A    Brace:    1.034
Util_BS_defl  Column:    N/A    Brace:    0.378
[EVALUATION 325]
  Date/time : 2026-05-20 12:05:42
  x         : [232.35, 60.28, 60.24, 59.86, 59.89, 60.81, 2.57, 2.54, 2.52, 2.54, 2.59, 21.09, 21.09, 21.03, 21.09, 21.09, 1.09, 1.01, 1.09, 1.09, 1.06, 11.17, 10.82, 10.82, 11.03, 10.61, 1.71, 1.07, 1.07, 1.09, 1.10]
  Objective : 58.001

[EVALUATION 326]
  Date/time : 2026-05-20 12:05:48
  x         : [230.32, 61.04, 60.24, 59.86, 59.89, 60.81, 2.57, 2.54, 2.52, 2.54, 2.59, 21.09, 21.09, 21.03, 21.09, 21.09, 1.09, 1.01, 1.09, 1.09, 1.06, 11.17, 10.82, 10.82, 11.03, 10.61, 1.71, 1.07, 1.07, 1.09, 1.10]
  Objective : 58.011

[EVALUATION 327]
  Date/time : 2026-05-20 12:05:54
  x         : [230.32, 60.28, 61.00, 59.86, 59.89, 60.81, 2.57, 2.54, 2.52, 2.54, 2.59, 21.09, 21.09, 21.03, 21.09, 21.09, 1.09, 1.01, 1.09, 1.09, 1.06, 11.17, 10.82, 10.82, 11.03, 10.61, 1.71, 1.07, 1.07, 1.09, 1.10]
  Objective : 58.010

[EVALUATION 328]
  Date/time : 2026-05-20 12:05:59
  x         : [230.32, 60.28, 60.24, 60.62, 59.89, 60.81, 2.57, 2.54, 2.52, 2.54, 2.59, 21.09, 21.09, 21.03, 21.09, 21.09, 1.09, 1.01, 1.09, 1.09, 1.06, 11.17, 10.82, 10.82, 11.03, 10.61, 1.71, 1.07, 1.07, 1.09, 1.10]
  Objective : 58.009

[EVALUATION 329]
  Date/time : 2026-05-20 12:06:05
  x         : [230.32, 60.28, 60.24, 59.86, 60.65, 60.81, 2.57, 2.54, 2.52, 2.54, 2.59, 21.09, 21.09, 21.03, 21.09, 21.09, 1.09, 1.01, 1.09, 1.09, 1.06, 11.17, 10.82, 10.82, 11.03, 10.61, 1.71, 1.07, 1.07, 1.09, 1.10]
  Objective : 58.010

[EVALUATION 330]
  Date/time : 2026-05-20 12:06:11
  x         : [230.32, 60.28, 60.24, 59.86, 59.89, 61.57, 2.57, 2.54, 2.52, 2.54, 2.59, 21.09, 21.09, 21.03, 21.09, 21.09, 1.09, 1.01, 1.09, 1.09, 1.06, 11.17, 10.82, 10.82, 11.03, 10.61, 1.71, 1.07, 1.07, 1.09, 1.10]
  Objective : 58.013

[EVALUATION 331]
  Date/time : 2026-05-20 12:06:16
  x         : [230.32, 60.28, 60.24, 59.86, 59.89, 60.81, 2.60, 2.54, 2.52, 2.54, 2.59, 21.09, 21.09, 21.03, 21.09, 21.09, 1.09, 1.01, 1.09, 1.09, 1.06, 11.17, 10.82, 10.82, 11.03, 10.61, 1.71, 1.07, 1.07, 1.09, 1.10]
  Objective : 57.993

[EVALUATION 332]
  Date/time : 2026-05-20 12:06:22
  x         : [230.32, 60.28, 60.24, 59.86, 59.89, 60.81, 2.57, 2.57, 2.52, 2.54, 2.59, 21.09, 21.09, 21.03, 21.09, 21.09, 1.09, 1.01, 1.09, 1.09, 1.06, 11.17, 10.82, 10.82, 11.03, 10.61, 1.71, 1.07, 1.07, 1.09, 1.10]
  Objective : 57.993

[EVALUATION 333]
  Date/time : 2026-05-20 12:06:27
  x         : [230.32, 60.28, 60.24, 59.86, 59.89, 60.81, 2.57, 2.54, 2.55, 2.54, 2.59, 21.09, 21.09, 21.03, 21.09, 21.09, 1.09, 1.01, 1.09, 1.09, 1.06, 11.17, 10.82, 10.82, 11.03, 10.61, 1.71, 1.07, 1.07, 1.09, 1.10]
  Objective : 57.992

[EVALUATION 334]
  Date/time : 2026-05-20 12:06:33
  x         : [230.32, 60.28, 60.24, 59.86, 59.89, 60.81, 2.57, 2.54, 2.52, 2.57, 2.59, 21.09, 21.09, 21.03, 21.09, 21.09, 1.09, 1.01, 1.09, 1.09, 1.06, 11.17, 10.82, 10.82, 11.03, 10.61, 1.71, 1.07, 1.07, 1.09, 1.10]
  Objective : 57.992

[EVALUATION 335]
  Date/time : 2026-05-20 12:06:39
  x         : [230.32, 60.28, 60.24, 59.86, 59.89, 60.81, 2.57, 2.54, 2.52, 2.54, 2.62, 21.09, 21.09, 21.03, 21.09, 21.09, 1.09, 1.01, 1.09, 1.09, 1.06, 11.17, 10.82, 10.82, 11.03, 10.61, 1.71, 1.07, 1.07, 1.09, 1.10]
  Objective : 57.995

[EVALUATION 336]
  Date/time : 2026-05-20 12:06:45
  x         : [230.32, 60.28, 60.24, 59.86, 59.89, 60.81, 2.57, 2.54, 2.52, 2.54, 2.59, 21.36, 21.09, 21.03, 21.09, 21.09, 1.09, 1.01, 1.09, 1.09, 1.06, 11.17, 10.82, 10.82, 11.03, 10.61, 1.71, 1.07, 1.07, 1.09, 1.10]
  Objective : 57.920

[EVALUATION 337]
  Date/time : 2026-05-20 12:06:51
  x         : [230.32, 60.28, 60.24, 59.86, 59.89, 60.81, 2.57, 2.54, 2.52, 2.54, 2.59, 21.09, 21.36, 21.03, 21.09, 21.09, 1.09, 1.01, 1.09, 1.09, 1.06, 11.17, 10.82, 10.82, 11.03, 10.61, 1.71, 1.07, 1.07, 1.09, 1.10]
  Objective : 57.918

[EVALUATION 338]
  Date/time : 2026-05-20 12:06:56
  x         : [230.32, 60.28, 60.24, 59.86, 59.89, 60.81, 2.57, 2.54, 2.52, 2.54, 2.59, 21.09, 21.09, 21.30, 21.09, 21.09, 1.09, 1.01, 1.09, 1.09, 1.06, 11.17, 10.82, 10.82, 11.03, 10.61, 1.71, 1.07, 1.07, 1.09, 1.10]
  Objective : 57.920

[EVALUATION 339]
  Date/time : 2026-05-20 12:07:02
  x         : [230.32, 60.28, 60.24, 59.86, 59.89, 60.81, 2.57, 2.54, 2.52, 2.54, 2.59, 21.09, 21.09, 21.03, 21.36, 21.09, 1.09, 1.01, 1.09, 1.09, 1.06, 11.17, 10.82, 10.82, 11.03, 10.61, 1.71, 1.07, 1.07, 1.09, 1.10]
  Objective : 57.920

[EVALUATION 340]
  Date/time : 2026-05-20 12:07:08
  x         : [230.32, 60.28, 60.24, 59.86, 59.89, 60.81, 2.57, 2.54, 2.52, 2.54, 2.59, 21.09, 21.09, 21.03, 21.09, 21.36, 1.09, 1.01, 1.09, 1.09, 1.06, 11.17, 10.82, 10.82, 11.03, 10.61, 1.71, 1.07, 1.07, 1.09, 1.10]
  Objective : 57.919

[EVALUATION 341]
  Date/time : 2026-05-20 12:07:14
  x         : [230.32, 60.28, 60.24, 59.86, 59.89, 60.81, 2.57, 2.54, 2.52, 2.54, 2.59, 21.09, 21.09, 21.03, 21.09, 21.09, 1.12, 1.01, 1.09, 1.09, 1.06, 11.17, 10.82, 10.82, 11.03, 10.61, 1.71, 1.07, 1.07, 1.09, 1.10]
  Objective : 57.932

[EVALUATION 342]
  Date/time : 2026-05-20 12:07:19
  x         : [230.32, 60.28, 60.24, 59.86, 59.89, 60.81, 2.57, 2.54, 2.52, 2.54, 2.59, 21.09, 21.09, 21.03, 21.09, 21.09, 1.09, 1.04, 1.09, 1.09, 1.06, 11.17, 10.82, 10.82, 11.03, 10.61, 1.71, 1.07, 1.07, 1.09, 1.10]
  Objective : 57.933

[EVALUATION 343]
  Date/time : 2026-05-20 12:07:25
  x         : [230.32, 60.28, 60.24, 59.86, 59.89, 60.81, 2.57, 2.54, 2.52, 2.54, 2.59, 21.09, 21.09, 21.03, 21.09, 21.09, 1.09, 1.01, 1.11, 1.09, 1.06, 11.17, 10.82, 10.82, 11.03, 10.61, 1.71, 1.07, 1.07, 1.09, 1.10]
  Objective : 57.932

[EVALUATION 344]
  Date/time : 2026-05-20 12:07:31
  x         : [230.32, 60.28, 60.24, 59.86, 59.89, 60.81, 2.57, 2.54, 2.52, 2.54, 2.59, 21.09, 21.09, 21.03, 21.09, 21.09, 1.09, 1.01, 1.09, 1.11, 1.06, 11.17, 10.82, 10.82, 11.03, 10.61, 1.71, 1.07, 1.07, 1.09, 1.10]
  Objective : 57.932

[EVALUATION 345]
  Date/time : 2026-05-20 12:07:37
  x         : [230.32, 60.28, 60.24, 59.86, 59.89, 60.81, 2.57, 2.54, 2.52, 2.54, 2.59, 21.09, 21.09, 21.03, 21.09, 21.09, 1.09, 1.01, 1.09, 1.09, 1.09, 11.17, 10.82, 10.82, 11.03, 10.61, 1.71, 1.07, 1.07, 1.09, 1.10]
  Objective : 57.932

[EVALUATION 346]
  Date/time : 2026-05-20 12:07:42
  x         : [230.32, 60.28, 60.24, 59.86, 59.89, 60.81, 2.57, 2.54, 2.52, 2.54, 2.59, 21.09, 21.09, 21.03, 21.09, 21.09, 1.09, 1.01, 1.09, 1.09, 1.06, 11.44, 10.82, 10.82, 11.03, 10.61, 1.71, 1.07, 1.07, 1.09, 1.10]
  Objective : 57.927

[EVALUATION 347]
  Date/time : 2026-05-20 12:07:48
  x         : [230.32, 60.28, 60.24, 59.86, 59.89, 60.81, 2.57, 2.54, 2.52, 2.54, 2.59, 21.09, 21.09, 21.03, 21.09, 21.09, 1.09, 1.01, 1.09, 1.09, 1.06, 11.17, 11.08, 10.82, 11.03, 10.61, 1.71, 1.07, 1.07, 1.09, 1.10]
  Objective : 57.915

[EVALUATION 348]
  Date/time : 2026-05-20 12:07:53
  x         : [230.32, 60.28, 60.24, 59.86, 59.89, 60.81, 2.57, 2.54, 2.52, 2.54, 2.59, 21.09, 21.09, 21.03, 21.09, 21.09, 1.09, 1.01, 1.09, 1.09, 1.06, 11.17, 10.82, 11.08, 11.03, 10.61, 1.71, 1.07, 1.07, 1.09, 1.10]
  Objective : 57.915

[EVALUATION 349]
  Date/time : 2026-05-20 12:07:59
  x         : [230.32, 60.28, 60.24, 59.86, 59.89, 60.81, 2.57, 2.54, 2.52, 2.54, 2.59, 21.09, 21.09, 21.03, 21.09, 21.09, 1.09, 1.01, 1.09, 1.09, 1.06, 11.17, 10.82, 10.82, 11.30, 10.61, 1.71, 1.07, 1.07, 1.09, 1.10]
  Objective : 57.915

[EVALUATION 350]
  Date/time : 2026-05-20 12:08:05
  x         : [230.32, 60.28, 60.24, 59.86, 59.89, 60.81, 2.57, 2.54, 2.52, 2.54, 2.59, 21.09, 21.09, 21.03, 21.09, 21.09, 1.09, 1.01, 1.09, 1.09, 1.06, 11.17, 10.82, 10.82, 11.03, 10.88, 1.71, 1.07, 1.07, 1.09, 1.10]
  Objective : 57.916

[EVALUATION 351]
  Date/time : 2026-05-20 12:08:11
  x         : [230.32, 60.28, 60.24, 59.86, 59.89, 60.81, 2.57, 2.54, 2.52, 2.54, 2.59, 21.09, 21.09, 21.03, 21.09, 21.09, 1.09, 1.01, 1.09, 1.09, 1.06, 11.17, 10.82, 10.82, 11.03, 10.61, 1.73, 1.07, 1.07, 1.09, 1.10]
  Objective : 57.907

[EVALUATION 352]
  Date/time : 2026-05-20 12:08:17
  x         : [230.32, 60.28, 60.24, 59.86, 59.89, 60.81, 2.57, 2.54, 2.52, 2.54, 2.59, 21.09, 21.09, 21.03, 21.09, 21.09, 1.09, 1.01, 1.09, 1.09, 1.06, 11.17, 10.82, 10.82, 11.03, 10.61, 1.71, 1.09, 1.07, 1.09, 1.10]
  Objective : 57.908

[EVALUATION 353]
  Date/time : 2026-05-20 12:08:23
  x         : [230.32, 60.28, 60.24, 59.86, 59.89, 60.81, 2.57, 2.54, 2.52, 2.54, 2.59, 21.09, 21.09, 21.03, 21.09, 21.09, 1.09, 1.01, 1.09, 1.09, 1.06, 11.17, 10.82, 10.82, 11.03, 10.61, 1.71, 1.07, 1.09, 1.09, 1.10]
  Objective : 57.908

[EVALUATION 354]
  Date/time : 2026-05-20 12:08:30
  x         : [230.32, 60.28, 60.24, 59.86, 59.89, 60.81, 2.57, 2.54, 2.52, 2.54, 2.59, 21.09, 21.09, 21.03, 21.09, 21.09, 1.09, 1.01, 1.09, 1.09, 1.06, 11.17, 10.82, 10.82, 11.03, 10.61, 1.71, 1.07, 1.07, 1.11, 1.10]
  Objective : 57.909

[EVALUATION 355]
  Date/time : 2026-05-20 12:08:36
  x         : [230.32, 60.28, 60.24, 59.86, 59.89, 60.81, 2.57, 2.54, 2.52, 2.54, 2.59, 21.09, 21.09, 21.03, 21.09, 21.09, 1.09, 1.01, 1.09, 1.09, 1.06, 11.17, 10.82, 10.82, 11.03, 10.61, 1.71, 1.07, 1.07, 1.09, 1.12]
  Objective : 57.908

[EVALUATION 356]
  Date/time : 2026-05-20 12:08:42
  x         : [231.12, 60.33, 60.12, 59.74, 59.86, 60.82, 2.57, 2.55, 2.52, 2.54, 2.60, 21.25, 21.25, 21.18, 21.25, 21.25, 1.10, 1.02, 1.09, 1.09, 1.06, 11.15, 10.82, 10.82, 11.00, 10.65, 1.70, 1.07, 1.07, 1.09, 1.10]
  Objective : 58.022

[ITERATION 12]
  Date/time : 2026-05-20 12:08:43
  x         : [231.121788,  60.326442,  60.116218,  59.744345,  59.862459,  60.822354,
   2.567105,   2.546822,   2.52263 ,   2.543133,   2.596542,  21.247912,
  21.247912,  21.184255,  21.247912,  21.247912,   1.095787,   1.016949,
   1.086731,   1.086731,   1.061567,  11.154612,  10.823361,  10.823361,
  11.002153,  10.650107,   1.701007,   1.067167,   1.067167,   1.089842,
   1.102945]

Util_LB     Column:    0.045  Brace:    0.006
Util_NF     Column:    0.681  Brace:    0.668
Util_S      Column:    0.029  Brace:    0.017
Util_T      Column:    0.055  Brace:    0.065
Util_BR     Column:    0.922  Brace:    0.910
Util_IN     Column:    1.043  Brace:    1.044
Util_BS_sig  Column:    N/A    Brace:    1.019
Util_BS_defl  Column:    N/A    Brace:    0.371
[EVALUATION 357]
  Date/time : 2026-05-20 12:08:48
  x         : [233.14, 60.33, 60.12, 59.74, 59.86, 60.82, 2.57, 2.55, 2.52, 2.54, 2.60, 21.25, 21.25, 21.18, 21.25, 21.25, 1.10, 1.02, 1.09, 1.09, 1.06, 11.15, 10.82, 10.82, 11.00, 10.65, 1.70, 1.07, 1.07, 1.09, 1.10]
  Objective : 58.130

[EVALUATION 358]
  Date/time : 2026-05-20 12:08:54
  x         : [231.12, 61.09, 60.12, 59.74, 59.86, 60.82, 2.57, 2.55, 2.52, 2.54, 2.60, 21.25, 21.25, 21.18, 21.25, 21.25, 1.10, 1.02, 1.09, 1.09, 1.06, 11.15, 10.82, 10.82, 11.00, 10.65, 1.70, 1.07, 1.07, 1.09, 1.10]
  Objective : 58.139

[EVALUATION 359]
  Date/time : 2026-05-20 12:09:00
  x         : [231.12, 60.33, 60.88, 59.74, 59.86, 60.82, 2.57, 2.55, 2.52, 2.54, 2.60, 21.25, 21.25, 21.18, 21.25, 21.25, 1.10, 1.02, 1.09, 1.09, 1.06, 11.15, 10.82, 10.82, 11.00, 10.65, 1.70, 1.07, 1.07, 1.09, 1.10]
  Objective : 58.138

[EVALUATION 360]
  Date/time : 2026-05-20 12:09:05
  x         : [231.12, 60.33, 60.12, 60.51, 59.86, 60.82, 2.57, 2.55, 2.52, 2.54, 2.60, 21.25, 21.25, 21.18, 21.25, 21.25, 1.10, 1.02, 1.09, 1.09, 1.06, 11.15, 10.82, 10.82, 11.00, 10.65, 1.70, 1.07, 1.07, 1.09, 1.10]
  Objective : 58.137

[EVALUATION 361]
  Date/time : 2026-05-20 12:09:11
  x         : [231.12, 60.33, 60.12, 59.74, 60.62, 60.82, 2.57, 2.55, 2.52, 2.54, 2.60, 21.25, 21.25, 21.18, 21.25, 21.25, 1.10, 1.02, 1.09, 1.09, 1.06, 11.15, 10.82, 10.82, 11.00, 10.65, 1.70, 1.07, 1.07, 1.09, 1.10]
  Objective : 58.138

[EVALUATION 362]
  Date/time : 2026-05-20 12:09:18
  x         : [231.12, 60.33, 60.12, 59.74, 59.86, 61.58, 2.57, 2.55, 2.52, 2.54, 2.60, 21.25, 21.25, 21.18, 21.25, 21.25, 1.10, 1.02, 1.09, 1.09, 1.06, 11.15, 10.82, 10.82, 11.00, 10.65, 1.70, 1.07, 1.07, 1.09, 1.10]
  Objective : 58.142

[EVALUATION 363]
  Date/time : 2026-05-20 12:09:24
  x         : [231.12, 60.33, 60.12, 59.74, 59.86, 60.82, 2.60, 2.55, 2.52, 2.54, 2.60, 21.25, 21.25, 21.18, 21.25, 21.25, 1.10, 1.02, 1.09, 1.09, 1.06, 11.15, 10.82, 10.82, 11.00, 10.65, 1.70, 1.07, 1.07, 1.09, 1.10]
  Objective : 58.121

[EVALUATION 364]
  Date/time : 2026-05-20 12:09:30
  x         : [231.12, 60.33, 60.12, 59.74, 59.86, 60.82, 2.57, 2.58, 2.52, 2.54, 2.60, 21.25, 21.25, 21.18, 21.25, 21.25, 1.10, 1.02, 1.09, 1.09, 1.06, 11.15, 10.82, 10.82, 11.00, 10.65, 1.70, 1.07, 1.07, 1.09, 1.10]
  Objective : 58.121

[EVALUATION 365]
  Date/time : 2026-05-20 12:09:35
  x         : [231.12, 60.33, 60.12, 59.74, 59.86, 60.82, 2.57, 2.55, 2.55, 2.54, 2.60, 21.25, 21.25, 21.18, 21.25, 21.25, 1.10, 1.02, 1.09, 1.09, 1.06, 11.15, 10.82, 10.82, 11.00, 10.65, 1.70, 1.07, 1.07, 1.09, 1.10]
  Objective : 58.120

[EVALUATION 366]
  Date/time : 2026-05-20 12:09:41
  x         : [231.12, 60.33, 60.12, 59.74, 59.86, 60.82, 2.57, 2.55, 2.52, 2.57, 2.60, 21.25, 21.25, 21.18, 21.25, 21.25, 1.10, 1.02, 1.09, 1.09, 1.06, 11.15, 10.82, 10.82, 11.00, 10.65, 1.70, 1.07, 1.07, 1.09, 1.10]
  Objective : 58.120

[EVALUATION 367]
  Date/time : 2026-05-20 12:09:47
  x         : [231.12, 60.33, 60.12, 59.74, 59.86, 60.82, 2.57, 2.55, 2.52, 2.54, 2.63, 21.25, 21.25, 21.18, 21.25, 21.25, 1.10, 1.02, 1.09, 1.09, 1.06, 11.15, 10.82, 10.82, 11.00, 10.65, 1.70, 1.07, 1.07, 1.09, 1.10]
  Objective : 58.123

[EVALUATION 368]
  Date/time : 2026-05-20 12:09:53
  x         : [231.12, 60.33, 60.12, 59.74, 59.86, 60.82, 2.57, 2.55, 2.52, 2.54, 2.60, 21.52, 21.25, 21.18, 21.25, 21.25, 1.10, 1.02, 1.09, 1.09, 1.06, 11.15, 10.82, 10.82, 11.00, 10.65, 1.70, 1.07, 1.07, 1.09, 1.10]
  Objective : 58.048

[EVALUATION 369]
  Date/time : 2026-05-20 12:09:58
  x         : [231.12, 60.33, 60.12, 59.74, 59.86, 60.82, 2.57, 2.55, 2.52, 2.54, 2.60, 21.25, 21.52, 21.18, 21.25, 21.25, 1.10, 1.02, 1.09, 1.09, 1.06, 11.15, 10.82, 10.82, 11.00, 10.65, 1.70, 1.07, 1.07, 1.09, 1.10]
  Objective : 58.046

[EVALUATION 370]
  Date/time : 2026-05-20 12:10:04
  x         : [231.12, 60.33, 60.12, 59.74, 59.86, 60.82, 2.57, 2.55, 2.52, 2.54, 2.60, 21.25, 21.25, 21.45, 21.25, 21.25, 1.10, 1.02, 1.09, 1.09, 1.06, 11.15, 10.82, 10.82, 11.00, 10.65, 1.70, 1.07, 1.07, 1.09, 1.10]
  Objective : 58.048

[EVALUATION 371]
  Date/time : 2026-05-20 12:10:09
  x         : [231.12, 60.33, 60.12, 59.74, 59.86, 60.82, 2.57, 2.55, 2.52, 2.54, 2.60, 21.25, 21.25, 21.18, 21.52, 21.25, 1.10, 1.02, 1.09, 1.09, 1.06, 11.15, 10.82, 10.82, 11.00, 10.65, 1.70, 1.07, 1.07, 1.09, 1.10]
  Objective : 58.048

[EVALUATION 372]
  Date/time : 2026-05-20 12:10:15
  x         : [231.12, 60.33, 60.12, 59.74, 59.86, 60.82, 2.57, 2.55, 2.52, 2.54, 2.60, 21.25, 21.25, 21.18, 21.25, 21.52, 1.10, 1.02, 1.09, 1.09, 1.06, 11.15, 10.82, 10.82, 11.00, 10.65, 1.70, 1.07, 1.07, 1.09, 1.10]
  Objective : 58.047

[EVALUATION 373]
  Date/time : 2026-05-20 12:10:20
  x         : [231.12, 60.33, 60.12, 59.74, 59.86, 60.82, 2.57, 2.55, 2.52, 2.54, 2.60, 21.25, 21.25, 21.18, 21.25, 21.25, 1.12, 1.02, 1.09, 1.09, 1.06, 11.15, 10.82, 10.82, 11.00, 10.65, 1.70, 1.07, 1.07, 1.09, 1.10]
  Objective : 58.061

[EVALUATION 374]
  Date/time : 2026-05-20 12:10:26
  x         : [231.12, 60.33, 60.12, 59.74, 59.86, 60.82, 2.57, 2.55, 2.52, 2.54, 2.60, 21.25, 21.25, 21.18, 21.25, 21.25, 1.10, 1.04, 1.09, 1.09, 1.06, 11.15, 10.82, 10.82, 11.00, 10.65, 1.70, 1.07, 1.07, 1.09, 1.10]
  Objective : 58.061

[EVALUATION 375]
  Date/time : 2026-05-20 12:10:32
  x         : [231.12, 60.33, 60.12, 59.74, 59.86, 60.82, 2.57, 2.55, 2.52, 2.54, 2.60, 21.25, 21.25, 21.18, 21.25, 21.25, 1.10, 1.02, 1.11, 1.09, 1.06, 11.15, 10.82, 10.82, 11.00, 10.65, 1.70, 1.07, 1.07, 1.09, 1.10]
  Objective : 58.061

[EVALUATION 376]
  Date/time : 2026-05-20 12:10:37
  x         : [231.12, 60.33, 60.12, 59.74, 59.86, 60.82, 2.57, 2.55, 2.52, 2.54, 2.60, 21.25, 21.25, 21.18, 21.25, 21.25, 1.10, 1.02, 1.09, 1.11, 1.06, 11.15, 10.82, 10.82, 11.00, 10.65, 1.70, 1.07, 1.07, 1.09, 1.10]
  Objective : 58.061

[EVALUATION 377]
  Date/time : 2026-05-20 12:10:43
  x         : [231.12, 60.33, 60.12, 59.74, 59.86, 60.82, 2.57, 2.55, 2.52, 2.54, 2.60, 21.25, 21.25, 21.18, 21.25, 21.25, 1.10, 1.02, 1.09, 1.09, 1.08, 11.15, 10.82, 10.82, 11.00, 10.65, 1.70, 1.07, 1.07, 1.09, 1.10]
  Objective : 58.061

[EVALUATION 378]
  Date/time : 2026-05-20 12:10:48
  x         : [231.12, 60.33, 60.12, 59.74, 59.86, 60.82, 2.57, 2.55, 2.52, 2.54, 2.60, 21.25, 21.25, 21.18, 21.25, 21.25, 1.10, 1.02, 1.09, 1.09, 1.06, 11.42, 10.82, 10.82, 11.00, 10.65, 1.70, 1.07, 1.07, 1.09, 1.10]
  Objective : 58.056

[EVALUATION 379]
  Date/time : 2026-05-20 12:10:54
  x         : [231.12, 60.33, 60.12, 59.74, 59.86, 60.82, 2.57, 2.55, 2.52, 2.54, 2.60, 21.25, 21.25, 21.18, 21.25, 21.25, 1.10, 1.02, 1.09, 1.09, 1.06, 11.15, 11.09, 10.82, 11.00, 10.65, 1.70, 1.07, 1.07, 1.09, 1.10]
  Objective : 58.043

[EVALUATION 380]
  Date/time : 2026-05-20 12:11:00
  x         : [231.12, 60.33, 60.12, 59.74, 59.86, 60.82, 2.57, 2.55, 2.52, 2.54, 2.60, 21.25, 21.25, 21.18, 21.25, 21.25, 1.10, 1.02, 1.09, 1.09, 1.06, 11.15, 10.82, 11.09, 11.00, 10.65, 1.70, 1.07, 1.07, 1.09, 1.10]
  Objective : 58.043

[EVALUATION 381]
  Date/time : 2026-05-20 12:11:06
  x         : [231.12, 60.33, 60.12, 59.74, 59.86, 60.82, 2.57, 2.55, 2.52, 2.54, 2.60, 21.25, 21.25, 21.18, 21.25, 21.25, 1.10, 1.02, 1.09, 1.09, 1.06, 11.15, 10.82, 10.82, 11.27, 10.65, 1.70, 1.07, 1.07, 1.09, 1.10]
  Objective : 58.044

[EVALUATION 382]
  Date/time : 2026-05-20 12:11:12
  x         : [231.12, 60.33, 60.12, 59.74, 59.86, 60.82, 2.57, 2.55, 2.52, 2.54, 2.60, 21.25, 21.25, 21.18, 21.25, 21.25, 1.10, 1.02, 1.09, 1.09, 1.06, 11.15, 10.82, 10.82, 11.00, 10.92, 1.70, 1.07, 1.07, 1.09, 1.10]
  Objective : 58.044

[EVALUATION 383]
  Date/time : 2026-05-20 12:11:18
  x         : [231.12, 60.33, 60.12, 59.74, 59.86, 60.82, 2.57, 2.55, 2.52, 2.54, 2.60, 21.25, 21.25, 21.18, 21.25, 21.25, 1.10, 1.02, 1.09, 1.09, 1.06, 11.15, 10.82, 10.82, 11.00, 10.65, 1.72, 1.07, 1.07, 1.09, 1.10]
  Objective : 58.035

[EVALUATION 384]
  Date/time : 2026-05-20 12:11:23
  x         : [231.12, 60.33, 60.12, 59.74, 59.86, 60.82, 2.57, 2.55, 2.52, 2.54, 2.60, 21.25, 21.25, 21.18, 21.25, 21.25, 1.10, 1.02, 1.09, 1.09, 1.06, 11.15, 10.82, 10.82, 11.00, 10.65, 1.70, 1.09, 1.07, 1.09, 1.10]
  Objective : 58.037

[EVALUATION 385]
  Date/time : 2026-05-20 12:11:29
  x         : [231.12, 60.33, 60.12, 59.74, 59.86, 60.82, 2.57, 2.55, 2.52, 2.54, 2.60, 21.25, 21.25, 21.18, 21.25, 21.25, 1.10, 1.02, 1.09, 1.09, 1.06, 11.15, 10.82, 10.82, 11.00, 10.65, 1.70, 1.07, 1.09, 1.09, 1.10]
  Objective : 58.037

[EVALUATION 386]
  Date/time : 2026-05-20 12:11:34
  x         : [231.12, 60.33, 60.12, 59.74, 59.86, 60.82, 2.57, 2.55, 2.52, 2.54, 2.60, 21.25, 21.25, 21.18, 21.25, 21.25, 1.10, 1.02, 1.09, 1.09, 1.06, 11.15, 10.82, 10.82, 11.00, 10.65, 1.70, 1.07, 1.07, 1.11, 1.10]
  Objective : 58.037

[EVALUATION 387]
  Date/time : 2026-05-20 12:11:40
  x         : [231.12, 60.33, 60.12, 59.74, 59.86, 60.82, 2.57, 2.55, 2.52, 2.54, 2.60, 21.25, 21.25, 21.18, 21.25, 21.25, 1.10, 1.02, 1.09, 1.09, 1.06, 11.15, 10.82, 10.82, 11.00, 10.65, 1.70, 1.07, 1.07, 1.09, 1.13]
  Objective : 58.036

[EVALUATION 388]
  Date/time : 2026-05-20 12:11:47
  x         : [232.00, 60.38, 59.98, 59.62, 59.83, 60.84, 2.57, 2.55, 2.52, 2.55, 2.60, 21.42, 21.42, 21.36, 21.42, 21.42, 1.10, 1.02, 1.09, 1.09, 1.06, 11.14, 10.83, 10.83, 10.97, 10.69, 1.70, 1.07, 1.07, 1.09, 1.11]
  Objective : 58.162

[ITERATION 13]
  Date/time : 2026-05-20 12:11:47
  x         : [231.998291,  60.376233,  59.978481,  59.61573 ,  59.834771,  60.836511,
   2.569226,   2.549588,   2.524979,   2.545782,   2.600712,  21.419357,
  21.419357,  21.355701,  21.419357,  21.419357,   1.097669,   1.019486,
   1.085252,   1.085252,   1.059611,  11.135605,  10.832001,  10.832001,
  10.972689,  10.691924,   1.695091,   1.069049,   1.069049,   1.088363,
   1.106199]

Util_LB     Column:    0.044  Brace:    0.006
Util_NF     Column:    0.679  Brace:    0.668
Util_S      Column:    0.029  Brace:    0.017
Util_T      Column:    0.055  Brace:    0.066
Util_BR     Column:    0.921  Brace:    0.910
Util_IN     Column:    1.040  Brace:    1.033
Util_BS_sig  Column:    N/A    Brace:    1.003
Util_BS_defl  Column:    N/A    Brace:    0.364
[EVALUATION 389]
  Date/time : 2026-05-20 12:11:52
  x         : [234.02, 60.38, 59.98, 59.62, 59.83, 60.84, 2.57, 2.55, 2.52, 2.55, 2.60, 21.42, 21.42, 21.36, 21.42, 21.42, 1.10, 1.02, 1.09, 1.09, 1.06, 11.14, 10.83, 10.83, 10.97, 10.69, 1.70, 1.07, 1.07, 1.09, 1.11]
  Objective : 58.271

[EVALUATION 390]
  Date/time : 2026-05-20 12:11:58
  x         : [232.00, 61.14, 59.98, 59.62, 59.83, 60.84, 2.57, 2.55, 2.52, 2.55, 2.60, 21.42, 21.42, 21.36, 21.42, 21.42, 1.10, 1.02, 1.09, 1.09, 1.06, 11.14, 10.83, 10.83, 10.97, 10.69, 1.70, 1.07, 1.07, 1.09, 1.11]
  Objective : 58.279

[EVALUATION 391]
  Date/time : 2026-05-20 12:12:03
  x         : [232.00, 60.38, 60.74, 59.62, 59.83, 60.84, 2.57, 2.55, 2.52, 2.55, 2.60, 21.42, 21.42, 21.36, 21.42, 21.42, 1.10, 1.02, 1.09, 1.09, 1.06, 11.14, 10.83, 10.83, 10.97, 10.69, 1.70, 1.07, 1.07, 1.09, 1.11]
  Objective : 58.278

[EVALUATION 392]
  Date/time : 2026-05-20 12:12:09
  x         : [232.00, 60.38, 59.98, 60.38, 59.83, 60.84, 2.57, 2.55, 2.52, 2.55, 2.60, 21.42, 21.42, 21.36, 21.42, 21.42, 1.10, 1.02, 1.09, 1.09, 1.06, 11.14, 10.83, 10.83, 10.97, 10.69, 1.70, 1.07, 1.07, 1.09, 1.11]
  Objective : 58.277

[EVALUATION 393]
  Date/time : 2026-05-20 12:12:14
  x         : [232.00, 60.38, 59.98, 59.62, 60.60, 60.84, 2.57, 2.55, 2.52, 2.55, 2.60, 21.42, 21.42, 21.36, 21.42, 21.42, 1.10, 1.02, 1.09, 1.09, 1.06, 11.14, 10.83, 10.83, 10.97, 10.69, 1.70, 1.07, 1.07, 1.09, 1.11]
  Objective : 58.278

[EVALUATION 394]
  Date/time : 2026-05-20 12:12:20
  x         : [232.00, 60.38, 59.98, 59.62, 59.83, 61.60, 2.57, 2.55, 2.52, 2.55, 2.60, 21.42, 21.42, 21.36, 21.42, 21.42, 1.10, 1.02, 1.09, 1.09, 1.06, 11.14, 10.83, 10.83, 10.97, 10.69, 1.70, 1.07, 1.07, 1.09, 1.11]
  Objective : 58.281

[EVALUATION 395]
  Date/time : 2026-05-20 12:12:26
  x         : [232.00, 60.38, 59.98, 59.62, 59.83, 60.84, 2.60, 2.55, 2.52, 2.55, 2.60, 21.42, 21.42, 21.36, 21.42, 21.42, 1.10, 1.02, 1.09, 1.09, 1.06, 11.14, 10.83, 10.83, 10.97, 10.69, 1.70, 1.07, 1.07, 1.09, 1.11]
  Objective : 58.261

[EVALUATION 396]
  Date/time : 2026-05-20 12:12:32
  x         : [232.00, 60.38, 59.98, 59.62, 59.83, 60.84, 2.57, 2.58, 2.52, 2.55, 2.60, 21.42, 21.42, 21.36, 21.42, 21.42, 1.10, 1.02, 1.09, 1.09, 1.06, 11.14, 10.83, 10.83, 10.97, 10.69, 1.70, 1.07, 1.07, 1.09, 1.11]
  Objective : 58.260

[EVALUATION 397]
  Date/time : 2026-05-20 12:12:38
  x         : [232.00, 60.38, 59.98, 59.62, 59.83, 60.84, 2.57, 2.55, 2.55, 2.55, 2.60, 21.42, 21.42, 21.36, 21.42, 21.42, 1.10, 1.02, 1.09, 1.09, 1.06, 11.14, 10.83, 10.83, 10.97, 10.69, 1.70, 1.07, 1.07, 1.09, 1.11]
  Objective : 58.260

[EVALUATION 398]
  Date/time : 2026-05-20 12:12:43
  x         : [232.00, 60.38, 59.98, 59.62, 59.83, 60.84, 2.57, 2.55, 2.52, 2.58, 2.60, 21.42, 21.42, 21.36, 21.42, 21.42, 1.10, 1.02, 1.09, 1.09, 1.06, 11.14, 10.83, 10.83, 10.97, 10.69, 1.70, 1.07, 1.07, 1.09, 1.11]
  Objective : 58.260

[EVALUATION 399]
  Date/time : 2026-05-20 12:12:49
  x         : [232.00, 60.38, 59.98, 59.62, 59.83, 60.84, 2.57, 2.55, 2.52, 2.55, 2.63, 21.42, 21.42, 21.36, 21.42, 21.42, 1.10, 1.02, 1.09, 1.09, 1.06, 11.14, 10.83, 10.83, 10.97, 10.69, 1.70, 1.07, 1.07, 1.09, 1.11]
  Objective : 58.263

[EVALUATION 400]
  Date/time : 2026-05-20 12:12:54
  x         : [232.00, 60.38, 59.98, 59.62, 59.83, 60.84, 2.57, 2.55, 2.52, 2.55, 2.60, 21.69, 21.42, 21.36, 21.42, 21.42, 1.10, 1.02, 1.09, 1.09, 1.06, 11.14, 10.83, 10.83, 10.97, 10.69, 1.70, 1.07, 1.07, 1.09, 1.11]
  Objective : 58.188

[EVALUATION 401]
  Date/time : 2026-05-20 12:13:00
  x         : [232.00, 60.38, 59.98, 59.62, 59.83, 60.84, 2.57, 2.55, 2.52, 2.55, 2.60, 21.42, 21.69, 21.36, 21.42, 21.42, 1.10, 1.02, 1.09, 1.09, 1.06, 11.14, 10.83, 10.83, 10.97, 10.69, 1.70, 1.07, 1.07, 1.09, 1.11]
  Objective : 58.186

[EVALUATION 402]
  Date/time : 2026-05-20 12:13:05
  x         : [232.00, 60.38, 59.98, 59.62, 59.83, 60.84, 2.57, 2.55, 2.52, 2.55, 2.60, 21.42, 21.42, 21.62, 21.42, 21.42, 1.10, 1.02, 1.09, 1.09, 1.06, 11.14, 10.83, 10.83, 10.97, 10.69, 1.70, 1.07, 1.07, 1.09, 1.11]
  Objective : 58.188

[EVALUATION 403]
  Date/time : 2026-05-20 12:13:11
  x         : [232.00, 60.38, 59.98, 59.62, 59.83, 60.84, 2.57, 2.55, 2.52, 2.55, 2.60, 21.42, 21.42, 21.36, 21.69, 21.42, 1.10, 1.02, 1.09, 1.09, 1.06, 11.14, 10.83, 10.83, 10.97, 10.69, 1.70, 1.07, 1.07, 1.09, 1.11]
  Objective : 58.188

[EVALUATION 404]
  Date/time : 2026-05-20 12:13:17
  x         : [232.00, 60.38, 59.98, 59.62, 59.83, 60.84, 2.57, 2.55, 2.52, 2.55, 2.60, 21.42, 21.42, 21.36, 21.42, 21.69, 1.10, 1.02, 1.09, 1.09, 1.06, 11.14, 10.83, 10.83, 10.97, 10.69, 1.70, 1.07, 1.07, 1.09, 1.11]
  Objective : 58.187

[EVALUATION 405]
  Date/time : 2026-05-20 12:13:23
  x         : [232.00, 60.38, 59.98, 59.62, 59.83, 60.84, 2.57, 2.55, 2.52, 2.55, 2.60, 21.42, 21.42, 21.36, 21.42, 21.42, 1.12, 1.02, 1.09, 1.09, 1.06, 11.14, 10.83, 10.83, 10.97, 10.69, 1.70, 1.07, 1.07, 1.09, 1.11]
  Objective : 58.201

[EVALUATION 406]
  Date/time : 2026-05-20 12:13:29
  x         : [232.00, 60.38, 59.98, 59.62, 59.83, 60.84, 2.57, 2.55, 2.52, 2.55, 2.60, 21.42, 21.42, 21.36, 21.42, 21.42, 1.10, 1.04, 1.09, 1.09, 1.06, 11.14, 10.83, 10.83, 10.97, 10.69, 1.70, 1.07, 1.07, 1.09, 1.11]
  Objective : 58.201

[EVALUATION 407]
  Date/time : 2026-05-20 12:13:35
  x         : [232.00, 60.38, 59.98, 59.62, 59.83, 60.84, 2.57, 2.55, 2.52, 2.55, 2.60, 21.42, 21.42, 21.36, 21.42, 21.42, 1.10, 1.02, 1.11, 1.09, 1.06, 11.14, 10.83, 10.83, 10.97, 10.69, 1.70, 1.07, 1.07, 1.09, 1.11]
  Objective : 58.201

[EVALUATION 408]
  Date/time : 2026-05-20 12:13:41
  x         : [232.00, 60.38, 59.98, 59.62, 59.83, 60.84, 2.57, 2.55, 2.52, 2.55, 2.60, 21.42, 21.42, 21.36, 21.42, 21.42, 1.10, 1.02, 1.09, 1.11, 1.06, 11.14, 10.83, 10.83, 10.97, 10.69, 1.70, 1.07, 1.07, 1.09, 1.11]
  Objective : 58.201

[EVALUATION 409]
  Date/time : 2026-05-20 12:13:47
  x         : [232.00, 60.38, 59.98, 59.62, 59.83, 60.84, 2.57, 2.55, 2.52, 2.55, 2.60, 21.42, 21.42, 21.36, 21.42, 21.42, 1.10, 1.02, 1.09, 1.09, 1.08, 11.14, 10.83, 10.83, 10.97, 10.69, 1.70, 1.07, 1.07, 1.09, 1.11]
  Objective : 58.201

[EVALUATION 410]
  Date/time : 2026-05-20 12:13:52
  x         : [232.00, 60.38, 59.98, 59.62, 59.83, 60.84, 2.57, 2.55, 2.52, 2.55, 2.60, 21.42, 21.42, 21.36, 21.42, 21.42, 1.10, 1.02, 1.09, 1.09, 1.06, 11.40, 10.83, 10.83, 10.97, 10.69, 1.70, 1.07, 1.07, 1.09, 1.11]
  Objective : 58.195

[EVALUATION 411]
  Date/time : 2026-05-20 12:13:58
  x         : [232.00, 60.38, 59.98, 59.62, 59.83, 60.84, 2.57, 2.55, 2.52, 2.55, 2.60, 21.42, 21.42, 21.36, 21.42, 21.42, 1.10, 1.02, 1.09, 1.09, 1.06, 11.14, 11.10, 10.83, 10.97, 10.69, 1.70, 1.07, 1.07, 1.09, 1.11]
  Objective : 58.183

[EVALUATION 412]
  Date/time : 2026-05-20 12:14:03
  x         : [232.00, 60.38, 59.98, 59.62, 59.83, 60.84, 2.57, 2.55, 2.52, 2.55, 2.60, 21.42, 21.42, 21.36, 21.42, 21.42, 1.10, 1.02, 1.09, 1.09, 1.06, 11.14, 10.83, 11.10, 10.97, 10.69, 1.70, 1.07, 1.07, 1.09, 1.11]
  Objective : 58.183

[EVALUATION 413]
  Date/time : 2026-05-20 12:14:09
  x         : [232.00, 60.38, 59.98, 59.62, 59.83, 60.84, 2.57, 2.55, 2.52, 2.55, 2.60, 21.42, 21.42, 21.36, 21.42, 21.42, 1.10, 1.02, 1.09, 1.09, 1.06, 11.14, 10.83, 10.83, 11.24, 10.69, 1.70, 1.07, 1.07, 1.09, 1.11]
  Objective : 58.183

[EVALUATION 414]
  Date/time : 2026-05-20 12:14:14
  x         : [232.00, 60.38, 59.98, 59.62, 59.83, 60.84, 2.57, 2.55, 2.52, 2.55, 2.60, 21.42, 21.42, 21.36, 21.42, 21.42, 1.10, 1.02, 1.09, 1.09, 1.06, 11.14, 10.83, 10.83, 10.97, 10.96, 1.70, 1.07, 1.07, 1.09, 1.11]
  Objective : 58.184

[EVALUATION 415]
  Date/time : 2026-05-20 12:14:20
  x         : [232.00, 60.38, 59.98, 59.62, 59.83, 60.84, 2.57, 2.55, 2.52, 2.55, 2.60, 21.42, 21.42, 21.36, 21.42, 21.42, 1.10, 1.02, 1.09, 1.09, 1.06, 11.14, 10.83, 10.83, 10.97, 10.69, 1.72, 1.07, 1.07, 1.09, 1.11]
  Objective : 58.175

[EVALUATION 416]
  Date/time : 2026-05-20 12:14:25
  x         : [232.00, 60.38, 59.98, 59.62, 59.83, 60.84, 2.57, 2.55, 2.52, 2.55, 2.60, 21.42, 21.42, 21.36, 21.42, 21.42, 1.10, 1.02, 1.09, 1.09, 1.06, 11.14, 10.83, 10.83, 10.97, 10.69, 1.70, 1.09, 1.07, 1.09, 1.11]
  Objective : 58.176

[EVALUATION 417]
  Date/time : 2026-05-20 12:14:31
  x         : [232.00, 60.38, 59.98, 59.62, 59.83, 60.84, 2.57, 2.55, 2.52, 2.55, 2.60, 21.42, 21.42, 21.36, 21.42, 21.42, 1.10, 1.02, 1.09, 1.09, 1.06, 11.14, 10.83, 10.83, 10.97, 10.69, 1.70, 1.07, 1.09, 1.09, 1.11]
  Objective : 58.176

[EVALUATION 418]
  Date/time : 2026-05-20 12:14:37
  x         : [232.00, 60.38, 59.98, 59.62, 59.83, 60.84, 2.57, 2.55, 2.52, 2.55, 2.60, 21.42, 21.42, 21.36, 21.42, 21.42, 1.10, 1.02, 1.09, 1.09, 1.06, 11.14, 10.83, 10.83, 10.97, 10.69, 1.70, 1.07, 1.07, 1.11, 1.11]
  Objective : 58.177

[EVALUATION 419]
  Date/time : 2026-05-20 12:14:44
  x         : [232.00, 60.38, 59.98, 59.62, 59.83, 60.84, 2.57, 2.55, 2.52, 2.55, 2.60, 21.42, 21.42, 21.36, 21.42, 21.42, 1.10, 1.02, 1.09, 1.09, 1.06, 11.14, 10.83, 10.83, 10.97, 10.69, 1.70, 1.07, 1.07, 1.09, 1.13]
  Objective : 58.176

[EVALUATION 420]
  Date/time : 2026-05-20 12:14:50
  x         : [232.96, 60.43, 59.99, 59.47, 59.87, 60.85, 2.57, 2.55, 2.53, 2.55, 2.61, 21.61, 21.61, 21.54, 21.23, 21.23, 1.10, 1.02, 1.08, 1.08, 1.06, 11.11, 10.84, 10.84, 10.94, 10.74, 1.69, 1.07, 1.07, 1.09, 1.11]
  Objective : 58.268

[ITERATION 14]
  Date/time : 2026-05-20 12:14:50
  x         : [232.962443,  60.431003,  59.98605 ,  59.474252,  59.865228,  60.852083,
   2.571559,   2.55263 ,   2.527562,   2.548696,   2.605299,  21.607947,
  21.607947,  21.54429 ,  21.230768,  21.230768,   1.099739,   1.016696,
   1.083625,   1.083625,   1.05746 ,  11.114697,  10.841505,  10.841505,
  10.940279,  10.737921,   1.688584,   1.07112 ,   1.07112 ,   1.086736,
   1.109778]

Util_LB     Column:    0.044  Brace:    0.006
Util_NF     Column:    0.678  Brace:    0.669
Util_S      Column:    0.029  Brace:    0.016
Util_T      Column:    0.055  Brace:    0.066
Util_BR     Column:    0.919  Brace:    0.911
Util_IN     Column:    1.035  Brace:    1.019
Util_BS_sig  Column:    N/A    Brace:    0.995
Util_BS_defl  Column:    N/A    Brace:    0.365
[EVALUATION 421]
  Date/time : 2026-05-20 12:14:55
  x         : [234.98, 60.43, 59.99, 59.47, 59.87, 60.85, 2.57, 2.55, 2.53, 2.55, 2.61, 21.61, 21.61, 21.54, 21.23, 21.23, 1.10, 1.02, 1.08, 1.08, 1.06, 11.11, 10.84, 10.84, 10.94, 10.74, 1.69, 1.07, 1.07, 1.09, 1.11]
  Objective : 58.377

[EVALUATION 422]
  Date/time : 2026-05-20 12:15:01
  x         : [232.96, 61.19, 59.99, 59.47, 59.87, 60.85, 2.57, 2.55, 2.53, 2.55, 2.61, 21.61, 21.61, 21.54, 21.23, 21.23, 1.10, 1.02, 1.08, 1.08, 1.06, 11.11, 10.84, 10.84, 10.94, 10.74, 1.69, 1.07, 1.07, 1.09, 1.11]
  Objective : 58.385

[EVALUATION 423]
  Date/time : 2026-05-20 12:15:07
  x         : [232.96, 60.43, 60.75, 59.47, 59.87, 60.85, 2.57, 2.55, 2.53, 2.55, 2.61, 21.61, 21.61, 21.54, 21.23, 21.23, 1.10, 1.02, 1.08, 1.08, 1.06, 11.11, 10.84, 10.84, 10.94, 10.74, 1.69, 1.07, 1.07, 1.09, 1.11]
  Objective : 58.384

[EVALUATION 424]
  Date/time : 2026-05-20 12:15:13
  x         : [232.96, 60.43, 59.99, 60.24, 59.87, 60.85, 2.57, 2.55, 2.53, 2.55, 2.61, 21.61, 21.61, 21.54, 21.23, 21.23, 1.10, 1.02, 1.08, 1.08, 1.06, 11.11, 10.84, 10.84, 10.94, 10.74, 1.69, 1.07, 1.07, 1.09, 1.11]
  Objective : 58.383

[EVALUATION 425]
  Date/time : 2026-05-20 12:15:19
  x         : [232.96, 60.43, 59.99, 59.47, 60.63, 60.85, 2.57, 2.55, 2.53, 2.55, 2.61, 21.61, 21.61, 21.54, 21.23, 21.23, 1.10, 1.02, 1.08, 1.08, 1.06, 11.11, 10.84, 10.84, 10.94, 10.74, 1.69, 1.07, 1.07, 1.09, 1.11]
  Objective : 58.384

[EVALUATION 426]
  Date/time : 2026-05-20 12:15:25
  x         : [232.96, 60.43, 59.99, 59.47, 59.87, 61.61, 2.57, 2.55, 2.53, 2.55, 2.61, 21.61, 21.61, 21.54, 21.23, 21.23, 1.10, 1.02, 1.08, 1.08, 1.06, 11.11, 10.84, 10.84, 10.94, 10.74, 1.69, 1.07, 1.07, 1.09, 1.11]
  Objective : 58.387

[EVALUATION 427]
  Date/time : 2026-05-20 12:15:30
  x         : [232.96, 60.43, 59.99, 59.47, 59.87, 60.85, 2.60, 2.55, 2.53, 2.55, 2.61, 21.61, 21.61, 21.54, 21.23, 21.23, 1.10, 1.02, 1.08, 1.08, 1.06, 11.11, 10.84, 10.84, 10.94, 10.74, 1.69, 1.07, 1.07, 1.09, 1.11]
  Objective : 58.367

[EVALUATION 428]
  Date/time : 2026-05-20 12:15:37
  x         : [232.96, 60.43, 59.99, 59.47, 59.87, 60.85, 2.57, 2.58, 2.53, 2.55, 2.61, 21.61, 21.61, 21.54, 21.23, 21.23, 1.10, 1.02, 1.08, 1.08, 1.06, 11.11, 10.84, 10.84, 10.94, 10.74, 1.69, 1.07, 1.07, 1.09, 1.11]
  Objective : 58.366

[EVALUATION 429]
  Date/time : 2026-05-20 12:15:42
  x         : [232.96, 60.43, 59.99, 59.47, 59.87, 60.85, 2.57, 2.55, 2.56, 2.55, 2.61, 21.61, 21.61, 21.54, 21.23, 21.23, 1.10, 1.02, 1.08, 1.08, 1.06, 11.11, 10.84, 10.84, 10.94, 10.74, 1.69, 1.07, 1.07, 1.09, 1.11]
  Objective : 58.365

[EVALUATION 430]
  Date/time : 2026-05-20 12:15:48
  x         : [232.96, 60.43, 59.99, 59.47, 59.87, 60.85, 2.57, 2.55, 2.53, 2.58, 2.61, 21.61, 21.61, 21.54, 21.23, 21.23, 1.10, 1.02, 1.08, 1.08, 1.06, 11.11, 10.84, 10.84, 10.94, 10.74, 1.69, 1.07, 1.07, 1.09, 1.11]
  Objective : 58.366

[EVALUATION 431]
  Date/time : 2026-05-20 12:15:53
  x         : [232.96, 60.43, 59.99, 59.47, 59.87, 60.85, 2.57, 2.55, 2.53, 2.55, 2.64, 21.61, 21.61, 21.54, 21.23, 21.23, 1.10, 1.02, 1.08, 1.08, 1.06, 11.11, 10.84, 10.84, 10.94, 10.74, 1.69, 1.07, 1.07, 1.09, 1.11]
  Objective : 58.368

[EVALUATION 432]
  Date/time : 2026-05-20 12:15:59
  x         : [232.96, 60.43, 59.99, 59.47, 59.87, 60.85, 2.57, 2.55, 2.53, 2.55, 2.61, 21.88, 21.61, 21.54, 21.23, 21.23, 1.10, 1.02, 1.08, 1.08, 1.06, 11.11, 10.84, 10.84, 10.94, 10.74, 1.69, 1.07, 1.07, 1.09, 1.11]
  Objective : 58.294

[EVALUATION 433]
  Date/time : 2026-05-20 12:16:05
  x         : [232.96, 60.43, 59.99, 59.47, 59.87, 60.85, 2.57, 2.55, 2.53, 2.55, 2.61, 21.61, 21.88, 21.54, 21.23, 21.23, 1.10, 1.02, 1.08, 1.08, 1.06, 11.11, 10.84, 10.84, 10.94, 10.74, 1.69, 1.07, 1.07, 1.09, 1.11]
  Objective : 58.292

[EVALUATION 434]
  Date/time : 2026-05-20 12:16:10
  x         : [232.96, 60.43, 59.99, 59.47, 59.87, 60.85, 2.57, 2.55, 2.53, 2.55, 2.61, 21.61, 21.61, 21.81, 21.23, 21.23, 1.10, 1.02, 1.08, 1.08, 1.06, 11.11, 10.84, 10.84, 10.94, 10.74, 1.69, 1.07, 1.07, 1.09, 1.11]
  Objective : 58.294

[EVALUATION 435]
  Date/time : 2026-05-20 12:16:16
  x         : [232.96, 60.43, 59.99, 59.47, 59.87, 60.85, 2.57, 2.55, 2.53, 2.55, 2.61, 21.61, 21.61, 21.54, 21.50, 21.23, 1.10, 1.02, 1.08, 1.08, 1.06, 11.11, 10.84, 10.84, 10.94, 10.74, 1.69, 1.07, 1.07, 1.09, 1.11]
  Objective : 58.294

[EVALUATION 436]
  Date/time : 2026-05-20 12:16:22
  x         : [232.96, 60.43, 59.99, 59.47, 59.87, 60.85, 2.57, 2.55, 2.53, 2.55, 2.61, 21.61, 21.61, 21.54, 21.23, 21.50, 1.10, 1.02, 1.08, 1.08, 1.06, 11.11, 10.84, 10.84, 10.94, 10.74, 1.69, 1.07, 1.07, 1.09, 1.11]
  Objective : 58.293

[EVALUATION 437]
  Date/time : 2026-05-20 12:16:27
  x         : [232.96, 60.43, 59.99, 59.47, 59.87, 60.85, 2.57, 2.55, 2.53, 2.55, 2.61, 21.61, 21.61, 21.54, 21.23, 21.23, 1.12, 1.02, 1.08, 1.08, 1.06, 11.11, 10.84, 10.84, 10.94, 10.74, 1.69, 1.07, 1.07, 1.09, 1.11]
  Objective : 58.307

[EVALUATION 438]
  Date/time : 2026-05-20 12:16:33
  x         : [232.96, 60.43, 59.99, 59.47, 59.87, 60.85, 2.57, 2.55, 2.53, 2.55, 2.61, 21.61, 21.61, 21.54, 21.23, 21.23, 1.10, 1.04, 1.08, 1.08, 1.06, 11.11, 10.84, 10.84, 10.94, 10.74, 1.69, 1.07, 1.07, 1.09, 1.11]
  Objective : 58.308

[EVALUATION 439]
  Date/time : 2026-05-20 12:16:39
  x         : [232.96, 60.43, 59.99, 59.47, 59.87, 60.85, 2.57, 2.55, 2.53, 2.55, 2.61, 21.61, 21.61, 21.54, 21.23, 21.23, 1.10, 1.02, 1.11, 1.08, 1.06, 11.11, 10.84, 10.84, 10.94, 10.74, 1.69, 1.07, 1.07, 1.09, 1.11]
  Objective : 58.307

[EVALUATION 440]
  Date/time : 2026-05-20 12:16:44
  x         : [232.96, 60.43, 59.99, 59.47, 59.87, 60.85, 2.57, 2.55, 2.53, 2.55, 2.61, 21.61, 21.61, 21.54, 21.23, 21.23, 1.10, 1.02, 1.08, 1.11, 1.06, 11.11, 10.84, 10.84, 10.94, 10.74, 1.69, 1.07, 1.07, 1.09, 1.11]
  Objective : 58.307

[EVALUATION 441]
  Date/time : 2026-05-20 12:16:50
  x         : [232.96, 60.43, 59.99, 59.47, 59.87, 60.85, 2.57, 2.55, 2.53, 2.55, 2.61, 21.61, 21.61, 21.54, 21.23, 21.23, 1.10, 1.02, 1.08, 1.08, 1.08, 11.11, 10.84, 10.84, 10.94, 10.74, 1.69, 1.07, 1.07, 1.09, 1.11]
  Objective : 58.307

[EVALUATION 442]
  Date/time : 2026-05-20 12:16:55
  x         : [232.96, 60.43, 59.99, 59.47, 59.87, 60.85, 2.57, 2.55, 2.53, 2.55, 2.61, 21.61, 21.61, 21.54, 21.23, 21.23, 1.10, 1.02, 1.08, 1.08, 1.06, 11.38, 10.84, 10.84, 10.94, 10.74, 1.69, 1.07, 1.07, 1.09, 1.11]
  Objective : 58.301

[EVALUATION 443]
  Date/time : 2026-05-20 12:17:01
  x         : [232.96, 60.43, 59.99, 59.47, 59.87, 60.85, 2.57, 2.55, 2.53, 2.55, 2.61, 21.61, 21.61, 21.54, 21.23, 21.23, 1.10, 1.02, 1.08, 1.08, 1.06, 11.11, 11.11, 10.84, 10.94, 10.74, 1.69, 1.07, 1.07, 1.09, 1.11]
  Objective : 58.289

[EVALUATION 444]
  Date/time : 2026-05-20 12:17:06
  x         : [232.96, 60.43, 59.99, 59.47, 59.87, 60.85, 2.57, 2.55, 2.53, 2.55, 2.61, 21.61, 21.61, 21.54, 21.23, 21.23, 1.10, 1.02, 1.08, 1.08, 1.06, 11.11, 10.84, 11.11, 10.94, 10.74, 1.69, 1.07, 1.07, 1.09, 1.11]
  Objective : 58.289

[EVALUATION 445]
  Date/time : 2026-05-20 12:17:12
  x         : [232.96, 60.43, 59.99, 59.47, 59.87, 60.85, 2.57, 2.55, 2.53, 2.55, 2.61, 21.61, 21.61, 21.54, 21.23, 21.23, 1.10, 1.02, 1.08, 1.08, 1.06, 11.11, 10.84, 10.84, 11.21, 10.74, 1.69, 1.07, 1.07, 1.09, 1.11]
  Objective : 58.289

[EVALUATION 446]
  Date/time : 2026-05-20 12:17:17
  x         : [232.96, 60.43, 59.99, 59.47, 59.87, 60.85, 2.57, 2.55, 2.53, 2.55, 2.61, 21.61, 21.61, 21.54, 21.23, 21.23, 1.10, 1.02, 1.08, 1.08, 1.06, 11.11, 10.84, 10.84, 10.94, 11.01, 1.69, 1.07, 1.07, 1.09, 1.11]
  Objective : 58.290

[EVALUATION 447]
  Date/time : 2026-05-20 12:17:23
  x         : [232.96, 60.43, 59.99, 59.47, 59.87, 60.85, 2.57, 2.55, 2.53, 2.55, 2.61, 21.61, 21.61, 21.54, 21.23, 21.23, 1.10, 1.02, 1.08, 1.08, 1.06, 11.11, 10.84, 10.84, 10.94, 10.74, 1.71, 1.07, 1.07, 1.09, 1.11]
  Objective : 58.281

[EVALUATION 448]
  Date/time : 2026-05-20 12:17:29
  x         : [232.96, 60.43, 59.99, 59.47, 59.87, 60.85, 2.57, 2.55, 2.53, 2.55, 2.61, 21.61, 21.61, 21.54, 21.23, 21.23, 1.10, 1.02, 1.08, 1.08, 1.06, 11.11, 10.84, 10.84, 10.94, 10.74, 1.69, 1.09, 1.07, 1.09, 1.11]
  Objective : 58.282

[EVALUATION 449]
  Date/time : 2026-05-20 12:17:34
  x         : [232.96, 60.43, 59.99, 59.47, 59.87, 60.85, 2.57, 2.55, 2.53, 2.55, 2.61, 21.61, 21.61, 21.54, 21.23, 21.23, 1.10, 1.02, 1.08, 1.08, 1.06, 11.11, 10.84, 10.84, 10.94, 10.74, 1.69, 1.07, 1.09, 1.09, 1.11]
  Objective : 58.282

[EVALUATION 450]
  Date/time : 2026-05-20 12:17:40
  x         : [232.96, 60.43, 59.99, 59.47, 59.87, 60.85, 2.57, 2.55, 2.53, 2.55, 2.61, 21.61, 21.61, 21.54, 21.23, 21.23, 1.10, 1.02, 1.08, 1.08, 1.06, 11.11, 10.84, 10.84, 10.94, 10.74, 1.69, 1.07, 1.07, 1.11, 1.11]
  Objective : 58.282

[EVALUATION 451]
  Date/time : 2026-05-20 12:17:46
  x         : [232.96, 60.43, 59.99, 59.47, 59.87, 60.85, 2.57, 2.55, 2.53, 2.55, 2.61, 21.61, 21.61, 21.54, 21.23, 21.23, 1.10, 1.02, 1.08, 1.08, 1.06, 11.11, 10.84, 10.84, 10.94, 10.74, 1.69, 1.07, 1.07, 1.09, 1.13]
  Objective : 58.282

[EVALUATION 452]
  Date/time : 2026-05-20 12:17:53
  x         : [234.02, 60.49, 60.06, 59.55, 59.88, 60.87, 2.57, 2.56, 2.53, 2.55, 2.61, 21.82, 21.82, 21.75, 21.14, 21.24, 1.10, 1.02, 1.08, 1.08, 1.06, 11.09, 10.85, 10.85, 10.90, 10.79, 1.68, 1.07, 1.07, 1.08, 1.11]
  Objective : 58.461

[ITERATION 15]
  Date/time : 2026-05-20 12:17:53
  x         : [234.023011,  60.49125 ,  60.061806,  59.548637,  59.880457,  60.869212,
   2.574125,   2.555977,   2.530405,   2.551902,   2.610345,  21.815396,
  21.815396,  21.751739,  21.136473,  21.243527,   1.102017,   1.015301,
   1.081835,   1.081835,   1.055094,  11.091698,  10.851959,  10.851959,
  10.904628,  10.788519,   1.681425,   1.073397,   1.073397,   1.084947,
   1.113715]

Util_LB     Column:    0.044  Brace:    0.006
Util_NF     Column:    0.673  Brace:    0.667
Util_S      Column:    0.028  Brace:    0.016
Util_T      Column:    0.055  Brace:    0.066
Util_BR     Column:    0.914  Brace:    0.908
Util_IN     Column:    1.029  Brace:    1.005
Util_BS_sig  Column:    N/A    Brace:    1.000
Util_BS_defl  Column:    N/A    Brace:    0.369
[EVALUATION 453]
  Date/time : 2026-05-20 12:17:58
  x         : [236.04, 60.49, 60.06, 59.55, 59.88, 60.87, 2.57, 2.56, 2.53, 2.55, 2.61, 21.82, 21.82, 21.75, 21.14, 21.24, 1.10, 1.02, 1.08, 1.08, 1.06, 11.09, 10.85, 10.85, 10.90, 10.79, 1.68, 1.07, 1.07, 1.08, 1.11]
  Objective : 58.571

[EVALUATION 454]
  Date/time : 2026-05-20 12:18:05
  x         : [234.02, 61.25, 60.06, 59.55, 59.88, 60.87, 2.57, 2.56, 2.53, 2.55, 2.61, 21.82, 21.82, 21.75, 21.14, 21.24, 1.10, 1.02, 1.08, 1.08, 1.06, 11.09, 10.85, 10.85, 10.90, 10.79, 1.68, 1.07, 1.07, 1.08, 1.11]
  Objective : 58.579

[EVALUATION 455]
  Date/time : 2026-05-20 12:18:10
  x         : [234.02, 60.49, 60.82, 59.55, 59.88, 60.87, 2.57, 2.56, 2.53, 2.55, 2.61, 21.82, 21.82, 21.75, 21.14, 21.24, 1.10, 1.02, 1.08, 1.08, 1.06, 11.09, 10.85, 10.85, 10.90, 10.79, 1.68, 1.07, 1.07, 1.08, 1.11]
  Objective : 58.578

[EVALUATION 456]
  Date/time : 2026-05-20 12:18:16
  x         : [234.02, 60.49, 60.06, 60.31, 59.88, 60.87, 2.57, 2.56, 2.53, 2.55, 2.61, 21.82, 21.82, 21.75, 21.14, 21.24, 1.10, 1.02, 1.08, 1.08, 1.06, 11.09, 10.85, 10.85, 10.90, 10.79, 1.68, 1.07, 1.07, 1.08, 1.11]
  Objective : 58.577

[EVALUATION 457]
  Date/time : 2026-05-20 12:18:22
  x         : [234.02, 60.49, 60.06, 59.55, 60.64, 60.87, 2.57, 2.56, 2.53, 2.55, 2.61, 21.82, 21.82, 21.75, 21.14, 21.24, 1.10, 1.02, 1.08, 1.08, 1.06, 11.09, 10.85, 10.85, 10.90, 10.79, 1.68, 1.07, 1.07, 1.08, 1.11]
  Objective : 58.578

[EVALUATION 458]
  Date/time : 2026-05-20 12:18:27
  x         : [234.02, 60.49, 60.06, 59.55, 59.88, 61.63, 2.57, 2.56, 2.53, 2.55, 2.61, 21.82, 21.82, 21.75, 21.14, 21.24, 1.10, 1.02, 1.08, 1.08, 1.06, 11.09, 10.85, 10.85, 10.90, 10.79, 1.68, 1.07, 1.07, 1.08, 1.11]
  Objective : 58.582

[EVALUATION 459]
  Date/time : 2026-05-20 12:18:33
  x         : [234.02, 60.49, 60.06, 59.55, 59.88, 60.87, 2.60, 2.56, 2.53, 2.55, 2.61, 21.82, 21.82, 21.75, 21.14, 21.24, 1.10, 1.02, 1.08, 1.08, 1.06, 11.09, 10.85, 10.85, 10.90, 10.79, 1.68, 1.07, 1.07, 1.08, 1.11]
  Objective : 58.561

[EVALUATION 460]
  Date/time : 2026-05-20 12:18:39
  x         : [234.02, 60.49, 60.06, 59.55, 59.88, 60.87, 2.57, 2.59, 2.53, 2.55, 2.61, 21.82, 21.82, 21.75, 21.14, 21.24, 1.10, 1.02, 1.08, 1.08, 1.06, 11.09, 10.85, 10.85, 10.90, 10.79, 1.68, 1.07, 1.07, 1.08, 1.11]
  Objective : 58.560

[EVALUATION 461]
  Date/time : 2026-05-20 12:18:45
  x         : [234.02, 60.49, 60.06, 59.55, 59.88, 60.87, 2.57, 2.56, 2.56, 2.55, 2.61, 21.82, 21.82, 21.75, 21.14, 21.24, 1.10, 1.02, 1.08, 1.08, 1.06, 11.09, 10.85, 10.85, 10.90, 10.79, 1.68, 1.07, 1.07, 1.08, 1.11]
  Objective : 58.559

[EVALUATION 462]
  Date/time : 2026-05-20 12:18:51
  x         : [234.02, 60.49, 60.06, 59.55, 59.88, 60.87, 2.57, 2.56, 2.53, 2.58, 2.61, 21.82, 21.82, 21.75, 21.14, 21.24, 1.10, 1.02, 1.08, 1.08, 1.06, 11.09, 10.85, 10.85, 10.90, 10.79, 1.68, 1.07, 1.07, 1.08, 1.11]
  Objective : 58.560

[EVALUATION 463]
  Date/time : 2026-05-20 12:18:57
  x         : [234.02, 60.49, 60.06, 59.55, 59.88, 60.87, 2.57, 2.56, 2.53, 2.55, 2.64, 21.82, 21.82, 21.75, 21.14, 21.24, 1.10, 1.02, 1.08, 1.08, 1.06, 11.09, 10.85, 10.85, 10.90, 10.79, 1.68, 1.07, 1.07, 1.08, 1.11]
  Objective : 58.562

[EVALUATION 464]
  Date/time : 2026-05-20 12:19:03
  x         : [234.02, 60.49, 60.06, 59.55, 59.88, 60.87, 2.57, 2.56, 2.53, 2.55, 2.61, 22.08, 21.82, 21.75, 21.14, 21.24, 1.10, 1.02, 1.08, 1.08, 1.06, 11.09, 10.85, 10.85, 10.90, 10.79, 1.68, 1.07, 1.07, 1.08, 1.11]
  Objective : 58.488

[EVALUATION 465]
  Date/time : 2026-05-20 12:19:09
  x         : [234.02, 60.49, 60.06, 59.55, 59.88, 60.87, 2.57, 2.56, 2.53, 2.55, 2.61, 21.82, 22.08, 21.75, 21.14, 21.24, 1.10, 1.02, 1.08, 1.08, 1.06, 11.09, 10.85, 10.85, 10.90, 10.79, 1.68, 1.07, 1.07, 1.08, 1.11]
  Objective : 58.486

[EVALUATION 466]
  Date/time : 2026-05-20 12:19:15
  x         : [234.02, 60.49, 60.06, 59.55, 59.88, 60.87, 2.57, 2.56, 2.53, 2.55, 2.61, 21.82, 21.82, 22.02, 21.14, 21.24, 1.10, 1.02, 1.08, 1.08, 1.06, 11.09, 10.85, 10.85, 10.90, 10.79, 1.68, 1.07, 1.07, 1.08, 1.11]
  Objective : 58.488

[EVALUATION 467]
  Date/time : 2026-05-20 12:19:21
  x         : [234.02, 60.49, 60.06, 59.55, 59.88, 60.87, 2.57, 2.56, 2.53, 2.55, 2.61, 21.82, 21.82, 21.75, 21.41, 21.24, 1.10, 1.02, 1.08, 1.08, 1.06, 11.09, 10.85, 10.85, 10.90, 10.79, 1.68, 1.07, 1.07, 1.08, 1.11]
  Objective : 58.488

[EVALUATION 468]
  Date/time : 2026-05-20 12:19:26
  x         : [234.02, 60.49, 60.06, 59.55, 59.88, 60.87, 2.57, 2.56, 2.53, 2.55, 2.61, 21.82, 21.82, 21.75, 21.14, 21.51, 1.10, 1.02, 1.08, 1.08, 1.06, 11.09, 10.85, 10.85, 10.90, 10.79, 1.68, 1.07, 1.07, 1.08, 1.11]
  Objective : 58.487

[EVALUATION 469]
  Date/time : 2026-05-20 12:19:32
  x         : [234.02, 60.49, 60.06, 59.55, 59.88, 60.87, 2.57, 2.56, 2.53, 2.55, 2.61, 21.82, 21.82, 21.75, 21.14, 21.24, 1.13, 1.02, 1.08, 1.08, 1.06, 11.09, 10.85, 10.85, 10.90, 10.79, 1.68, 1.07, 1.07, 1.08, 1.11]
  Objective : 58.502

[EVALUATION 470]
  Date/time : 2026-05-20 12:19:38
  x         : [234.02, 60.49, 60.06, 59.55, 59.88, 60.87, 2.57, 2.56, 2.53, 2.55, 2.61, 21.82, 21.82, 21.75, 21.14, 21.24, 1.10, 1.04, 1.08, 1.08, 1.06, 11.09, 10.85, 10.85, 10.90, 10.79, 1.68, 1.07, 1.07, 1.08, 1.11]
  Objective : 58.502

[EVALUATION 471]
  Date/time : 2026-05-20 12:19:44
  x         : [234.02, 60.49, 60.06, 59.55, 59.88, 60.87, 2.57, 2.56, 2.53, 2.55, 2.61, 21.82, 21.82, 21.75, 21.14, 21.24, 1.10, 1.02, 1.10, 1.08, 1.06, 11.09, 10.85, 10.85, 10.90, 10.79, 1.68, 1.07, 1.07, 1.08, 1.11]
  Objective : 58.502

[EVALUATION 472]
  Date/time : 2026-05-20 12:19:50
  x         : [234.02, 60.49, 60.06, 59.55, 59.88, 60.87, 2.57, 2.56, 2.53, 2.55, 2.61, 21.82, 21.82, 21.75, 21.14, 21.24, 1.10, 1.02, 1.08, 1.10, 1.06, 11.09, 10.85, 10.85, 10.90, 10.79, 1.68, 1.07, 1.07, 1.08, 1.11]
  Objective : 58.501

[EVALUATION 473]
  Date/time : 2026-05-20 12:19:56
  x         : [234.02, 60.49, 60.06, 59.55, 59.88, 60.87, 2.57, 2.56, 2.53, 2.55, 2.61, 21.82, 21.82, 21.75, 21.14, 21.24, 1.10, 1.02, 1.08, 1.08, 1.08, 11.09, 10.85, 10.85, 10.90, 10.79, 1.68, 1.07, 1.07, 1.08, 1.11]
  Objective : 58.501

[EVALUATION 474]
  Date/time : 2026-05-20 12:20:02
  x         : [234.02, 60.49, 60.06, 59.55, 59.88, 60.87, 2.57, 2.56, 2.53, 2.55, 2.61, 21.82, 21.82, 21.75, 21.14, 21.24, 1.10, 1.02, 1.08, 1.08, 1.06, 11.36, 10.85, 10.85, 10.90, 10.79, 1.68, 1.07, 1.07, 1.08, 1.11]
  Objective : 58.495

[EVALUATION 475]
  Date/time : 2026-05-20 12:20:08
  x         : [234.02, 60.49, 60.06, 59.55, 59.88, 60.87, 2.57, 2.56, 2.53, 2.55, 2.61, 21.82, 21.82, 21.75, 21.14, 21.24, 1.10, 1.02, 1.08, 1.08, 1.06, 11.09, 11.12, 10.85, 10.90, 10.79, 1.68, 1.07, 1.07, 1.08, 1.11]
  Objective : 58.483

[EVALUATION 476]
  Date/time : 2026-05-20 12:20:14
  x         : [234.02, 60.49, 60.06, 59.55, 59.88, 60.87, 2.57, 2.56, 2.53, 2.55, 2.61, 21.82, 21.82, 21.75, 21.14, 21.24, 1.10, 1.02, 1.08, 1.08, 1.06, 11.09, 10.85, 11.12, 10.90, 10.79, 1.68, 1.07, 1.07, 1.08, 1.11]
  Objective : 58.483

[EVALUATION 477]
  Date/time : 2026-05-20 12:20:20
  x         : [234.02, 60.49, 60.06, 59.55, 59.88, 60.87, 2.57, 2.56, 2.53, 2.55, 2.61, 21.82, 21.82, 21.75, 21.14, 21.24, 1.10, 1.02, 1.08, 1.08, 1.06, 11.09, 10.85, 10.85, 11.17, 10.79, 1.68, 1.07, 1.07, 1.08, 1.11]
  Objective : 58.483

[EVALUATION 478]
  Date/time : 2026-05-20 12:20:25
  x         : [234.02, 60.49, 60.06, 59.55, 59.88, 60.87, 2.57, 2.56, 2.53, 2.55, 2.61, 21.82, 21.82, 21.75, 21.14, 21.24, 1.10, 1.02, 1.08, 1.08, 1.06, 11.09, 10.85, 10.85, 10.90, 11.06, 1.68, 1.07, 1.07, 1.08, 1.11]
  Objective : 58.484

[EVALUATION 479]
  Date/time : 2026-05-20 12:20:31
  x         : [234.02, 60.49, 60.06, 59.55, 59.88, 60.87, 2.57, 2.56, 2.53, 2.55, 2.61, 21.82, 21.82, 21.75, 21.14, 21.24, 1.10, 1.02, 1.08, 1.08, 1.06, 11.09, 10.85, 10.85, 10.90, 10.79, 1.70, 1.07, 1.07, 1.08, 1.11]
  Objective : 58.475

[EVALUATION 480]
  Date/time : 2026-05-20 12:20:37
  x         : [234.02, 60.49, 60.06, 59.55, 59.88, 60.87, 2.57, 2.56, 2.53, 2.55, 2.61, 21.82, 21.82, 21.75, 21.14, 21.24, 1.10, 1.02, 1.08, 1.08, 1.06, 11.09, 10.85, 10.85, 10.90, 10.79, 1.68, 1.10, 1.07, 1.08, 1.11]
  Objective : 58.476

[EVALUATION 481]
  Date/time : 2026-05-20 12:20:43
  x         : [234.02, 60.49, 60.06, 59.55, 59.88, 60.87, 2.57, 2.56, 2.53, 2.55, 2.61, 21.82, 21.82, 21.75, 21.14, 21.24, 1.10, 1.02, 1.08, 1.08, 1.06, 11.09, 10.85, 10.85, 10.90, 10.79, 1.68, 1.07, 1.10, 1.08, 1.11]
  Objective : 58.476

[EVALUATION 482]
  Date/time : 2026-05-20 12:20:48
  x         : [234.02, 60.49, 60.06, 59.55, 59.88, 60.87, 2.57, 2.56, 2.53, 2.55, 2.61, 21.82, 21.82, 21.75, 21.14, 21.24, 1.10, 1.02, 1.08, 1.08, 1.06, 11.09, 10.85, 10.85, 10.90, 10.79, 1.68, 1.07, 1.07, 1.11, 1.11]
  Objective : 58.476

[EVALUATION 483]
  Date/time : 2026-05-20 12:20:54
  x         : [234.02, 60.49, 60.06, 59.55, 59.88, 60.87, 2.57, 2.56, 2.53, 2.55, 2.61, 21.82, 21.82, 21.75, 21.14, 21.24, 1.10, 1.02, 1.08, 1.08, 1.06, 11.09, 10.85, 10.85, 10.90, 10.79, 1.68, 1.07, 1.07, 1.08, 1.14]
  Objective : 58.476

[EVALUATION 484]
  Date/time : 2026-05-20 12:21:01
  x         : [232.86, 60.56, 60.15, 59.54, 59.90, 60.89, 2.58, 2.56, 2.53, 2.56, 2.62, 22.04, 22.04, 21.98, 21.24, 21.22, 1.10, 1.01, 1.08, 1.08, 1.05, 11.07, 10.86, 10.86, 10.94, 10.84, 1.67, 1.08, 1.08, 1.08, 1.12]
  Objective : 58.555

[ITERATION 16]
  Date/time : 2026-05-20 12:21:01
  x         : [232.856386,  60.557522,  60.145137,  59.537225,  59.897208,  60.888054,
   2.576948,   2.559658,   2.533531,   2.555428,   2.615895,  22.043589,
  22.043589,  21.979932,  21.240197,  21.215149,   1.104522,   1.013766,
   1.079867,   1.079867,   1.052491,  11.066399,  10.863458,  10.863458,
  10.943844,  10.844176,   1.673551,   1.075903,   1.075903,   1.082978,
   1.115525]

Util_LB     Column:    0.044  Brace:    0.006
Util_NF     Column:    0.676  Brace:    0.668
Util_S      Column:    0.028  Brace:    0.017
Util_T      Column:    0.055  Brace:    0.066
Util_BR     Column:    0.914  Brace:    0.907
Util_IN     Column:    1.027  Brace:    0.998
Util_BS_sig  Column:    N/A    Brace:    1.000
Util_BS_defl  Column:    N/A    Brace:    0.367
[EVALUATION 485]
  Date/time : 2026-05-20 12:21:07
  x         : [234.88, 60.56, 60.15, 59.54, 59.90, 60.89, 2.58, 2.56, 2.53, 2.56, 2.62, 22.04, 22.04, 21.98, 21.24, 21.22, 1.10, 1.01, 1.08, 1.08, 1.05, 11.07, 10.86, 10.86, 10.94, 10.84, 1.67, 1.08, 1.08, 1.08, 1.12]
  Objective : 58.665

[EVALUATION 486]
  Date/time : 2026-05-20 12:21:13
  x         : [232.86, 61.32, 60.15, 59.54, 59.90, 60.89, 2.58, 2.56, 2.53, 2.56, 2.62, 22.04, 22.04, 21.98, 21.24, 21.22, 1.10, 1.01, 1.08, 1.08, 1.05, 11.07, 10.86, 10.86, 10.94, 10.84, 1.67, 1.08, 1.08, 1.08, 1.12]
  Objective : 58.673

[EVALUATION 487]
  Date/time : 2026-05-20 12:21:18
  x         : [232.86, 60.56, 60.91, 59.54, 59.90, 60.89, 2.58, 2.56, 2.53, 2.56, 2.62, 22.04, 22.04, 21.98, 21.24, 21.22, 1.10, 1.01, 1.08, 1.08, 1.05, 11.07, 10.86, 10.86, 10.94, 10.84, 1.67, 1.08, 1.08, 1.08, 1.12]
  Objective : 58.672

[EVALUATION 488]
  Date/time : 2026-05-20 12:21:24
  x         : [232.86, 60.56, 60.15, 60.30, 59.90, 60.89, 2.58, 2.56, 2.53, 2.56, 2.62, 22.04, 22.04, 21.98, 21.24, 21.22, 1.10, 1.01, 1.08, 1.08, 1.05, 11.07, 10.86, 10.86, 10.94, 10.84, 1.67, 1.08, 1.08, 1.08, 1.12]
  Objective : 58.671

[EVALUATION 489]
  Date/time : 2026-05-20 12:21:30
  x         : [232.86, 60.56, 60.15, 59.54, 60.66, 60.89, 2.58, 2.56, 2.53, 2.56, 2.62, 22.04, 22.04, 21.98, 21.24, 21.22, 1.10, 1.01, 1.08, 1.08, 1.05, 11.07, 10.86, 10.86, 10.94, 10.84, 1.67, 1.08, 1.08, 1.08, 1.12]
  Objective : 58.672

[EVALUATION 490]
  Date/time : 2026-05-20 12:21:36
  x         : [232.86, 60.56, 60.15, 59.54, 59.90, 61.65, 2.58, 2.56, 2.53, 2.56, 2.62, 22.04, 22.04, 21.98, 21.24, 21.22, 1.10, 1.01, 1.08, 1.08, 1.05, 11.07, 10.86, 10.86, 10.94, 10.84, 1.67, 1.08, 1.08, 1.08, 1.12]
  Objective : 58.675

[EVALUATION 491]
  Date/time : 2026-05-20 12:21:42
  x         : [232.86, 60.56, 60.15, 59.54, 59.90, 60.89, 2.61, 2.56, 2.53, 2.56, 2.62, 22.04, 22.04, 21.98, 21.24, 21.22, 1.10, 1.01, 1.08, 1.08, 1.05, 11.07, 10.86, 10.86, 10.94, 10.84, 1.67, 1.08, 1.08, 1.08, 1.12]
  Objective : 58.655

[EVALUATION 492]
  Date/time : 2026-05-20 12:21:48
  x         : [232.86, 60.56, 60.15, 59.54, 59.90, 60.89, 2.58, 2.59, 2.53, 2.56, 2.62, 22.04, 22.04, 21.98, 21.24, 21.22, 1.10, 1.01, 1.08, 1.08, 1.05, 11.07, 10.86, 10.86, 10.94, 10.84, 1.67, 1.08, 1.08, 1.08, 1.12]
  Objective : 58.654

[EVALUATION 493]
  Date/time : 2026-05-20 12:21:54
  x         : [232.86, 60.56, 60.15, 59.54, 59.90, 60.89, 2.58, 2.56, 2.56, 2.56, 2.62, 22.04, 22.04, 21.98, 21.24, 21.22, 1.10, 1.01, 1.08, 1.08, 1.05, 11.07, 10.86, 10.86, 10.94, 10.84, 1.67, 1.08, 1.08, 1.08, 1.12]
  Objective : 58.653

[EVALUATION 494]
  Date/time : 2026-05-20 12:22:01
  x         : [232.86, 60.56, 60.15, 59.54, 59.90, 60.89, 2.58, 2.56, 2.53, 2.59, 2.62, 22.04, 22.04, 21.98, 21.24, 21.22, 1.10, 1.01, 1.08, 1.08, 1.05, 11.07, 10.86, 10.86, 10.94, 10.84, 1.67, 1.08, 1.08, 1.08, 1.12]
  Objective : 58.654

[EVALUATION 495]
  Date/time : 2026-05-20 12:22:07
  x         : [232.86, 60.56, 60.15, 59.54, 59.90, 60.89, 2.58, 2.56, 2.53, 2.56, 2.65, 22.04, 22.04, 21.98, 21.24, 21.22, 1.10, 1.01, 1.08, 1.08, 1.05, 11.07, 10.86, 10.86, 10.94, 10.84, 1.67, 1.08, 1.08, 1.08, 1.12]
  Objective : 58.656

[EVALUATION 496]
  Date/time : 2026-05-20 12:22:13
  x         : [232.86, 60.56, 60.15, 59.54, 59.90, 60.89, 2.58, 2.56, 2.53, 2.56, 2.62, 22.31, 22.04, 21.98, 21.24, 21.22, 1.10, 1.01, 1.08, 1.08, 1.05, 11.07, 10.86, 10.86, 10.94, 10.84, 1.67, 1.08, 1.08, 1.08, 1.12]
  Objective : 58.582

[EVALUATION 497]
  Date/time : 2026-05-20 12:22:20
  x         : [232.86, 60.56, 60.15, 59.54, 59.90, 60.89, 2.58, 2.56, 2.53, 2.56, 2.62, 22.04, 22.31, 21.98, 21.24, 21.22, 1.10, 1.01, 1.08, 1.08, 1.05, 11.07, 10.86, 10.86, 10.94, 10.84, 1.67, 1.08, 1.08, 1.08, 1.12]
  Objective : 58.580

[EVALUATION 498]
  Date/time : 2026-05-20 12:22:25
  x         : [232.86, 60.56, 60.15, 59.54, 59.90, 60.89, 2.58, 2.56, 2.53, 2.56, 2.62, 22.04, 22.04, 22.25, 21.24, 21.22, 1.10, 1.01, 1.08, 1.08, 1.05, 11.07, 10.86, 10.86, 10.94, 10.84, 1.67, 1.08, 1.08, 1.08, 1.12]
  Objective : 58.581

[EVALUATION 499]
  Date/time : 2026-05-20 12:22:32
  x         : [232.86, 60.56, 60.15, 59.54, 59.90, 60.89, 2.58, 2.56, 2.53, 2.56, 2.62, 22.04, 22.04, 21.98, 21.51, 21.22, 1.10, 1.01, 1.08, 1.08, 1.05, 11.07, 10.86, 10.86, 10.94, 10.84, 1.67, 1.08, 1.08, 1.08, 1.12]
  Objective : 58.581

[EVALUATION 500]
  Date/time : 2026-05-20 12:22:37
  x         : [232.86, 60.56, 60.15, 59.54, 59.90, 60.89, 2.58, 2.56, 2.53, 2.56, 2.62, 22.04, 22.04, 21.98, 21.24, 21.48, 1.10, 1.01, 1.08, 1.08, 1.05, 11.07, 10.86, 10.86, 10.94, 10.84, 1.67, 1.08, 1.08, 1.08, 1.12]
  Objective : 58.580

[EVALUATION 501]
  Date/time : 2026-05-20 12:22:43
  x         : [232.86, 60.56, 60.15, 59.54, 59.90, 60.89, 2.58, 2.56, 2.53, 2.56, 2.62, 22.04, 22.04, 21.98, 21.24, 21.22, 1.13, 1.01, 1.08, 1.08, 1.05, 11.07, 10.86, 10.86, 10.94, 10.84, 1.67, 1.08, 1.08, 1.08, 1.12]
  Objective : 58.596

[EVALUATION 502]
  Date/time : 2026-05-20 12:22:49
  x         : [232.86, 60.56, 60.15, 59.54, 59.90, 60.89, 2.58, 2.56, 2.53, 2.56, 2.62, 22.04, 22.04, 21.98, 21.24, 21.22, 1.10, 1.04, 1.08, 1.08, 1.05, 11.07, 10.86, 10.86, 10.94, 10.84, 1.67, 1.08, 1.08, 1.08, 1.12]
  Objective : 58.596

[EVALUATION 503]
  Date/time : 2026-05-20 12:22:54
  x         : [232.86, 60.56, 60.15, 59.54, 59.90, 60.89, 2.58, 2.56, 2.53, 2.56, 2.62, 22.04, 22.04, 21.98, 21.24, 21.22, 1.10, 1.01, 1.10, 1.08, 1.05, 11.07, 10.86, 10.86, 10.94, 10.84, 1.67, 1.08, 1.08, 1.08, 1.12]
  Objective : 58.596

[EVALUATION 504]
  Date/time : 2026-05-20 12:23:00
  x         : [232.86, 60.56, 60.15, 59.54, 59.90, 60.89, 2.58, 2.56, 2.53, 2.56, 2.62, 22.04, 22.04, 21.98, 21.24, 21.22, 1.10, 1.01, 1.08, 1.10, 1.05, 11.07, 10.86, 10.86, 10.94, 10.84, 1.67, 1.08, 1.08, 1.08, 1.12]
  Objective : 58.594

[EVALUATION 505]
  Date/time : 2026-05-20 12:23:05
  x         : [232.86, 60.56, 60.15, 59.54, 59.90, 60.89, 2.58, 2.56, 2.53, 2.56, 2.62, 22.04, 22.04, 21.98, 21.24, 21.22, 1.10, 1.01, 1.08, 1.08, 1.08, 11.07, 10.86, 10.86, 10.94, 10.84, 1.67, 1.08, 1.08, 1.08, 1.12]
  Objective : 58.594

[EVALUATION 506]
  Date/time : 2026-05-20 12:23:11
  x         : [232.86, 60.56, 60.15, 59.54, 59.90, 60.89, 2.58, 2.56, 2.53, 2.56, 2.62, 22.04, 22.04, 21.98, 21.24, 21.22, 1.10, 1.01, 1.08, 1.08, 1.05, 11.34, 10.86, 10.86, 10.94, 10.84, 1.67, 1.08, 1.08, 1.08, 1.12]
  Objective : 58.588

[EVALUATION 507]
  Date/time : 2026-05-20 12:23:17
  x         : [232.86, 60.56, 60.15, 59.54, 59.90, 60.89, 2.58, 2.56, 2.53, 2.56, 2.62, 22.04, 22.04, 21.98, 21.24, 21.22, 1.10, 1.01, 1.08, 1.08, 1.05, 11.07, 11.13, 10.86, 10.94, 10.84, 1.67, 1.08, 1.08, 1.08, 1.12]
  Objective : 58.576

[EVALUATION 508]
  Date/time : 2026-05-20 12:23:23
  x         : [232.86, 60.56, 60.15, 59.54, 59.90, 60.89, 2.58, 2.56, 2.53, 2.56, 2.62, 22.04, 22.04, 21.98, 21.24, 21.22, 1.10, 1.01, 1.08, 1.08, 1.05, 11.07, 10.86, 11.13, 10.94, 10.84, 1.67, 1.08, 1.08, 1.08, 1.12]
  Objective : 58.576

[EVALUATION 509]
  Date/time : 2026-05-20 12:23:29
  x         : [232.86, 60.56, 60.15, 59.54, 59.90, 60.89, 2.58, 2.56, 2.53, 2.56, 2.62, 22.04, 22.04, 21.98, 21.24, 21.22, 1.10, 1.01, 1.08, 1.08, 1.05, 11.07, 10.86, 10.86, 11.21, 10.84, 1.67, 1.08, 1.08, 1.08, 1.12]
  Objective : 58.577

[EVALUATION 510]
  Date/time : 2026-05-20 12:23:35
  x         : [232.86, 60.56, 60.15, 59.54, 59.90, 60.89, 2.58, 2.56, 2.53, 2.56, 2.62, 22.04, 22.04, 21.98, 21.24, 21.22, 1.10, 1.01, 1.08, 1.08, 1.05, 11.07, 10.86, 10.86, 10.94, 11.11, 1.67, 1.08, 1.08, 1.08, 1.12]
  Objective : 58.577

[EVALUATION 511]
  Date/time : 2026-05-20 12:23:41
  x         : [232.86, 60.56, 60.15, 59.54, 59.90, 60.89, 2.58, 2.56, 2.53, 2.56, 2.62, 22.04, 22.04, 21.98, 21.24, 21.22, 1.10, 1.01, 1.08, 1.08, 1.05, 11.07, 10.86, 10.86, 10.94, 10.84, 1.70, 1.08, 1.08, 1.08, 1.12]
  Objective : 58.568

[EVALUATION 512]
  Date/time : 2026-05-20 12:23:47
  x         : [232.86, 60.56, 60.15, 59.54, 59.90, 60.89, 2.58, 2.56, 2.53, 2.56, 2.62, 22.04, 22.04, 21.98, 21.24, 21.22, 1.10, 1.01, 1.08, 1.08, 1.05, 11.07, 10.86, 10.86, 10.94, 10.84, 1.67, 1.10, 1.08, 1.08, 1.12]
  Objective : 58.570

[EVALUATION 513]
  Date/time : 2026-05-20 12:23:52
  x         : [232.86, 60.56, 60.15, 59.54, 59.90, 60.89, 2.58, 2.56, 2.53, 2.56, 2.62, 22.04, 22.04, 21.98, 21.24, 21.22, 1.10, 1.01, 1.08, 1.08, 1.05, 11.07, 10.86, 10.86, 10.94, 10.84, 1.67, 1.08, 1.10, 1.08, 1.12]
  Objective : 58.570

[EVALUATION 514]
  Date/time : 2026-05-20 12:23:58
  x         : [232.86, 60.56, 60.15, 59.54, 59.90, 60.89, 2.58, 2.56, 2.53, 2.56, 2.62, 22.04, 22.04, 21.98, 21.24, 21.22, 1.10, 1.01, 1.08, 1.08, 1.05, 11.07, 10.86, 10.86, 10.94, 10.84, 1.67, 1.08, 1.08, 1.11, 1.12]
  Objective : 58.570

[EVALUATION 515]
  Date/time : 2026-05-20 12:24:04
  x         : [232.86, 60.56, 60.15, 59.54, 59.90, 60.89, 2.58, 2.56, 2.53, 2.56, 2.62, 22.04, 22.04, 21.98, 21.24, 21.22, 1.10, 1.01, 1.08, 1.08, 1.05, 11.07, 10.86, 10.86, 10.94, 10.84, 1.67, 1.08, 1.08, 1.08, 1.14]
  Objective : 58.570

[EVALUATION 516]
  Date/time : 2026-05-20 12:24:10
  x         : [232.27, 60.63, 60.05, 59.58, 59.92, 60.91, 2.58, 2.56, 2.54, 2.56, 2.62, 22.29, 22.29, 22.23, 21.29, 21.21, 1.11, 1.02, 1.08, 1.08, 1.05, 11.04, 10.88, 10.88, 10.92, 10.83, 1.66, 1.08, 1.08, 1.08, 1.11]
  Objective : 58.663

[ITERATION 17]
  Date/time : 2026-05-20 12:24:10
  x         : [232.273074,  60.630421,  60.053473,  59.576131,  59.915634,  60.90878 ,
   2.580054,   2.563707,   2.53697 ,   2.559306,   2.622   ,  22.294602,
  22.294602,  22.230945,  21.292059,  21.214369,   1.107278,   1.015454,
   1.077701,   1.077701,   1.049628,  11.038571,  10.876107,  10.876107,
  10.924236,  10.834066,   1.66489 ,   1.078658,   1.078658,   1.080813,
   1.110761]

Util_LB     Column:    0.044  Brace:    0.006
Util_NF     Column:    0.676  Brace:    0.670
Util_S      Column:    0.028  Brace:    0.017
Util_T      Column:    0.055  Brace:    0.067
Util_BR     Column:    0.913  Brace:    0.907
Util_IN     Column:    1.025  Brace:    0.999
Util_BS_sig  Column:    N/A    Brace:    1.000
Util_BS_defl  Column:    N/A    Brace:    0.366
[EVALUATION 517]
  Date/time : 2026-05-20 12:24:16
  x         : [234.29, 60.63, 60.05, 59.58, 59.92, 60.91, 2.58, 2.56, 2.54, 2.56, 2.62, 22.29, 22.29, 22.23, 21.29, 21.21, 1.11, 1.02, 1.08, 1.08, 1.05, 11.04, 10.88, 10.88, 10.92, 10.83, 1.66, 1.08, 1.08, 1.08, 1.11]
  Objective : 58.774

[EVALUATION 518]
  Date/time : 2026-05-20 12:24:21
  x         : [232.27, 61.39, 60.05, 59.58, 59.92, 60.91, 2.58, 2.56, 2.54, 2.56, 2.62, 22.29, 22.29, 22.23, 21.29, 21.21, 1.11, 1.02, 1.08, 1.08, 1.05, 11.04, 10.88, 10.88, 10.92, 10.83, 1.66, 1.08, 1.08, 1.08, 1.11]
  Objective : 58.781

[EVALUATION 519]
  Date/time : 2026-05-20 12:24:27
  x         : [232.27, 60.63, 60.81, 59.58, 59.92, 60.91, 2.58, 2.56, 2.54, 2.56, 2.62, 22.29, 22.29, 22.23, 21.29, 21.21, 1.11, 1.02, 1.08, 1.08, 1.05, 11.04, 10.88, 10.88, 10.92, 10.83, 1.66, 1.08, 1.08, 1.08, 1.11]
  Objective : 58.780

[EVALUATION 520]
  Date/time : 2026-05-20 12:24:32
  x         : [232.27, 60.63, 60.05, 60.34, 59.92, 60.91, 2.58, 2.56, 2.54, 2.56, 2.62, 22.29, 22.29, 22.23, 21.29, 21.21, 1.11, 1.02, 1.08, 1.08, 1.05, 11.04, 10.88, 10.88, 10.92, 10.83, 1.66, 1.08, 1.08, 1.08, 1.11]
  Objective : 58.779

[EVALUATION 521]
  Date/time : 2026-05-20 12:24:38
  x         : [232.27, 60.63, 60.05, 59.58, 60.68, 60.91, 2.58, 2.56, 2.54, 2.56, 2.62, 22.29, 22.29, 22.23, 21.29, 21.21, 1.11, 1.02, 1.08, 1.08, 1.05, 11.04, 10.88, 10.88, 10.92, 10.83, 1.66, 1.08, 1.08, 1.08, 1.11]
  Objective : 58.780

[EVALUATION 522]
  Date/time : 2026-05-20 12:24:44
  x         : [232.27, 60.63, 60.05, 59.58, 59.92, 61.67, 2.58, 2.56, 2.54, 2.56, 2.62, 22.29, 22.29, 22.23, 21.29, 21.21, 1.11, 1.02, 1.08, 1.08, 1.05, 11.04, 10.88, 10.88, 10.92, 10.83, 1.66, 1.08, 1.08, 1.08, 1.11]
  Objective : 58.784

[EVALUATION 523]
  Date/time : 2026-05-20 12:24:50
  x         : [232.27, 60.63, 60.05, 59.58, 59.92, 60.91, 2.61, 2.56, 2.54, 2.56, 2.62, 22.29, 22.29, 22.23, 21.29, 21.21, 1.11, 1.02, 1.08, 1.08, 1.05, 11.04, 10.88, 10.88, 10.92, 10.83, 1.66, 1.08, 1.08, 1.08, 1.11]
  Objective : 58.763

[EVALUATION 524]
  Date/time : 2026-05-20 12:24:55
  x         : [232.27, 60.63, 60.05, 59.58, 59.92, 60.91, 2.58, 2.59, 2.54, 2.56, 2.62, 22.29, 22.29, 22.23, 21.29, 21.21, 1.11, 1.02, 1.08, 1.08, 1.05, 11.04, 10.88, 10.88, 10.92, 10.83, 1.66, 1.08, 1.08, 1.08, 1.11]
  Objective : 58.762

[EVALUATION 525]
  Date/time : 2026-05-20 12:25:01
  x         : [232.27, 60.63, 60.05, 59.58, 59.92, 60.91, 2.58, 2.56, 2.57, 2.56, 2.62, 22.29, 22.29, 22.23, 21.29, 21.21, 1.11, 1.02, 1.08, 1.08, 1.05, 11.04, 10.88, 10.88, 10.92, 10.83, 1.66, 1.08, 1.08, 1.08, 1.11]
  Objective : 58.761

[EVALUATION 526]
  Date/time : 2026-05-20 12:25:07
  x         : [232.27, 60.63, 60.05, 59.58, 59.92, 60.91, 2.58, 2.56, 2.54, 2.59, 2.62, 22.29, 22.29, 22.23, 21.29, 21.21, 1.11, 1.02, 1.08, 1.08, 1.05, 11.04, 10.88, 10.88, 10.92, 10.83, 1.66, 1.08, 1.08, 1.08, 1.11]
  Objective : 58.762

[EVALUATION 527]
  Date/time : 2026-05-20 12:25:12
  x         : [232.27, 60.63, 60.05, 59.58, 59.92, 60.91, 2.58, 2.56, 2.54, 2.56, 2.65, 22.29, 22.29, 22.23, 21.29, 21.21, 1.11, 1.02, 1.08, 1.08, 1.05, 11.04, 10.88, 10.88, 10.92, 10.83, 1.66, 1.08, 1.08, 1.08, 1.11]
  Objective : 58.764

[EVALUATION 528]
  Date/time : 2026-05-20 12:25:18
  x         : [232.27, 60.63, 60.05, 59.58, 59.92, 60.91, 2.58, 2.56, 2.54, 2.56, 2.62, 22.56, 22.29, 22.23, 21.29, 21.21, 1.11, 1.02, 1.08, 1.08, 1.05, 11.04, 10.88, 10.88, 10.92, 10.83, 1.66, 1.08, 1.08, 1.08, 1.11]
  Objective : 58.690

[EVALUATION 529]
  Date/time : 2026-05-20 12:25:24
  x         : [232.27, 60.63, 60.05, 59.58, 59.92, 60.91, 2.58, 2.56, 2.54, 2.56, 2.62, 22.29, 22.56, 22.23, 21.29, 21.21, 1.11, 1.02, 1.08, 1.08, 1.05, 11.04, 10.88, 10.88, 10.92, 10.83, 1.66, 1.08, 1.08, 1.08, 1.11]
  Objective : 58.688

[EVALUATION 530]
  Date/time : 2026-05-20 12:25:30
  x         : [232.27, 60.63, 60.05, 59.58, 59.92, 60.91, 2.58, 2.56, 2.54, 2.56, 2.62, 22.29, 22.29, 22.50, 21.29, 21.21, 1.11, 1.02, 1.08, 1.08, 1.05, 11.04, 10.88, 10.88, 10.92, 10.83, 1.66, 1.08, 1.08, 1.08, 1.11]
  Objective : 58.689

[EVALUATION 531]
  Date/time : 2026-05-20 12:25:35
  x         : [232.27, 60.63, 60.05, 59.58, 59.92, 60.91, 2.58, 2.56, 2.54, 2.56, 2.62, 22.29, 22.29, 22.23, 21.56, 21.21, 1.11, 1.02, 1.08, 1.08, 1.05, 11.04, 10.88, 10.88, 10.92, 10.83, 1.66, 1.08, 1.08, 1.08, 1.11]
  Objective : 58.689

[EVALUATION 532]
  Date/time : 2026-05-20 12:25:41
  x         : [232.27, 60.63, 60.05, 59.58, 59.92, 60.91, 2.58, 2.56, 2.54, 2.56, 2.62, 22.29, 22.29, 22.23, 21.29, 21.48, 1.11, 1.02, 1.08, 1.08, 1.05, 11.04, 10.88, 10.88, 10.92, 10.83, 1.66, 1.08, 1.08, 1.08, 1.11]
  Objective : 58.689

[EVALUATION 533]
  Date/time : 2026-05-20 12:25:47
  x         : [232.27, 60.63, 60.05, 59.58, 59.92, 60.91, 2.58, 2.56, 2.54, 2.56, 2.62, 22.29, 22.29, 22.23, 21.29, 21.21, 1.13, 1.02, 1.08, 1.08, 1.05, 11.04, 10.88, 10.88, 10.92, 10.83, 1.66, 1.08, 1.08, 1.08, 1.11]
  Objective : 58.705

[EVALUATION 534]
  Date/time : 2026-05-20 12:25:53
  x         : [232.27, 60.63, 60.05, 59.58, 59.92, 60.91, 2.58, 2.56, 2.54, 2.56, 2.62, 22.29, 22.29, 22.23, 21.29, 21.21, 1.11, 1.04, 1.08, 1.08, 1.05, 11.04, 10.88, 10.88, 10.92, 10.83, 1.66, 1.08, 1.08, 1.08, 1.11]
  Objective : 58.705

[EVALUATION 535]
  Date/time : 2026-05-20 12:25:58
  x         : [232.27, 60.63, 60.05, 59.58, 59.92, 60.91, 2.58, 2.56, 2.54, 2.56, 2.62, 22.29, 22.29, 22.23, 21.29, 21.21, 1.11, 1.02, 1.10, 1.08, 1.05, 11.04, 10.88, 10.88, 10.92, 10.83, 1.66, 1.08, 1.08, 1.08, 1.11]
  Objective : 58.704

[EVALUATION 536]
  Date/time : 2026-05-20 12:26:04
  x         : [232.27, 60.63, 60.05, 59.58, 59.92, 60.91, 2.58, 2.56, 2.54, 2.56, 2.62, 22.29, 22.29, 22.23, 21.29, 21.21, 1.11, 1.02, 1.08, 1.10, 1.05, 11.04, 10.88, 10.88, 10.92, 10.83, 1.66, 1.08, 1.08, 1.08, 1.11]
  Objective : 58.703

[EVALUATION 537]
  Date/time : 2026-05-20 12:26:10
  x         : [232.27, 60.63, 60.05, 59.58, 59.92, 60.91, 2.58, 2.56, 2.54, 2.56, 2.62, 22.29, 22.29, 22.23, 21.29, 21.21, 1.11, 1.02, 1.08, 1.08, 1.07, 11.04, 10.88, 10.88, 10.92, 10.83, 1.66, 1.08, 1.08, 1.08, 1.11]
  Objective : 58.703

[EVALUATION 538]
  Date/time : 2026-05-20 12:26:16
  x         : [232.27, 60.63, 60.05, 59.58, 59.92, 60.91, 2.58, 2.56, 2.54, 2.56, 2.62, 22.29, 22.29, 22.23, 21.29, 21.21, 1.11, 1.02, 1.08, 1.08, 1.05, 11.31, 10.88, 10.88, 10.92, 10.83, 1.66, 1.08, 1.08, 1.08, 1.11]
  Objective : 58.696

[EVALUATION 539]
  Date/time : 2026-05-20 12:26:21
  x         : [232.27, 60.63, 60.05, 59.58, 59.92, 60.91, 2.58, 2.56, 2.54, 2.56, 2.62, 22.29, 22.29, 22.23, 21.29, 21.21, 1.11, 1.02, 1.08, 1.08, 1.05, 11.04, 11.15, 10.88, 10.92, 10.83, 1.66, 1.08, 1.08, 1.08, 1.11]
  Objective : 58.685

[EVALUATION 540]
  Date/time : 2026-05-20 12:26:27
  x         : [232.27, 60.63, 60.05, 59.58, 59.92, 60.91, 2.58, 2.56, 2.54, 2.56, 2.62, 22.29, 22.29, 22.23, 21.29, 21.21, 1.11, 1.02, 1.08, 1.08, 1.05, 11.04, 10.88, 11.15, 10.92, 10.83, 1.66, 1.08, 1.08, 1.08, 1.11]
  Objective : 58.685

[EVALUATION 541]
  Date/time : 2026-05-20 12:26:32
  x         : [232.27, 60.63, 60.05, 59.58, 59.92, 60.91, 2.58, 2.56, 2.54, 2.56, 2.62, 22.29, 22.29, 22.23, 21.29, 21.21, 1.11, 1.02, 1.08, 1.08, 1.05, 11.04, 10.88, 10.88, 11.19, 10.83, 1.66, 1.08, 1.08, 1.08, 1.11]
  Objective : 58.685

[EVALUATION 542]
  Date/time : 2026-05-20 12:26:38
  x         : [232.27, 60.63, 60.05, 59.58, 59.92, 60.91, 2.58, 2.56, 2.54, 2.56, 2.62, 22.29, 22.29, 22.23, 21.29, 21.21, 1.11, 1.02, 1.08, 1.08, 1.05, 11.04, 10.88, 10.88, 10.92, 11.10, 1.66, 1.08, 1.08, 1.08, 1.11]
  Objective : 58.685

[EVALUATION 543]
  Date/time : 2026-05-20 12:26:44
  x         : [232.27, 60.63, 60.05, 59.58, 59.92, 60.91, 2.58, 2.56, 2.54, 2.56, 2.62, 22.29, 22.29, 22.23, 21.29, 21.21, 1.11, 1.02, 1.08, 1.08, 1.05, 11.04, 10.88, 10.88, 10.92, 10.83, 1.69, 1.08, 1.08, 1.08, 1.11]
  Objective : 58.676

[EVALUATION 544]
  Date/time : 2026-05-20 12:26:50
  x         : [232.27, 60.63, 60.05, 59.58, 59.92, 60.91, 2.58, 2.56, 2.54, 2.56, 2.62, 22.29, 22.29, 22.23, 21.29, 21.21, 1.11, 1.02, 1.08, 1.08, 1.05, 11.04, 10.88, 10.88, 10.92, 10.83, 1.66, 1.10, 1.08, 1.08, 1.11]
  Objective : 58.678

[EVALUATION 545]
  Date/time : 2026-05-20 12:26:55
  x         : [232.27, 60.63, 60.05, 59.58, 59.92, 60.91, 2.58, 2.56, 2.54, 2.56, 2.62, 22.29, 22.29, 22.23, 21.29, 21.21, 1.11, 1.02, 1.08, 1.08, 1.05, 11.04, 10.88, 10.88, 10.92, 10.83, 1.66, 1.08, 1.10, 1.08, 1.11]
  Objective : 58.678

[EVALUATION 546]
  Date/time : 2026-05-20 12:27:01
  x         : [232.27, 60.63, 60.05, 59.58, 59.92, 60.91, 2.58, 2.56, 2.54, 2.56, 2.62, 22.29, 22.29, 22.23, 21.29, 21.21, 1.11, 1.02, 1.08, 1.08, 1.05, 11.04, 10.88, 10.88, 10.92, 10.83, 1.66, 1.08, 1.08, 1.10, 1.11]
  Objective : 58.678

[EVALUATION 547]
  Date/time : 2026-05-20 12:27:06
  x         : [232.27, 60.63, 60.05, 59.58, 59.92, 60.91, 2.58, 2.56, 2.54, 2.56, 2.62, 22.29, 22.29, 22.23, 21.29, 21.21, 1.11, 1.02, 1.08, 1.08, 1.05, 11.04, 10.88, 10.88, 10.92, 10.83, 1.66, 1.08, 1.08, 1.08, 1.13]
  Objective : 58.678

[EVALUATION 548]
  Date/time : 2026-05-20 12:27:12
  x         : [231.63, 60.71, 60.10, 59.60, 59.94, 60.93, 2.58, 2.57, 2.54, 2.56, 2.63, 22.57, 22.57, 22.51, 21.24, 21.21, 1.11, 1.01, 1.08, 1.08, 1.05, 11.01, 10.89, 10.89, 10.93, 10.83, 1.66, 1.08, 1.08, 1.08, 1.11]
  Objective : 58.790

[ITERATION 18]
  Date/time : 2026-05-20 12:27:13
  x         : [231.631431,  60.71061 ,  60.099305,  59.595584,  59.935903,  60.931579,
   2.58347 ,   2.568161,   2.540753,   2.563573,   2.628716,  22.570716,
  22.570716,  22.507059,  21.235011,  21.212992,   1.110309,   1.01461 ,
   1.075319,   1.075319,   1.046478,  11.007959,  10.890022,  10.890022,
  10.93404 ,  10.82685 ,   1.655362,   1.08169 ,   1.08169 ,   1.078431,
   1.108379]

Util_LB     Column:    0.044  Brace:    0.006
Util_NF     Column:    0.676  Brace:    0.671
Util_S      Column:    0.028  Brace:    0.018
Util_T      Column:    0.055  Brace:    0.068
Util_BR     Column:    0.911  Brace:    0.905
Util_IN     Column:    1.022  Brace:    0.999
Util_BS_sig  Column:    N/A    Brace:    1.000
Util_BS_defl  Column:    N/A    Brace:    0.365
[EVALUATION 549]
  Date/time : 2026-05-20 12:27:18
  x         : [233.65, 60.71, 60.10, 59.60, 59.94, 60.93, 2.58, 2.57, 2.54, 2.56, 2.63, 22.57, 22.57, 22.51, 21.24, 21.21, 1.11, 1.01, 1.08, 1.08, 1.05, 11.01, 10.89, 10.89, 10.93, 10.83, 1.66, 1.08, 1.08, 1.08, 1.11]
  Objective : 58.901

[EVALUATION 550]
  Date/time : 2026-05-20 12:27:24
  x         : [231.63, 61.47, 60.10, 59.60, 59.94, 60.93, 2.58, 2.57, 2.54, 2.56, 2.63, 22.57, 22.57, 22.51, 21.24, 21.21, 1.11, 1.01, 1.08, 1.08, 1.05, 11.01, 10.89, 10.89, 10.93, 10.83, 1.66, 1.08, 1.08, 1.08, 1.11]
  Objective : 58.908

[EVALUATION 551]
  Date/time : 2026-05-20 12:27:29
  x         : [231.63, 60.71, 60.86, 59.60, 59.94, 60.93, 2.58, 2.57, 2.54, 2.56, 2.63, 22.57, 22.57, 22.51, 21.24, 21.21, 1.11, 1.01, 1.08, 1.08, 1.05, 11.01, 10.89, 10.89, 10.93, 10.83, 1.66, 1.08, 1.08, 1.08, 1.11]
  Objective : 58.907

[EVALUATION 552]
  Date/time : 2026-05-20 12:27:35
  x         : [231.63, 60.71, 60.10, 60.36, 59.94, 60.93, 2.58, 2.57, 2.54, 2.56, 2.63, 22.57, 22.57, 22.51, 21.24, 21.21, 1.11, 1.01, 1.08, 1.08, 1.05, 11.01, 10.89, 10.89, 10.93, 10.83, 1.66, 1.08, 1.08, 1.08, 1.11]
  Objective : 58.906

[EVALUATION 553]
  Date/time : 2026-05-20 12:27:41
  x         : [231.63, 60.71, 60.10, 59.60, 60.70, 60.93, 2.58, 2.57, 2.54, 2.56, 2.63, 22.57, 22.57, 22.51, 21.24, 21.21, 1.11, 1.01, 1.08, 1.08, 1.05, 11.01, 10.89, 10.89, 10.93, 10.83, 1.66, 1.08, 1.08, 1.08, 1.11]
  Objective : 58.907

[EVALUATION 554]
  Date/time : 2026-05-20 12:27:47
  x         : [231.63, 60.71, 60.10, 59.60, 59.94, 61.69, 2.58, 2.57, 2.54, 2.56, 2.63, 22.57, 22.57, 22.51, 21.24, 21.21, 1.11, 1.01, 1.08, 1.08, 1.05, 11.01, 10.89, 10.89, 10.93, 10.83, 1.66, 1.08, 1.08, 1.08, 1.11]
  Objective : 58.911

[EVALUATION 555]
  Date/time : 2026-05-20 12:27:52
  x         : [231.63, 60.71, 60.10, 59.60, 59.94, 60.93, 2.61, 2.57, 2.54, 2.56, 2.63, 22.57, 22.57, 22.51, 21.24, 21.21, 1.11, 1.01, 1.08, 1.08, 1.05, 11.01, 10.89, 10.89, 10.93, 10.83, 1.66, 1.08, 1.08, 1.08, 1.11]
  Objective : 58.890

[EVALUATION 556]
  Date/time : 2026-05-20 12:27:58
  x         : [231.63, 60.71, 60.10, 59.60, 59.94, 60.93, 2.58, 2.60, 2.54, 2.56, 2.63, 22.57, 22.57, 22.51, 21.24, 21.21, 1.11, 1.01, 1.08, 1.08, 1.05, 11.01, 10.89, 10.89, 10.93, 10.83, 1.66, 1.08, 1.08, 1.08, 1.11]
  Objective : 58.889

[EVALUATION 557]
  Date/time : 2026-05-20 12:28:04
  x         : [231.63, 60.71, 60.10, 59.60, 59.94, 60.93, 2.58, 2.57, 2.57, 2.56, 2.63, 22.57, 22.57, 22.51, 21.24, 21.21, 1.11, 1.01, 1.08, 1.08, 1.05, 11.01, 10.89, 10.89, 10.93, 10.83, 1.66, 1.08, 1.08, 1.08, 1.11]
  Objective : 58.888

[EVALUATION 558]
  Date/time : 2026-05-20 12:28:10
  x         : [231.63, 60.71, 60.10, 59.60, 59.94, 60.93, 2.58, 2.57, 2.54, 2.59, 2.63, 22.57, 22.57, 22.51, 21.24, 21.21, 1.11, 1.01, 1.08, 1.08, 1.05, 11.01, 10.89, 10.89, 10.93, 10.83, 1.66, 1.08, 1.08, 1.08, 1.11]
  Objective : 58.888

[EVALUATION 559]
  Date/time : 2026-05-20 12:28:16
  x         : [231.63, 60.71, 60.10, 59.60, 59.94, 60.93, 2.58, 2.57, 2.54, 2.56, 2.66, 22.57, 22.57, 22.51, 21.24, 21.21, 1.11, 1.01, 1.08, 1.08, 1.05, 11.01, 10.89, 10.89, 10.93, 10.83, 1.66, 1.08, 1.08, 1.08, 1.11]
  Objective : 58.891

[EVALUATION 560]
  Date/time : 2026-05-20 12:28:21
  x         : [231.63, 60.71, 60.10, 59.60, 59.94, 60.93, 2.58, 2.57, 2.54, 2.56, 2.63, 22.84, 22.57, 22.51, 21.24, 21.21, 1.11, 1.01, 1.08, 1.08, 1.05, 11.01, 10.89, 10.89, 10.93, 10.83, 1.66, 1.08, 1.08, 1.08, 1.11]
  Objective : 58.816

[EVALUATION 561]
  Date/time : 2026-05-20 12:28:27
  x         : [231.63, 60.71, 60.10, 59.60, 59.94, 60.93, 2.58, 2.57, 2.54, 2.56, 2.63, 22.57, 22.84, 22.51, 21.24, 21.21, 1.11, 1.01, 1.08, 1.08, 1.05, 11.01, 10.89, 10.89, 10.93, 10.83, 1.66, 1.08, 1.08, 1.08, 1.11]
  Objective : 58.814

[EVALUATION 562]
  Date/time : 2026-05-20 12:28:33
  x         : [231.63, 60.71, 60.10, 59.60, 59.94, 60.93, 2.58, 2.57, 2.54, 2.56, 2.63, 22.57, 22.57, 22.78, 21.24, 21.21, 1.11, 1.01, 1.08, 1.08, 1.05, 11.01, 10.89, 10.89, 10.93, 10.83, 1.66, 1.08, 1.08, 1.08, 1.11]
  Objective : 58.816

[EVALUATION 563]
  Date/time : 2026-05-20 12:28:39
  x         : [231.63, 60.71, 60.10, 59.60, 59.94, 60.93, 2.58, 2.57, 2.54, 2.56, 2.63, 22.57, 22.57, 22.51, 21.50, 21.21, 1.11, 1.01, 1.08, 1.08, 1.05, 11.01, 10.89, 10.89, 10.93, 10.83, 1.66, 1.08, 1.08, 1.08, 1.11]
  Objective : 58.816

[EVALUATION 564]
  Date/time : 2026-05-20 12:28:44
  x         : [231.63, 60.71, 60.10, 59.60, 59.94, 60.93, 2.58, 2.57, 2.54, 2.56, 2.63, 22.57, 22.57, 22.51, 21.24, 21.48, 1.11, 1.01, 1.08, 1.08, 1.05, 11.01, 10.89, 10.89, 10.93, 10.83, 1.66, 1.08, 1.08, 1.08, 1.11]
  Objective : 58.815

[EVALUATION 565]
  Date/time : 2026-05-20 12:28:50
  x         : [231.63, 60.71, 60.10, 59.60, 59.94, 60.93, 2.58, 2.57, 2.54, 2.56, 2.63, 22.57, 22.57, 22.51, 21.24, 21.21, 1.13, 1.01, 1.08, 1.08, 1.05, 11.01, 10.89, 10.89, 10.93, 10.83, 1.66, 1.08, 1.08, 1.08, 1.11]
  Objective : 58.831

[EVALUATION 566]
  Date/time : 2026-05-20 12:28:56
  x         : [231.63, 60.71, 60.10, 59.60, 59.94, 60.93, 2.58, 2.57, 2.54, 2.56, 2.63, 22.57, 22.57, 22.51, 21.24, 21.21, 1.11, 1.04, 1.08, 1.08, 1.05, 11.01, 10.89, 10.89, 10.93, 10.83, 1.66, 1.08, 1.08, 1.08, 1.11]
  Objective : 58.832

[EVALUATION 567]
  Date/time : 2026-05-20 12:29:01
  x         : [231.63, 60.71, 60.10, 59.60, 59.94, 60.93, 2.58, 2.57, 2.54, 2.56, 2.63, 22.57, 22.57, 22.51, 21.24, 21.21, 1.11, 1.01, 1.10, 1.08, 1.05, 11.01, 10.89, 10.89, 10.93, 10.83, 1.66, 1.08, 1.08, 1.08, 1.11]
  Objective : 58.831

[EVALUATION 568]
  Date/time : 2026-05-20 12:29:07
  x         : [231.63, 60.71, 60.10, 59.60, 59.94, 60.93, 2.58, 2.57, 2.54, 2.56, 2.63, 22.57, 22.57, 22.51, 21.24, 21.21, 1.11, 1.01, 1.08, 1.10, 1.05, 11.01, 10.89, 10.89, 10.93, 10.83, 1.66, 1.08, 1.08, 1.08, 1.11]
  Objective : 58.829

[EVALUATION 569]
  Date/time : 2026-05-20 12:29:12
  x         : [231.63, 60.71, 60.10, 59.60, 59.94, 60.93, 2.58, 2.57, 2.54, 2.56, 2.63, 22.57, 22.57, 22.51, 21.24, 21.21, 1.11, 1.01, 1.08, 1.08, 1.07, 11.01, 10.89, 10.89, 10.93, 10.83, 1.66, 1.08, 1.08, 1.08, 1.11]
  Objective : 58.829

[EVALUATION 570]
  Date/time : 2026-05-20 12:29:18
  x         : [231.63, 60.71, 60.10, 59.60, 59.94, 60.93, 2.58, 2.57, 2.54, 2.56, 2.63, 22.57, 22.57, 22.51, 21.24, 21.21, 1.11, 1.01, 1.08, 1.08, 1.05, 11.28, 10.89, 10.89, 10.93, 10.83, 1.66, 1.08, 1.08, 1.08, 1.11]
  Objective : 58.822

[EVALUATION 571]
  Date/time : 2026-05-20 12:29:24
  x         : [231.63, 60.71, 60.10, 59.60, 59.94, 60.93, 2.58, 2.57, 2.54, 2.56, 2.63, 22.57, 22.57, 22.51, 21.24, 21.21, 1.11, 1.01, 1.08, 1.08, 1.05, 11.01, 11.16, 10.89, 10.93, 10.83, 1.66, 1.08, 1.08, 1.08, 1.11]
  Objective : 58.811

[EVALUATION 572]
  Date/time : 2026-05-20 12:29:29
  x         : [231.63, 60.71, 60.10, 59.60, 59.94, 60.93, 2.58, 2.57, 2.54, 2.56, 2.63, 22.57, 22.57, 22.51, 21.24, 21.21, 1.11, 1.01, 1.08, 1.08, 1.05, 11.01, 10.89, 11.16, 10.93, 10.83, 1.66, 1.08, 1.08, 1.08, 1.11]
  Objective : 58.811

[EVALUATION 573]
  Date/time : 2026-05-20 12:29:35
  x         : [231.63, 60.71, 60.10, 59.60, 59.94, 60.93, 2.58, 2.57, 2.54, 2.56, 2.63, 22.57, 22.57, 22.51, 21.24, 21.21, 1.11, 1.01, 1.08, 1.08, 1.05, 11.01, 10.89, 10.89, 11.20, 10.83, 1.66, 1.08, 1.08, 1.08, 1.11]
  Objective : 58.811

[EVALUATION 574]
  Date/time : 2026-05-20 12:29:41
  x         : [231.63, 60.71, 60.10, 59.60, 59.94, 60.93, 2.58, 2.57, 2.54, 2.56, 2.63, 22.57, 22.57, 22.51, 21.24, 21.21, 1.11, 1.01, 1.08, 1.08, 1.05, 11.01, 10.89, 10.89, 10.93, 11.10, 1.66, 1.08, 1.08, 1.08, 1.11]
  Objective : 58.812

[EVALUATION 575]
  Date/time : 2026-05-20 12:29:46
  x         : [231.63, 60.71, 60.10, 59.60, 59.94, 60.93, 2.58, 2.57, 2.54, 2.56, 2.63, 22.57, 22.57, 22.51, 21.24, 21.21, 1.11, 1.01, 1.08, 1.08, 1.05, 11.01, 10.89, 10.89, 10.93, 10.83, 1.68, 1.08, 1.08, 1.08, 1.11]
  Objective : 58.803

[EVALUATION 576]
  Date/time : 2026-05-20 12:29:52
  x         : [231.63, 60.71, 60.10, 59.60, 59.94, 60.93, 2.58, 2.57, 2.54, 2.56, 2.63, 22.57, 22.57, 22.51, 21.24, 21.21, 1.11, 1.01, 1.08, 1.08, 1.05, 11.01, 10.89, 10.89, 10.93, 10.83, 1.66, 1.10, 1.08, 1.08, 1.11]
  Objective : 58.804

[EVALUATION 577]
  Date/time : 2026-05-20 12:29:58
  x         : [231.63, 60.71, 60.10, 59.60, 59.94, 60.93, 2.58, 2.57, 2.54, 2.56, 2.63, 22.57, 22.57, 22.51, 21.24, 21.21, 1.11, 1.01, 1.08, 1.08, 1.05, 11.01, 10.89, 10.89, 10.93, 10.83, 1.66, 1.08, 1.10, 1.08, 1.11]
  Objective : 58.804

[EVALUATION 578]
  Date/time : 2026-05-20 12:30:03
  x         : [231.63, 60.71, 60.10, 59.60, 59.94, 60.93, 2.58, 2.57, 2.54, 2.56, 2.63, 22.57, 22.57, 22.51, 21.24, 21.21, 1.11, 1.01, 1.08, 1.08, 1.05, 11.01, 10.89, 10.89, 10.93, 10.83, 1.66, 1.08, 1.08, 1.10, 1.11]
  Objective : 58.805

[EVALUATION 579]
  Date/time : 2026-05-20 12:30:09
  x         : [231.63, 60.71, 60.10, 59.60, 59.94, 60.93, 2.58, 2.57, 2.54, 2.56, 2.63, 22.57, 22.57, 22.51, 21.24, 21.21, 1.11, 1.01, 1.08, 1.08, 1.05, 11.01, 10.89, 10.89, 10.93, 10.83, 1.66, 1.08, 1.08, 1.08, 1.13]
  Objective : 58.804

[EVALUATION 580]
  Date/time : 2026-05-20 12:30:15
  x         : [230.93, 60.80, 60.12, 59.62, 59.96, 60.96, 2.59, 2.57, 2.54, 2.57, 2.64, 22.87, 22.87, 22.81, 21.21, 21.21, 1.11, 1.01, 1.07, 1.07, 1.04, 10.97, 10.91, 10.91, 10.94, 10.82, 1.64, 1.09, 1.09, 1.08, 1.11]
  Objective : 58.927

[ITERATION 19]
  Date/time : 2026-05-20 12:30:15
  x         : [230.925623,  60.798819,  60.122221,  59.616983,  59.958199,  60.956658,
   2.587227,   2.573061,   2.544915,   2.568266,   2.636103,  22.874442,
  22.874442,  22.810785,  21.206487,  21.211512,   1.113644,   1.013688,
   1.072699,   1.072699,   1.043014,  10.974287,  10.905327,  10.905327,
  10.938942,  10.815173,   1.644882,   1.085024,   1.085024,   1.075811,
   1.105759]

Util_LB     Column:    0.044  Brace:    0.006
Util_NF     Column:    0.677  Brace:    0.672
Util_S      Column:    0.028  Brace:    0.018
Util_T      Column:    0.055  Brace:    0.068
Util_BR     Column:    0.910  Brace:    0.904
Util_IN     Column:    1.019  Brace:    0.999
Util_BS_sig  Column:    N/A    Brace:    1.000
Util_BS_defl  Column:    N/A    Brace:    0.364
[EVALUATION 581]
  Date/time : 2026-05-20 12:30:21
  x         : [232.95, 60.80, 60.12, 59.62, 59.96, 60.96, 2.59, 2.57, 2.54, 2.57, 2.64, 22.87, 22.87, 22.81, 21.21, 21.21, 1.11, 1.01, 1.07, 1.07, 1.04, 10.97, 10.91, 10.91, 10.94, 10.82, 1.64, 1.09, 1.09, 1.08, 1.11]
  Objective : 59.039

[EVALUATION 582]
  Date/time : 2026-05-20 12:30:26
  x         : [230.93, 61.56, 60.12, 59.62, 59.96, 60.96, 2.59, 2.57, 2.54, 2.57, 2.64, 22.87, 22.87, 22.81, 21.21, 21.21, 1.11, 1.01, 1.07, 1.07, 1.04, 10.97, 10.91, 10.91, 10.94, 10.82, 1.64, 1.09, 1.09, 1.08, 1.11]
  Objective : 59.045

[EVALUATION 583]
  Date/time : 2026-05-20 12:30:32
  x         : [230.93, 60.80, 60.88, 59.62, 59.96, 60.96, 2.59, 2.57, 2.54, 2.57, 2.64, 22.87, 22.87, 22.81, 21.21, 21.21, 1.11, 1.01, 1.07, 1.07, 1.04, 10.97, 10.91, 10.91, 10.94, 10.82, 1.64, 1.09, 1.09, 1.08, 1.11]
  Objective : 59.044

[EVALUATION 584]
  Date/time : 2026-05-20 12:30:38
  x         : [230.93, 60.80, 60.12, 60.38, 59.96, 60.96, 2.59, 2.57, 2.54, 2.57, 2.64, 22.87, 22.87, 22.81, 21.21, 21.21, 1.11, 1.01, 1.07, 1.07, 1.04, 10.97, 10.91, 10.91, 10.94, 10.82, 1.64, 1.09, 1.09, 1.08, 1.11]
  Objective : 59.043

[EVALUATION 585]
  Date/time : 2026-05-20 12:30:43
  x         : [230.93, 60.80, 60.12, 59.62, 60.72, 60.96, 2.59, 2.57, 2.54, 2.57, 2.64, 22.87, 22.87, 22.81, 21.21, 21.21, 1.11, 1.01, 1.07, 1.07, 1.04, 10.97, 10.91, 10.91, 10.94, 10.82, 1.64, 1.09, 1.09, 1.08, 1.11]
  Objective : 59.044

[EVALUATION 586]
  Date/time : 2026-05-20 12:30:49
  x         : [230.93, 60.80, 60.12, 59.62, 59.96, 61.72, 2.59, 2.57, 2.54, 2.57, 2.64, 22.87, 22.87, 22.81, 21.21, 21.21, 1.11, 1.01, 1.07, 1.07, 1.04, 10.97, 10.91, 10.91, 10.94, 10.82, 1.64, 1.09, 1.09, 1.08, 1.11]
  Objective : 59.048

[EVALUATION 587]
  Date/time : 2026-05-20 12:30:54
  x         : [230.93, 60.80, 60.12, 59.62, 59.96, 60.96, 2.62, 2.57, 2.54, 2.57, 2.64, 22.87, 22.87, 22.81, 21.21, 21.21, 1.11, 1.01, 1.07, 1.07, 1.04, 10.97, 10.91, 10.91, 10.94, 10.82, 1.64, 1.09, 1.09, 1.08, 1.11]
  Objective : 59.027

[EVALUATION 588]
  Date/time : 2026-05-20 12:31:00
  x         : [230.93, 60.80, 60.12, 59.62, 59.96, 60.96, 2.59, 2.60, 2.54, 2.57, 2.64, 22.87, 22.87, 22.81, 21.21, 21.21, 1.11, 1.01, 1.07, 1.07, 1.04, 10.97, 10.91, 10.91, 10.94, 10.82, 1.64, 1.09, 1.09, 1.08, 1.11]
  Objective : 59.026

[EVALUATION 589]
  Date/time : 2026-05-20 12:31:05
  x         : [230.93, 60.80, 60.12, 59.62, 59.96, 60.96, 2.59, 2.57, 2.57, 2.57, 2.64, 22.87, 22.87, 22.81, 21.21, 21.21, 1.11, 1.01, 1.07, 1.07, 1.04, 10.97, 10.91, 10.91, 10.94, 10.82, 1.64, 1.09, 1.09, 1.08, 1.11]
  Objective : 59.025

[EVALUATION 590]
  Date/time : 2026-05-20 12:31:11
  x         : [230.93, 60.80, 60.12, 59.62, 59.96, 60.96, 2.59, 2.57, 2.54, 2.60, 2.64, 22.87, 22.87, 22.81, 21.21, 21.21, 1.11, 1.01, 1.07, 1.07, 1.04, 10.97, 10.91, 10.91, 10.94, 10.82, 1.64, 1.09, 1.09, 1.08, 1.11]
  Objective : 59.025

[EVALUATION 591]
  Date/time : 2026-05-20 12:31:16
  x         : [230.93, 60.80, 60.12, 59.62, 59.96, 60.96, 2.59, 2.57, 2.54, 2.57, 2.67, 22.87, 22.87, 22.81, 21.21, 21.21, 1.11, 1.01, 1.07, 1.07, 1.04, 10.97, 10.91, 10.91, 10.94, 10.82, 1.64, 1.09, 1.09, 1.08, 1.11]
  Objective : 59.028

[EVALUATION 592]
  Date/time : 2026-05-20 12:31:22
  x         : [230.93, 60.80, 60.12, 59.62, 59.96, 60.96, 2.59, 2.57, 2.54, 2.57, 2.64, 23.14, 22.87, 22.81, 21.21, 21.21, 1.11, 1.01, 1.07, 1.07, 1.04, 10.97, 10.91, 10.91, 10.94, 10.82, 1.64, 1.09, 1.09, 1.08, 1.11]
  Objective : 58.954

[EVALUATION 593]
  Date/time : 2026-05-20 12:31:27
  x         : [230.93, 60.80, 60.12, 59.62, 59.96, 60.96, 2.59, 2.57, 2.54, 2.57, 2.64, 22.87, 23.14, 22.81, 21.21, 21.21, 1.11, 1.01, 1.07, 1.07, 1.04, 10.97, 10.91, 10.91, 10.94, 10.82, 1.64, 1.09, 1.09, 1.08, 1.11]
  Objective : 58.951

[EVALUATION 594]
  Date/time : 2026-05-20 12:31:34
  x         : [230.93, 60.80, 60.12, 59.62, 59.96, 60.96, 2.59, 2.57, 2.54, 2.57, 2.64, 22.87, 22.87, 23.08, 21.21, 21.21, 1.11, 1.01, 1.07, 1.07, 1.04, 10.97, 10.91, 10.91, 10.94, 10.82, 1.64, 1.09, 1.09, 1.08, 1.11]
  Objective : 58.953

[EVALUATION 595]
  Date/time : 2026-05-20 12:31:39
  x         : [230.93, 60.80, 60.12, 59.62, 59.96, 60.96, 2.59, 2.57, 2.54, 2.57, 2.64, 22.87, 22.87, 22.81, 21.48, 21.21, 1.11, 1.01, 1.07, 1.07, 1.04, 10.97, 10.91, 10.91, 10.94, 10.82, 1.64, 1.09, 1.09, 1.08, 1.11]
  Objective : 58.953

[EVALUATION 596]
  Date/time : 2026-05-20 12:31:45
  x         : [230.93, 60.80, 60.12, 59.62, 59.96, 60.96, 2.59, 2.57, 2.54, 2.57, 2.64, 22.87, 22.87, 22.81, 21.21, 21.48, 1.11, 1.01, 1.07, 1.07, 1.04, 10.97, 10.91, 10.91, 10.94, 10.82, 1.64, 1.09, 1.09, 1.08, 1.11]
  Objective : 58.952

[EVALUATION 597]
  Date/time : 2026-05-20 12:31:51
  x         : [230.93, 60.80, 60.12, 59.62, 59.96, 60.96, 2.59, 2.57, 2.54, 2.57, 2.64, 22.87, 22.87, 22.81, 21.21, 21.21, 1.14, 1.01, 1.07, 1.07, 1.04, 10.97, 10.91, 10.91, 10.94, 10.82, 1.64, 1.09, 1.09, 1.08, 1.11]
  Objective : 58.969

[EVALUATION 598]
  Date/time : 2026-05-20 12:31:56
  x         : [230.93, 60.80, 60.12, 59.62, 59.96, 60.96, 2.59, 2.57, 2.54, 2.57, 2.64, 22.87, 22.87, 22.81, 21.21, 21.21, 1.11, 1.04, 1.07, 1.07, 1.04, 10.97, 10.91, 10.91, 10.94, 10.82, 1.64, 1.09, 1.09, 1.08, 1.11]
  Objective : 58.969

[EVALUATION 599]
  Date/time : 2026-05-20 12:32:02
  x         : [230.93, 60.80, 60.12, 59.62, 59.96, 60.96, 2.59, 2.57, 2.54, 2.57, 2.64, 22.87, 22.87, 22.81, 21.21, 21.21, 1.11, 1.01, 1.10, 1.07, 1.04, 10.97, 10.91, 10.91, 10.94, 10.82, 1.64, 1.09, 1.09, 1.08, 1.11]
  Objective : 58.969

[EVALUATION 600]
  Date/time : 2026-05-20 12:32:08
  x         : [230.93, 60.80, 60.12, 59.62, 59.96, 60.96, 2.59, 2.57, 2.54, 2.57, 2.64, 22.87, 22.87, 22.81, 21.21, 21.21, 1.11, 1.01, 1.07, 1.10, 1.04, 10.97, 10.91, 10.91, 10.94, 10.82, 1.64, 1.09, 1.09, 1.08, 1.11]
  Objective : 58.966

[EVALUATION 601]
  Date/time : 2026-05-20 12:32:13
  x         : [230.93, 60.80, 60.12, 59.62, 59.96, 60.96, 2.59, 2.57, 2.54, 2.57, 2.64, 22.87, 22.87, 22.81, 21.21, 21.21, 1.11, 1.01, 1.07, 1.07, 1.07, 10.97, 10.91, 10.91, 10.94, 10.82, 1.64, 1.09, 1.09, 1.08, 1.11]
  Objective : 58.966

[EVALUATION 602]
  Date/time : 2026-05-20 12:32:19
  x         : [230.93, 60.80, 60.12, 59.62, 59.96, 60.96, 2.59, 2.57, 2.54, 2.57, 2.64, 22.87, 22.87, 22.81, 21.21, 21.21, 1.11, 1.01, 1.07, 1.07, 1.04, 11.24, 10.91, 10.91, 10.94, 10.82, 1.64, 1.09, 1.09, 1.08, 1.11]
  Objective : 58.959

[EVALUATION 603]
  Date/time : 2026-05-20 12:32:24
  x         : [230.93, 60.80, 60.12, 59.62, 59.96, 60.96, 2.59, 2.57, 2.54, 2.57, 2.64, 22.87, 22.87, 22.81, 21.21, 21.21, 1.11, 1.01, 1.07, 1.07, 1.04, 10.97, 11.17, 10.91, 10.94, 10.82, 1.64, 1.09, 1.09, 1.08, 1.11]
  Objective : 58.948

[EVALUATION 604]
  Date/time : 2026-05-20 12:32:30
  x         : [230.93, 60.80, 60.12, 59.62, 59.96, 60.96, 2.59, 2.57, 2.54, 2.57, 2.64, 22.87, 22.87, 22.81, 21.21, 21.21, 1.11, 1.01, 1.07, 1.07, 1.04, 10.97, 10.91, 11.17, 10.94, 10.82, 1.64, 1.09, 1.09, 1.08, 1.11]
  Objective : 58.948

[EVALUATION 605]
  Date/time : 2026-05-20 12:32:36
  x         : [230.93, 60.80, 60.12, 59.62, 59.96, 60.96, 2.59, 2.57, 2.54, 2.57, 2.64, 22.87, 22.87, 22.81, 21.21, 21.21, 1.11, 1.01, 1.07, 1.07, 1.04, 10.97, 10.91, 10.91, 11.21, 10.82, 1.64, 1.09, 1.09, 1.08, 1.11]
  Objective : 58.948

[EVALUATION 606]
  Date/time : 2026-05-20 12:32:42
  x         : [230.93, 60.80, 60.12, 59.62, 59.96, 60.96, 2.59, 2.57, 2.54, 2.57, 2.64, 22.87, 22.87, 22.81, 21.21, 21.21, 1.11, 1.01, 1.07, 1.07, 1.04, 10.97, 10.91, 10.91, 10.94, 11.08, 1.64, 1.09, 1.09, 1.08, 1.11]
  Objective : 58.949

[EVALUATION 607]
  Date/time : 2026-05-20 12:32:47
  x         : [230.93, 60.80, 60.12, 59.62, 59.96, 60.96, 2.59, 2.57, 2.54, 2.57, 2.64, 22.87, 22.87, 22.81, 21.21, 21.21, 1.11, 1.01, 1.07, 1.07, 1.04, 10.97, 10.91, 10.91, 10.94, 10.82, 1.67, 1.09, 1.09, 1.08, 1.11]
  Objective : 58.940

[EVALUATION 608]
  Date/time : 2026-05-20 12:32:53
  x         : [230.93, 60.80, 60.12, 59.62, 59.96, 60.96, 2.59, 2.57, 2.54, 2.57, 2.64, 22.87, 22.87, 22.81, 21.21, 21.21, 1.11, 1.01, 1.07, 1.07, 1.04, 10.97, 10.91, 10.91, 10.94, 10.82, 1.64, 1.11, 1.09, 1.08, 1.11]
  Objective : 58.942

[EVALUATION 609]
  Date/time : 2026-05-20 12:32:58
  x         : [230.93, 60.80, 60.12, 59.62, 59.96, 60.96, 2.59, 2.57, 2.54, 2.57, 2.64, 22.87, 22.87, 22.81, 21.21, 21.21, 1.11, 1.01, 1.07, 1.07, 1.04, 10.97, 10.91, 10.91, 10.94, 10.82, 1.64, 1.09, 1.11, 1.08, 1.11]
  Objective : 58.942

[EVALUATION 610]
  Date/time : 2026-05-20 12:33:04
  x         : [230.93, 60.80, 60.12, 59.62, 59.96, 60.96, 2.59, 2.57, 2.54, 2.57, 2.64, 22.87, 22.87, 22.81, 21.21, 21.21, 1.11, 1.01, 1.07, 1.07, 1.04, 10.97, 10.91, 10.91, 10.94, 10.82, 1.64, 1.09, 1.09, 1.10, 1.11]
  Objective : 58.942

[EVALUATION 611]
  Date/time : 2026-05-20 12:33:10
  x         : [230.93, 60.80, 60.12, 59.62, 59.96, 60.96, 2.59, 2.57, 2.54, 2.57, 2.64, 22.87, 22.87, 22.81, 21.21, 21.21, 1.11, 1.01, 1.07, 1.07, 1.04, 10.97, 10.91, 10.91, 10.94, 10.82, 1.64, 1.09, 1.09, 1.08, 1.13]
  Objective : 58.941

[EVALUATION 612]
  Date/time : 2026-05-20 12:33:16
  x         : [230.15, 60.90, 60.15, 59.64, 59.98, 60.98, 2.59, 2.58, 2.55, 2.57, 2.64, 23.21, 23.21, 23.14, 21.24, 21.21, 1.12, 1.01, 1.07, 1.07, 1.04, 10.94, 10.92, 10.92, 10.94, 10.80, 1.63, 1.09, 1.09, 1.08, 1.10]
  Objective : 59.085

[ITERATION 20]
  Date/time : 2026-05-20 12:33:16
  x         : [230.149234,  60.895849,  60.147428,  59.640521,  59.982725,  60.984245,
   2.59136 ,   2.57845 ,   2.549492,   2.573428,   2.644229,  23.20854 ,
  23.20854 ,  23.144883,  21.237863,  21.20991 ,   1.117312,   1.011574,
   1.069817,   1.069817,   1.039203,  10.937247,  10.922164,  10.922164,
  10.944334,  10.804272,   1.633353,   1.088692,   1.088692,   1.078693,
   1.102877]

Util_LB     Column:    0.044  Brace:    0.006
Util_NF     Column:    0.678  Brace:    0.671
Util_S      Column:    0.028  Brace:    0.019
Util_T      Column:    0.055  Brace:    0.069
Util_BR     Column:    0.908  Brace:    0.901
Util_IN     Column:    1.015  Brace:    0.999
Util_BS_sig  Column:    N/A    Brace:    1.000
Util_BS_defl  Column:    N/A    Brace:    0.363
[EVALUATION 613]
  Date/time : 2026-05-20 12:33:21
  x         : [232.17, 60.90, 60.15, 59.64, 59.98, 60.98, 2.59, 2.58, 2.55, 2.57, 2.64, 23.21, 23.21, 23.14, 21.24, 21.21, 1.12, 1.01, 1.07, 1.07, 1.04, 10.94, 10.92, 10.92, 10.94, 10.80, 1.63, 1.09, 1.09, 1.08, 1.10]
  Objective : 59.197

[EVALUATION 614]
  Date/time : 2026-05-20 12:33:27
  x         : [230.15, 61.66, 60.15, 59.64, 59.98, 60.98, 2.59, 2.58, 2.55, 2.57, 2.64, 23.21, 23.21, 23.14, 21.24, 21.21, 1.12, 1.01, 1.07, 1.07, 1.04, 10.94, 10.92, 10.92, 10.94, 10.80, 1.63, 1.09, 1.09, 1.08, 1.10]
  Objective : 59.204

[EVALUATION 615]
  Date/time : 2026-05-20 12:33:33
  x         : [230.15, 60.90, 60.91, 59.64, 59.98, 60.98, 2.59, 2.58, 2.55, 2.57, 2.64, 23.21, 23.21, 23.14, 21.24, 21.21, 1.12, 1.01, 1.07, 1.07, 1.04, 10.94, 10.92, 10.92, 10.94, 10.80, 1.63, 1.09, 1.09, 1.08, 1.10]
  Objective : 59.203

[EVALUATION 616]
  Date/time : 2026-05-20 12:33:38
  x         : [230.15, 60.90, 60.15, 60.40, 59.98, 60.98, 2.59, 2.58, 2.55, 2.57, 2.64, 23.21, 23.21, 23.14, 21.24, 21.21, 1.12, 1.01, 1.07, 1.07, 1.04, 10.94, 10.92, 10.92, 10.94, 10.80, 1.63, 1.09, 1.09, 1.08, 1.10]
  Objective : 59.201

[EVALUATION 617]
  Date/time : 2026-05-20 12:33:44
  x         : [230.15, 60.90, 60.15, 59.64, 60.74, 60.98, 2.59, 2.58, 2.55, 2.57, 2.64, 23.21, 23.21, 23.14, 21.24, 21.21, 1.12, 1.01, 1.07, 1.07, 1.04, 10.94, 10.92, 10.92, 10.94, 10.80, 1.63, 1.09, 1.09, 1.08, 1.10]
  Objective : 59.203

[EVALUATION 618]
  Date/time : 2026-05-20 12:33:49
  x         : [230.15, 60.90, 60.15, 59.64, 59.98, 61.75, 2.59, 2.58, 2.55, 2.57, 2.64, 23.21, 23.21, 23.14, 21.24, 21.21, 1.12, 1.01, 1.07, 1.07, 1.04, 10.94, 10.92, 10.92, 10.94, 10.80, 1.63, 1.09, 1.09, 1.08, 1.10]
  Objective : 59.207

[EVALUATION 619]
  Date/time : 2026-05-20 12:33:55
  x         : [230.15, 60.90, 60.15, 59.64, 59.98, 60.98, 2.62, 2.58, 2.55, 2.57, 2.64, 23.21, 23.21, 23.14, 21.24, 21.21, 1.12, 1.01, 1.07, 1.07, 1.04, 10.94, 10.92, 10.92, 10.94, 10.80, 1.63, 1.09, 1.09, 1.08, 1.10]
  Objective : 59.186

[EVALUATION 620]
  Date/time : 2026-05-20 12:34:01
  x         : [230.15, 60.90, 60.15, 59.64, 59.98, 60.98, 2.59, 2.61, 2.55, 2.57, 2.64, 23.21, 23.21, 23.14, 21.24, 21.21, 1.12, 1.01, 1.07, 1.07, 1.04, 10.94, 10.92, 10.92, 10.94, 10.80, 1.63, 1.09, 1.09, 1.08, 1.10]
  Objective : 59.184

[EVALUATION 621]
  Date/time : 2026-05-20 12:34:06
  x         : [230.15, 60.90, 60.15, 59.64, 59.98, 60.98, 2.59, 2.58, 2.58, 2.57, 2.64, 23.21, 23.21, 23.14, 21.24, 21.21, 1.12, 1.01, 1.07, 1.07, 1.04, 10.94, 10.92, 10.92, 10.94, 10.80, 1.63, 1.09, 1.09, 1.08, 1.10]
  Objective : 59.183

[EVALUATION 622]
  Date/time : 2026-05-20 12:34:12
  x         : [230.15, 60.90, 60.15, 59.64, 59.98, 60.98, 2.59, 2.58, 2.55, 2.60, 2.64, 23.21, 23.21, 23.14, 21.24, 21.21, 1.12, 1.01, 1.07, 1.07, 1.04, 10.94, 10.92, 10.92, 10.94, 10.80, 1.63, 1.09, 1.09, 1.08, 1.10]
  Objective : 59.184

[EVALUATION 623]
  Date/time : 2026-05-20 12:34:17
  x         : [230.15, 60.90, 60.15, 59.64, 59.98, 60.98, 2.59, 2.58, 2.55, 2.57, 2.67, 23.21, 23.21, 23.14, 21.24, 21.21, 1.12, 1.01, 1.07, 1.07, 1.04, 10.94, 10.92, 10.92, 10.94, 10.80, 1.63, 1.09, 1.09, 1.08, 1.10]
  Objective : 59.186

[EVALUATION 624]
  Date/time : 2026-05-20 12:34:23
  x         : [230.15, 60.90, 60.15, 59.64, 59.98, 60.98, 2.59, 2.58, 2.55, 2.57, 2.64, 23.48, 23.21, 23.14, 21.24, 21.21, 1.12, 1.01, 1.07, 1.07, 1.04, 10.94, 10.92, 10.92, 10.94, 10.80, 1.63, 1.09, 1.09, 1.08, 1.10]
  Objective : 59.112

[EVALUATION 625]
  Date/time : 2026-05-20 12:34:29
  x         : [230.15, 60.90, 60.15, 59.64, 59.98, 60.98, 2.59, 2.58, 2.55, 2.57, 2.64, 23.21, 23.48, 23.14, 21.24, 21.21, 1.12, 1.01, 1.07, 1.07, 1.04, 10.94, 10.92, 10.92, 10.94, 10.80, 1.63, 1.09, 1.09, 1.08, 1.10]
  Objective : 59.109

[EVALUATION 626]
  Date/time : 2026-05-20 12:34:34
  x         : [230.15, 60.90, 60.15, 59.64, 59.98, 60.98, 2.59, 2.58, 2.55, 2.57, 2.64, 23.21, 23.21, 23.41, 21.24, 21.21, 1.12, 1.01, 1.07, 1.07, 1.04, 10.94, 10.92, 10.92, 10.94, 10.80, 1.63, 1.09, 1.09, 1.08, 1.10]
  Objective : 59.111

[EVALUATION 627]
  Date/time : 2026-05-20 12:34:40
  x         : [230.15, 60.90, 60.15, 59.64, 59.98, 60.98, 2.59, 2.58, 2.55, 2.57, 2.64, 23.21, 23.21, 23.14, 21.51, 21.21, 1.12, 1.01, 1.07, 1.07, 1.04, 10.94, 10.92, 10.92, 10.94, 10.80, 1.63, 1.09, 1.09, 1.08, 1.10]
  Objective : 59.111

[EVALUATION 628]
  Date/time : 2026-05-20 12:34:45
  x         : [230.15, 60.90, 60.15, 59.64, 59.98, 60.98, 2.59, 2.58, 2.55, 2.57, 2.64, 23.21, 23.21, 23.14, 21.24, 21.48, 1.12, 1.01, 1.07, 1.07, 1.04, 10.94, 10.92, 10.92, 10.94, 10.80, 1.63, 1.09, 1.09, 1.08, 1.10]
  Objective : 59.110

[EVALUATION 629]
  Date/time : 2026-05-20 12:34:51
  x         : [230.15, 60.90, 60.15, 59.64, 59.98, 60.98, 2.59, 2.58, 2.55, 2.57, 2.64, 23.21, 23.21, 23.14, 21.24, 21.21, 1.14, 1.01, 1.07, 1.07, 1.04, 10.94, 10.92, 10.92, 10.94, 10.80, 1.63, 1.09, 1.09, 1.08, 1.10]
  Objective : 59.128

[EVALUATION 630]
  Date/time : 2026-05-20 12:34:56
  x         : [230.15, 60.90, 60.15, 59.64, 59.98, 60.98, 2.59, 2.58, 2.55, 2.57, 2.64, 23.21, 23.21, 23.14, 21.24, 21.21, 1.12, 1.03, 1.07, 1.07, 1.04, 10.94, 10.92, 10.92, 10.94, 10.80, 1.63, 1.09, 1.09, 1.08, 1.10]
  Objective : 59.128

[EVALUATION 631]
  Date/time : 2026-05-20 12:35:02
  x         : [230.15, 60.90, 60.15, 59.64, 59.98, 60.98, 2.59, 2.58, 2.55, 2.57, 2.64, 23.21, 23.21, 23.14, 21.24, 21.21, 1.12, 1.01, 1.09, 1.07, 1.04, 10.94, 10.92, 10.92, 10.94, 10.80, 1.63, 1.09, 1.09, 1.08, 1.10]
  Objective : 59.128

[EVALUATION 632]
  Date/time : 2026-05-20 12:35:08
  x         : [230.15, 60.90, 60.15, 59.64, 59.98, 60.98, 2.59, 2.58, 2.55, 2.57, 2.64, 23.21, 23.21, 23.14, 21.24, 21.21, 1.12, 1.01, 1.07, 1.09, 1.04, 10.94, 10.92, 10.92, 10.94, 10.80, 1.63, 1.09, 1.09, 1.08, 1.10]
  Objective : 59.124

[EVALUATION 633]
  Date/time : 2026-05-20 12:35:13
  x         : [230.15, 60.90, 60.15, 59.64, 59.98, 60.98, 2.59, 2.58, 2.55, 2.57, 2.64, 23.21, 23.21, 23.14, 21.24, 21.21, 1.12, 1.01, 1.07, 1.07, 1.06, 10.94, 10.92, 10.92, 10.94, 10.80, 1.63, 1.09, 1.09, 1.08, 1.10]
  Objective : 59.124

[EVALUATION 634]
  Date/time : 2026-05-20 12:35:19
  x         : [230.15, 60.90, 60.15, 59.64, 59.98, 60.98, 2.59, 2.58, 2.55, 2.57, 2.64, 23.21, 23.21, 23.14, 21.24, 21.21, 1.12, 1.01, 1.07, 1.07, 1.04, 11.21, 10.92, 10.92, 10.94, 10.80, 1.63, 1.09, 1.09, 1.08, 1.10]
  Objective : 59.117

[EVALUATION 635]
  Date/time : 2026-05-20 12:35:24
  x         : [230.15, 60.90, 60.15, 59.64, 59.98, 60.98, 2.59, 2.58, 2.55, 2.57, 2.64, 23.21, 23.21, 23.14, 21.24, 21.21, 1.12, 1.01, 1.07, 1.07, 1.04, 10.94, 11.19, 10.92, 10.94, 10.80, 1.63, 1.09, 1.09, 1.08, 1.10]
  Objective : 59.107

[EVALUATION 636]
  Date/time : 2026-05-20 12:35:30
  x         : [230.15, 60.90, 60.15, 59.64, 59.98, 60.98, 2.59, 2.58, 2.55, 2.57, 2.64, 23.21, 23.21, 23.14, 21.24, 21.21, 1.12, 1.01, 1.07, 1.07, 1.04, 10.94, 10.92, 11.19, 10.94, 10.80, 1.63, 1.09, 1.09, 1.08, 1.10]
  Objective : 59.107

[EVALUATION 637]
  Date/time : 2026-05-20 12:35:35
  x         : [230.15, 60.90, 60.15, 59.64, 59.98, 60.98, 2.59, 2.58, 2.55, 2.57, 2.64, 23.21, 23.21, 23.14, 21.24, 21.21, 1.12, 1.01, 1.07, 1.07, 1.04, 10.94, 10.92, 10.92, 11.21, 10.80, 1.63, 1.09, 1.09, 1.08, 1.10]
  Objective : 59.106

[EVALUATION 638]
  Date/time : 2026-05-20 12:35:41
  x         : [230.15, 60.90, 60.15, 59.64, 59.98, 60.98, 2.59, 2.58, 2.55, 2.57, 2.64, 23.21, 23.21, 23.14, 21.24, 21.21, 1.12, 1.01, 1.07, 1.07, 1.04, 10.94, 10.92, 10.92, 10.94, 11.07, 1.63, 1.09, 1.09, 1.08, 1.10]
  Objective : 59.107

[EVALUATION 639]
  Date/time : 2026-05-20 12:35:47
  x         : [230.15, 60.90, 60.15, 59.64, 59.98, 60.98, 2.59, 2.58, 2.55, 2.57, 2.64, 23.21, 23.21, 23.14, 21.24, 21.21, 1.12, 1.01, 1.07, 1.07, 1.04, 10.94, 10.92, 10.92, 10.94, 10.80, 1.66, 1.09, 1.09, 1.08, 1.10]
  Objective : 59.098

[EVALUATION 640]
  Date/time : 2026-05-20 12:35:52
  x         : [230.15, 60.90, 60.15, 59.64, 59.98, 60.98, 2.59, 2.58, 2.55, 2.57, 2.64, 23.21, 23.21, 23.14, 21.24, 21.21, 1.12, 1.01, 1.07, 1.07, 1.04, 10.94, 10.92, 10.92, 10.94, 10.80, 1.63, 1.11, 1.09, 1.08, 1.10]
  Objective : 59.100

[EVALUATION 641]
  Date/time : 2026-05-20 12:35:58
  x         : [230.15, 60.90, 60.15, 59.64, 59.98, 60.98, 2.59, 2.58, 2.55, 2.57, 2.64, 23.21, 23.21, 23.14, 21.24, 21.21, 1.12, 1.01, 1.07, 1.07, 1.04, 10.94, 10.92, 10.92, 10.94, 10.80, 1.63, 1.09, 1.11, 1.08, 1.10]
  Objective : 59.100

[EVALUATION 642]
  Date/time : 2026-05-20 12:36:04
  x         : [230.15, 60.90, 60.15, 59.64, 59.98, 60.98, 2.59, 2.58, 2.55, 2.57, 2.64, 23.21, 23.21, 23.14, 21.24, 21.21, 1.12, 1.01, 1.07, 1.07, 1.04, 10.94, 10.92, 10.92, 10.94, 10.80, 1.63, 1.09, 1.09, 1.10, 1.10]
  Objective : 59.100

[EVALUATION 643]
  Date/time : 2026-05-20 12:36:09
  x         : [230.15, 60.90, 60.15, 59.64, 59.98, 60.98, 2.59, 2.58, 2.55, 2.57, 2.64, 23.21, 23.21, 23.14, 21.24, 21.21, 1.12, 1.01, 1.07, 1.07, 1.04, 10.94, 10.92, 10.92, 10.94, 10.80, 1.63, 1.09, 1.09, 1.08, 1.13]
  Objective : 59.100

[EVALUATION 644]
  Date/time : 2026-05-20 12:36:15
  x         : [229.30, 61.00, 60.18, 59.67, 60.01, 61.01, 2.60, 2.58, 2.55, 2.58, 2.65, 23.58, 23.58, 23.51, 21.25, 21.21, 1.12, 1.01, 1.07, 1.07, 1.04, 10.90, 10.94, 10.94, 10.95, 10.79, 1.62, 1.09, 1.09, 1.08, 1.10]
  Objective : 59.256

[ITERATION 21]
  Date/time : 2026-05-20 12:36:15
  x         : [229.295207,  61.002581,  60.175157,  59.666413,  60.009703,  61.01459 ,
   2.595907,   2.584379,   2.554528,   2.579107,   2.653168,  23.576048,
  23.576048,  23.512391,  21.253552,  21.208183,   1.121347,   1.009248,
   1.066647,   1.066647,   1.035011,  10.896503,  10.940684,  10.940684,
  10.950266,  10.793287,   1.620672,   1.092727,   1.092727,   1.080134,
   1.099707]

Util_LB     Column:    0.044  Brace:    0.006
Util_NF     Column:    0.679  Brace:    0.671
Util_S      Column:    0.028  Brace:    0.019
Util_T      Column:    0.055  Brace:    0.070
Util_BR     Column:    0.906  Brace:    0.899
Util_IN     Column:    1.012  Brace:    0.999
Util_BS_sig  Column:    N/A    Brace:    1.000
Util_BS_defl  Column:    N/A    Brace:    0.362
[EVALUATION 645]
  Date/time : 2026-05-20 12:36:21
  x         : [231.32, 61.00, 60.18, 59.67, 60.01, 61.01, 2.60, 2.58, 2.55, 2.58, 2.65, 23.58, 23.58, 23.51, 21.25, 21.21, 1.12, 1.01, 1.07, 1.07, 1.04, 10.90, 10.94, 10.94, 10.95, 10.79, 1.62, 1.09, 1.09, 1.08, 1.10]
  Objective : 59.369

[EVALUATION 646]
  Date/time : 2026-05-20 12:36:26
  x         : [229.30, 61.76, 60.18, 59.67, 60.01, 61.01, 2.60, 2.58, 2.55, 2.58, 2.65, 23.58, 23.58, 23.51, 21.25, 21.21, 1.12, 1.01, 1.07, 1.07, 1.04, 10.90, 10.94, 10.94, 10.95, 10.79, 1.62, 1.09, 1.09, 1.08, 1.10]
  Objective : 59.375

[EVALUATION 647]
  Date/time : 2026-05-20 12:36:32
  x         : [229.30, 61.00, 60.94, 59.67, 60.01, 61.01, 2.60, 2.58, 2.55, 2.58, 2.65, 23.58, 23.58, 23.51, 21.25, 21.21, 1.12, 1.01, 1.07, 1.07, 1.04, 10.90, 10.94, 10.94, 10.95, 10.79, 1.62, 1.09, 1.09, 1.08, 1.10]
  Objective : 59.374

[EVALUATION 648]
  Date/time : 2026-05-20 12:36:38
  x         : [229.30, 61.00, 60.18, 60.43, 60.01, 61.01, 2.60, 2.58, 2.55, 2.58, 2.65, 23.58, 23.58, 23.51, 21.25, 21.21, 1.12, 1.01, 1.07, 1.07, 1.04, 10.90, 10.94, 10.94, 10.95, 10.79, 1.62, 1.09, 1.09, 1.08, 1.10]
  Objective : 59.372

[EVALUATION 649]
  Date/time : 2026-05-20 12:36:43
  x         : [229.30, 61.00, 60.18, 59.67, 60.77, 61.01, 2.60, 2.58, 2.55, 2.58, 2.65, 23.58, 23.58, 23.51, 21.25, 21.21, 1.12, 1.01, 1.07, 1.07, 1.04, 10.90, 10.94, 10.94, 10.95, 10.79, 1.62, 1.09, 1.09, 1.08, 1.10]
  Objective : 59.374

[EVALUATION 650]
  Date/time : 2026-05-20 12:36:49
  x         : [229.30, 61.00, 60.18, 59.67, 60.01, 61.78, 2.60, 2.58, 2.55, 2.58, 2.65, 23.58, 23.58, 23.51, 21.25, 21.21, 1.12, 1.01, 1.07, 1.07, 1.04, 10.90, 10.94, 10.94, 10.95, 10.79, 1.62, 1.09, 1.09, 1.08, 1.10]
  Objective : 59.378

[EVALUATION 651]
  Date/time : 2026-05-20 12:36:54
  x         : [229.30, 61.00, 60.18, 59.67, 60.01, 61.01, 2.63, 2.58, 2.55, 2.58, 2.65, 23.58, 23.58, 23.51, 21.25, 21.21, 1.12, 1.01, 1.07, 1.07, 1.04, 10.90, 10.94, 10.94, 10.95, 10.79, 1.62, 1.09, 1.09, 1.08, 1.10]
  Objective : 59.356

[EVALUATION 652]
  Date/time : 2026-05-20 12:37:00
  x         : [229.30, 61.00, 60.18, 59.67, 60.01, 61.01, 2.60, 2.61, 2.55, 2.58, 2.65, 23.58, 23.58, 23.51, 21.25, 21.21, 1.12, 1.01, 1.07, 1.07, 1.04, 10.90, 10.94, 10.94, 10.95, 10.79, 1.62, 1.09, 1.09, 1.08, 1.10]
  Objective : 59.355

[EVALUATION 653]
  Date/time : 2026-05-20 12:37:05
  x         : [229.30, 61.00, 60.18, 59.67, 60.01, 61.01, 2.60, 2.58, 2.58, 2.58, 2.65, 23.58, 23.58, 23.51, 21.25, 21.21, 1.12, 1.01, 1.07, 1.07, 1.04, 10.90, 10.94, 10.94, 10.95, 10.79, 1.62, 1.09, 1.09, 1.08, 1.10]
  Objective : 59.354

[EVALUATION 654]
  Date/time : 2026-05-20 12:37:11
  x         : [229.30, 61.00, 60.18, 59.67, 60.01, 61.01, 2.60, 2.58, 2.55, 2.61, 2.65, 23.58, 23.58, 23.51, 21.25, 21.21, 1.12, 1.01, 1.07, 1.07, 1.04, 10.90, 10.94, 10.94, 10.95, 10.79, 1.62, 1.09, 1.09, 1.08, 1.10]
  Objective : 59.355

[EVALUATION 655]
  Date/time : 2026-05-20 12:37:17
  x         : [229.30, 61.00, 60.18, 59.67, 60.01, 61.01, 2.60, 2.58, 2.55, 2.58, 2.68, 23.58, 23.58, 23.51, 21.25, 21.21, 1.12, 1.01, 1.07, 1.07, 1.04, 10.90, 10.94, 10.94, 10.95, 10.79, 1.62, 1.09, 1.09, 1.08, 1.10]
  Objective : 59.357

[EVALUATION 656]
  Date/time : 2026-05-20 12:37:22
  x         : [229.30, 61.00, 60.18, 59.67, 60.01, 61.01, 2.60, 2.58, 2.55, 2.58, 2.65, 23.85, 23.58, 23.51, 21.25, 21.21, 1.12, 1.01, 1.07, 1.07, 1.04, 10.90, 10.94, 10.94, 10.95, 10.79, 1.62, 1.09, 1.09, 1.08, 1.10]
  Objective : 59.283

[EVALUATION 657]
  Date/time : 2026-05-20 12:37:28
  x         : [229.30, 61.00, 60.18, 59.67, 60.01, 61.01, 2.60, 2.58, 2.55, 2.58, 2.65, 23.58, 23.85, 23.51, 21.25, 21.21, 1.12, 1.01, 1.07, 1.07, 1.04, 10.90, 10.94, 10.94, 10.95, 10.79, 1.62, 1.09, 1.09, 1.08, 1.10]
  Objective : 59.280

[EVALUATION 658]
  Date/time : 2026-05-20 12:37:34
  x         : [229.30, 61.00, 60.18, 59.67, 60.01, 61.01, 2.60, 2.58, 2.55, 2.58, 2.65, 23.58, 23.58, 23.78, 21.25, 21.21, 1.12, 1.01, 1.07, 1.07, 1.04, 10.90, 10.94, 10.94, 10.95, 10.79, 1.62, 1.09, 1.09, 1.08, 1.10]
  Objective : 59.281

[EVALUATION 659]
  Date/time : 2026-05-20 12:37:39
  x         : [229.30, 61.00, 60.18, 59.67, 60.01, 61.01, 2.60, 2.58, 2.55, 2.58, 2.65, 23.58, 23.58, 23.51, 21.52, 21.21, 1.12, 1.01, 1.07, 1.07, 1.04, 10.90, 10.94, 10.94, 10.95, 10.79, 1.62, 1.09, 1.09, 1.08, 1.10]
  Objective : 59.281

[EVALUATION 660]
  Date/time : 2026-05-20 12:37:45
  x         : [229.30, 61.00, 60.18, 59.67, 60.01, 61.01, 2.60, 2.58, 2.55, 2.58, 2.65, 23.58, 23.58, 23.51, 21.25, 21.48, 1.12, 1.01, 1.07, 1.07, 1.04, 10.90, 10.94, 10.94, 10.95, 10.79, 1.62, 1.09, 1.09, 1.08, 1.10]
  Objective : 59.281

[EVALUATION 661]
  Date/time : 2026-05-20 12:37:50
  x         : [229.30, 61.00, 60.18, 59.67, 60.01, 61.01, 2.60, 2.58, 2.55, 2.58, 2.65, 23.58, 23.58, 23.51, 21.25, 21.21, 1.14, 1.01, 1.07, 1.07, 1.04, 10.90, 10.94, 10.94, 10.95, 10.79, 1.62, 1.09, 1.09, 1.08, 1.10]
  Objective : 59.299

[EVALUATION 662]
  Date/time : 2026-05-20 12:37:56
  x         : [229.30, 61.00, 60.18, 59.67, 60.01, 61.01, 2.60, 2.58, 2.55, 2.58, 2.65, 23.58, 23.58, 23.51, 21.25, 21.21, 1.12, 1.03, 1.07, 1.07, 1.04, 10.90, 10.94, 10.94, 10.95, 10.79, 1.62, 1.09, 1.09, 1.08, 1.10]
  Objective : 59.300

[EVALUATION 663]
  Date/time : 2026-05-20 12:38:01
  x         : [229.30, 61.00, 60.18, 59.67, 60.01, 61.01, 2.60, 2.58, 2.55, 2.58, 2.65, 23.58, 23.58, 23.51, 21.25, 21.21, 1.12, 1.01, 1.09, 1.07, 1.04, 10.90, 10.94, 10.94, 10.95, 10.79, 1.62, 1.09, 1.09, 1.08, 1.10]
  Objective : 59.299

[EVALUATION 664]
  Date/time : 2026-05-20 12:38:07
  x         : [229.30, 61.00, 60.18, 59.67, 60.01, 61.01, 2.60, 2.58, 2.55, 2.58, 2.65, 23.58, 23.58, 23.51, 21.25, 21.21, 1.12, 1.01, 1.07, 1.09, 1.04, 10.90, 10.94, 10.94, 10.95, 10.79, 1.62, 1.09, 1.09, 1.08, 1.10]
  Objective : 59.295

[EVALUATION 665]
  Date/time : 2026-05-20 12:38:13
  x         : [229.30, 61.00, 60.18, 59.67, 60.01, 61.01, 2.60, 2.58, 2.55, 2.58, 2.65, 23.58, 23.58, 23.51, 21.25, 21.21, 1.12, 1.01, 1.07, 1.07, 1.06, 10.90, 10.94, 10.94, 10.95, 10.79, 1.62, 1.09, 1.09, 1.08, 1.10]
  Objective : 59.295

[EVALUATION 666]
  Date/time : 2026-05-20 12:38:19
  x         : [229.30, 61.00, 60.18, 59.67, 60.01, 61.01, 2.60, 2.58, 2.55, 2.58, 2.65, 23.58, 23.58, 23.51, 21.25, 21.21, 1.12, 1.01, 1.07, 1.07, 1.04, 11.17, 10.94, 10.94, 10.95, 10.79, 1.62, 1.09, 1.09, 1.08, 1.10]
  Objective : 59.288

[EVALUATION 667]
  Date/time : 2026-05-20 12:38:24
  x         : [229.30, 61.00, 60.18, 59.67, 60.01, 61.01, 2.60, 2.58, 2.55, 2.58, 2.65, 23.58, 23.58, 23.51, 21.25, 21.21, 1.12, 1.01, 1.07, 1.07, 1.04, 10.90, 11.21, 10.94, 10.95, 10.79, 1.62, 1.09, 1.09, 1.08, 1.10]
  Objective : 59.277

[EVALUATION 668]
  Date/time : 2026-05-20 12:38:30
  x         : [229.30, 61.00, 60.18, 59.67, 60.01, 61.01, 2.60, 2.58, 2.55, 2.58, 2.65, 23.58, 23.58, 23.51, 21.25, 21.21, 1.12, 1.01, 1.07, 1.07, 1.04, 10.90, 10.94, 11.21, 10.95, 10.79, 1.62, 1.09, 1.09, 1.08, 1.10]
  Objective : 59.277

[EVALUATION 669]
  Date/time : 2026-05-20 12:38:36
  x         : [229.30, 61.00, 60.18, 59.67, 60.01, 61.01, 2.60, 2.58, 2.55, 2.58, 2.65, 23.58, 23.58, 23.51, 21.25, 21.21, 1.12, 1.01, 1.07, 1.07, 1.04, 10.90, 10.94, 10.94, 11.22, 10.79, 1.62, 1.09, 1.09, 1.08, 1.10]
  Objective : 59.277

[EVALUATION 670]
  Date/time : 2026-05-20 12:38:41
  x         : [229.30, 61.00, 60.18, 59.67, 60.01, 61.01, 2.60, 2.58, 2.55, 2.58, 2.65, 23.58, 23.58, 23.51, 21.25, 21.21, 1.12, 1.01, 1.07, 1.07, 1.04, 10.90, 10.94, 10.94, 10.95, 11.06, 1.62, 1.09, 1.09, 1.08, 1.10]
  Objective : 59.278

[EVALUATION 671]
  Date/time : 2026-05-20 12:38:47
  x         : [229.30, 61.00, 60.18, 59.67, 60.01, 61.01, 2.60, 2.58, 2.55, 2.58, 2.65, 23.58, 23.58, 23.51, 21.25, 21.21, 1.12, 1.01, 1.07, 1.07, 1.04, 10.90, 10.94, 10.94, 10.95, 10.79, 1.64, 1.09, 1.09, 1.08, 1.10]
  Objective : 59.269

[EVALUATION 672]
  Date/time : 2026-05-20 12:38:52
  x         : [229.30, 61.00, 60.18, 59.67, 60.01, 61.01, 2.60, 2.58, 2.55, 2.58, 2.65, 23.58, 23.58, 23.51, 21.25, 21.21, 1.12, 1.01, 1.07, 1.07, 1.04, 10.90, 10.94, 10.94, 10.95, 10.79, 1.62, 1.12, 1.09, 1.08, 1.10]
  Objective : 59.271

[EVALUATION 673]
  Date/time : 2026-05-20 12:38:58
  x         : [229.30, 61.00, 60.18, 59.67, 60.01, 61.01, 2.60, 2.58, 2.55, 2.58, 2.65, 23.58, 23.58, 23.51, 21.25, 21.21, 1.12, 1.01, 1.07, 1.07, 1.04, 10.90, 10.94, 10.94, 10.95, 10.79, 1.62, 1.09, 1.12, 1.08, 1.10]
  Objective : 59.271

[EVALUATION 674]
  Date/time : 2026-05-20 12:39:03
  x         : [229.30, 61.00, 60.18, 59.67, 60.01, 61.01, 2.60, 2.58, 2.55, 2.58, 2.65, 23.58, 23.58, 23.51, 21.25, 21.21, 1.12, 1.01, 1.07, 1.07, 1.04, 10.90, 10.94, 10.94, 10.95, 10.79, 1.62, 1.09, 1.09, 1.10, 1.10]
  Objective : 59.271

[EVALUATION 675]
  Date/time : 2026-05-20 12:39:09
  x         : [229.30, 61.00, 60.18, 59.67, 60.01, 61.01, 2.60, 2.58, 2.55, 2.58, 2.65, 23.58, 23.58, 23.51, 21.25, 21.21, 1.12, 1.01, 1.07, 1.07, 1.04, 10.90, 10.94, 10.94, 10.95, 10.79, 1.62, 1.09, 1.09, 1.08, 1.12]
  Objective : 59.270

[EVALUATION 676]
  Date/time : 2026-05-20 12:39:15
  x         : [228.36, 61.10, 60.21, 59.69, 60.04, 61.05, 2.60, 2.59, 2.56, 2.59, 2.66, 23.98, 23.98, 23.92, 21.27, 21.21, 1.12, 1.01, 1.06, 1.06, 1.03, 10.85, 10.96, 10.96, 10.96, 10.78, 1.61, 1.10, 1.10, 1.08, 1.10]
  Objective : 59.423

[ITERATION 22]
  Date/time : 2026-05-20 12:39:15
  x         : [228.355777,  61.099108,  60.205658,  59.694895,  60.039379,  61.04797 ,
   2.600908,   2.5909  ,   2.560066,   2.585353,   2.663001,  23.980307,
  23.980307,  23.91665 ,  21.270809,  21.206323,   1.116909,   1.00669 ,
   1.063159,   1.063159,   1.0304  ,  10.851685,  10.961056,  10.961056,
  10.95679 ,  10.784856,   1.606722,   1.097165,   1.097165,   1.081719,
   1.096219]

Util_LB     Column:    0.044  Brace:    0.006
Util_NF     Column:    0.679  Brace:    0.671
Util_S      Column:    0.028  Brace:    0.020
Util_T      Column:    0.055  Brace:    0.071
Util_BR     Column:    0.905  Brace:    0.896
Util_IN     Column:    1.008  Brace:    0.999
Util_BS_sig  Column:    N/A    Brace:    1.000
Util_BS_defl  Column:    N/A    Brace:    0.360
[EVALUATION 677]
  Date/time : 2026-05-20 12:39:20
  x         : [230.38, 61.10, 60.21, 59.69, 60.04, 61.05, 2.60, 2.59, 2.56, 2.59, 2.66, 23.98, 23.98, 23.92, 21.27, 21.21, 1.12, 1.01, 1.06, 1.06, 1.03, 10.85, 10.96, 10.96, 10.96, 10.78, 1.61, 1.10, 1.10, 1.08, 1.10]
  Objective : 59.537

[EVALUATION 678]
  Date/time : 2026-05-20 12:39:26
  x         : [228.36, 61.86, 60.21, 59.69, 60.04, 61.05, 2.60, 2.59, 2.56, 2.59, 2.66, 23.98, 23.98, 23.92, 21.27, 21.21, 1.12, 1.01, 1.06, 1.06, 1.03, 10.85, 10.96, 10.96, 10.96, 10.78, 1.61, 1.10, 1.10, 1.08, 1.10]
  Objective : 59.542

[EVALUATION 679]
  Date/time : 2026-05-20 12:39:32
  x         : [228.36, 61.10, 60.97, 59.69, 60.04, 61.05, 2.60, 2.59, 2.56, 2.59, 2.66, 23.98, 23.98, 23.92, 21.27, 21.21, 1.12, 1.01, 1.06, 1.06, 1.03, 10.85, 10.96, 10.96, 10.96, 10.78, 1.61, 1.10, 1.10, 1.08, 1.10]
  Objective : 59.541

[EVALUATION 680]
  Date/time : 2026-05-20 12:39:37
  x         : [228.36, 61.10, 60.21, 60.46, 60.04, 61.05, 2.60, 2.59, 2.56, 2.59, 2.66, 23.98, 23.98, 23.92, 21.27, 21.21, 1.12, 1.01, 1.06, 1.06, 1.03, 10.85, 10.96, 10.96, 10.96, 10.78, 1.61, 1.10, 1.10, 1.08, 1.10]
  Objective : 59.540

[EVALUATION 681]
  Date/time : 2026-05-20 12:39:43
  x         : [228.36, 61.10, 60.21, 59.69, 60.80, 61.05, 2.60, 2.59, 2.56, 2.59, 2.66, 23.98, 23.98, 23.92, 21.27, 21.21, 1.12, 1.01, 1.06, 1.06, 1.03, 10.85, 10.96, 10.96, 10.96, 10.78, 1.61, 1.10, 1.10, 1.08, 1.10]
  Objective : 59.541

[EVALUATION 682]
  Date/time : 2026-05-20 12:39:48
  x         : [228.36, 61.10, 60.21, 59.69, 60.04, 61.81, 2.60, 2.59, 2.56, 2.59, 2.66, 23.98, 23.98, 23.92, 21.27, 21.21, 1.12, 1.01, 1.06, 1.06, 1.03, 10.85, 10.96, 10.96, 10.96, 10.78, 1.61, 1.10, 1.10, 1.08, 1.10]
  Objective : 59.546

[EVALUATION 683]
  Date/time : 2026-05-20 12:39:54
  x         : [228.36, 61.10, 60.21, 59.69, 60.04, 61.05, 2.63, 2.59, 2.56, 2.59, 2.66, 23.98, 23.98, 23.92, 21.27, 21.21, 1.12, 1.01, 1.06, 1.06, 1.03, 10.85, 10.96, 10.96, 10.96, 10.78, 1.61, 1.10, 1.10, 1.08, 1.10]
  Objective : 59.524

[EVALUATION 684]
  Date/time : 2026-05-20 12:40:00
  x         : [228.36, 61.10, 60.21, 59.69, 60.04, 61.05, 2.60, 2.62, 2.56, 2.59, 2.66, 23.98, 23.98, 23.92, 21.27, 21.21, 1.12, 1.01, 1.06, 1.06, 1.03, 10.85, 10.96, 10.96, 10.96, 10.78, 1.61, 1.10, 1.10, 1.08, 1.10]
  Objective : 59.522

[EVALUATION 685]
  Date/time : 2026-05-20 12:40:05
  x         : [228.36, 61.10, 60.21, 59.69, 60.04, 61.05, 2.60, 2.59, 2.59, 2.59, 2.66, 23.98, 23.98, 23.92, 21.27, 21.21, 1.12, 1.01, 1.06, 1.06, 1.03, 10.85, 10.96, 10.96, 10.96, 10.78, 1.61, 1.10, 1.10, 1.08, 1.10]
  Objective : 59.521

[EVALUATION 686]
  Date/time : 2026-05-20 12:40:11
  x         : [228.36, 61.10, 60.21, 59.69, 60.04, 61.05, 2.60, 2.59, 2.56, 2.62, 2.66, 23.98, 23.98, 23.92, 21.27, 21.21, 1.12, 1.01, 1.06, 1.06, 1.03, 10.85, 10.96, 10.96, 10.96, 10.78, 1.61, 1.10, 1.10, 1.08, 1.10]
  Objective : 59.522

[EVALUATION 687]
  Date/time : 2026-05-20 12:40:16
  x         : [228.36, 61.10, 60.21, 59.69, 60.04, 61.05, 2.60, 2.59, 2.56, 2.59, 2.69, 23.98, 23.98, 23.92, 21.27, 21.21, 1.12, 1.01, 1.06, 1.06, 1.03, 10.85, 10.96, 10.96, 10.96, 10.78, 1.61, 1.10, 1.10, 1.08, 1.10]
  Objective : 59.524

[EVALUATION 688]
  Date/time : 2026-05-20 12:40:22
  x         : [228.36, 61.10, 60.21, 59.69, 60.04, 61.05, 2.60, 2.59, 2.56, 2.59, 2.66, 24.25, 23.98, 23.92, 21.27, 21.21, 1.12, 1.01, 1.06, 1.06, 1.03, 10.85, 10.96, 10.96, 10.96, 10.78, 1.61, 1.10, 1.10, 1.08, 1.10]
  Objective : 59.450

[EVALUATION 689]
  Date/time : 2026-05-20 12:40:27
  x         : [228.36, 61.10, 60.21, 59.69, 60.04, 61.05, 2.60, 2.59, 2.56, 2.59, 2.66, 23.98, 24.25, 23.92, 21.27, 21.21, 1.12, 1.01, 1.06, 1.06, 1.03, 10.85, 10.96, 10.96, 10.96, 10.78, 1.61, 1.10, 1.10, 1.08, 1.10]
  Objective : 59.447

[EVALUATION 690]
  Date/time : 2026-05-20 12:40:33
  x         : [228.36, 61.10, 60.21, 59.69, 60.04, 61.05, 2.60, 2.59, 2.56, 2.59, 2.66, 23.98, 23.98, 24.19, 21.27, 21.21, 1.12, 1.01, 1.06, 1.06, 1.03, 10.85, 10.96, 10.96, 10.96, 10.78, 1.61, 1.10, 1.10, 1.08, 1.10]
  Objective : 59.448

[EVALUATION 691]
  Date/time : 2026-05-20 12:40:38
  x         : [228.36, 61.10, 60.21, 59.69, 60.04, 61.05, 2.60, 2.59, 2.56, 2.59, 2.66, 23.98, 23.98, 23.92, 21.54, 21.21, 1.12, 1.01, 1.06, 1.06, 1.03, 10.85, 10.96, 10.96, 10.96, 10.78, 1.61, 1.10, 1.10, 1.08, 1.10]
  Objective : 59.448

[EVALUATION 692]
  Date/time : 2026-05-20 12:40:44
  x         : [228.36, 61.10, 60.21, 59.69, 60.04, 61.05, 2.60, 2.59, 2.56, 2.59, 2.66, 23.98, 23.98, 23.92, 21.27, 21.48, 1.12, 1.01, 1.06, 1.06, 1.03, 10.85, 10.96, 10.96, 10.96, 10.78, 1.61, 1.10, 1.10, 1.08, 1.10]
  Objective : 59.448

[EVALUATION 693]
  Date/time : 2026-05-20 12:40:49
  x         : [228.36, 61.10, 60.21, 59.69, 60.04, 61.05, 2.60, 2.59, 2.56, 2.59, 2.66, 23.98, 23.98, 23.92, 21.27, 21.21, 1.14, 1.01, 1.06, 1.06, 1.03, 10.85, 10.96, 10.96, 10.96, 10.78, 1.61, 1.10, 1.10, 1.08, 1.10]
  Objective : 59.467

[EVALUATION 694]
  Date/time : 2026-05-20 12:40:55
  x         : [228.36, 61.10, 60.21, 59.69, 60.04, 61.05, 2.60, 2.59, 2.56, 2.59, 2.66, 23.98, 23.98, 23.92, 21.27, 21.21, 1.12, 1.03, 1.06, 1.06, 1.03, 10.85, 10.96, 10.96, 10.96, 10.78, 1.61, 1.10, 1.10, 1.08, 1.10]
  Objective : 59.468

[EVALUATION 695]
  Date/time : 2026-05-20 12:41:00
  x         : [228.36, 61.10, 60.21, 59.69, 60.04, 61.05, 2.60, 2.59, 2.56, 2.59, 2.66, 23.98, 23.98, 23.92, 21.27, 21.21, 1.12, 1.01, 1.09, 1.06, 1.03, 10.85, 10.96, 10.96, 10.96, 10.78, 1.61, 1.10, 1.10, 1.08, 1.10]
  Objective : 59.467

[EVALUATION 696]
  Date/time : 2026-05-20 12:41:06
  x         : [228.36, 61.10, 60.21, 59.69, 60.04, 61.05, 2.60, 2.59, 2.56, 2.59, 2.66, 23.98, 23.98, 23.92, 21.27, 21.21, 1.12, 1.01, 1.06, 1.09, 1.03, 10.85, 10.96, 10.96, 10.96, 10.78, 1.61, 1.10, 1.10, 1.08, 1.10]
  Objective : 59.462

[EVALUATION 697]
  Date/time : 2026-05-20 12:41:12
  x         : [228.36, 61.10, 60.21, 59.69, 60.04, 61.05, 2.60, 2.59, 2.56, 2.59, 2.66, 23.98, 23.98, 23.92, 21.27, 21.21, 1.12, 1.01, 1.06, 1.06, 1.05, 10.85, 10.96, 10.96, 10.96, 10.78, 1.61, 1.10, 1.10, 1.08, 1.10]
  Objective : 59.462

[EVALUATION 698]
  Date/time : 2026-05-20 12:41:17
  x         : [228.36, 61.10, 60.21, 59.69, 60.04, 61.05, 2.60, 2.59, 2.56, 2.59, 2.66, 23.98, 23.98, 23.92, 21.27, 21.21, 1.12, 1.01, 1.06, 1.06, 1.03, 11.12, 10.96, 10.96, 10.96, 10.78, 1.61, 1.10, 1.10, 1.08, 1.10]
  Objective : 59.455

[EVALUATION 699]
  Date/time : 2026-05-20 12:41:23
  x         : [228.36, 61.10, 60.21, 59.69, 60.04, 61.05, 2.60, 2.59, 2.56, 2.59, 2.66, 23.98, 23.98, 23.92, 21.27, 21.21, 1.12, 1.01, 1.06, 1.06, 1.03, 10.85, 11.23, 10.96, 10.96, 10.78, 1.61, 1.10, 1.10, 1.08, 1.10]
  Objective : 59.445

[EVALUATION 700]
  Date/time : 2026-05-20 12:41:28
  x         : [228.36, 61.10, 60.21, 59.69, 60.04, 61.05, 2.60, 2.59, 2.56, 2.59, 2.66, 23.98, 23.98, 23.92, 21.27, 21.21, 1.12, 1.01, 1.06, 1.06, 1.03, 10.85, 10.96, 11.23, 10.96, 10.78, 1.61, 1.10, 1.10, 1.08, 1.10]
  Objective : 59.445

[EVALUATION 701]
  Date/time : 2026-05-20 12:41:34
  x         : [228.36, 61.10, 60.21, 59.69, 60.04, 61.05, 2.60, 2.59, 2.56, 2.59, 2.66, 23.98, 23.98, 23.92, 21.27, 21.21, 1.12, 1.01, 1.06, 1.06, 1.03, 10.85, 10.96, 10.96, 11.23, 10.78, 1.61, 1.10, 1.10, 1.08, 1.10]
  Objective : 59.444

[EVALUATION 702]
  Date/time : 2026-05-20 12:41:40
  x         : [228.36, 61.10, 60.21, 59.69, 60.04, 61.05, 2.60, 2.59, 2.56, 2.59, 2.66, 23.98, 23.98, 23.92, 21.27, 21.21, 1.12, 1.01, 1.06, 1.06, 1.03, 10.85, 10.96, 10.96, 10.96, 11.05, 1.61, 1.10, 1.10, 1.08, 1.10]
  Objective : 59.445

[EVALUATION 703]
  Date/time : 2026-05-20 12:41:45
  x         : [228.36, 61.10, 60.21, 59.69, 60.04, 61.05, 2.60, 2.59, 2.56, 2.59, 2.66, 23.98, 23.98, 23.92, 21.27, 21.21, 1.12, 1.01, 1.06, 1.06, 1.03, 10.85, 10.96, 10.96, 10.96, 10.78, 1.63, 1.10, 1.10, 1.08, 1.10]
  Objective : 59.436

[EVALUATION 704]
  Date/time : 2026-05-20 12:41:51
  x         : [228.36, 61.10, 60.21, 59.69, 60.04, 61.05, 2.60, 2.59, 2.56, 2.59, 2.66, 23.98, 23.98, 23.92, 21.27, 21.21, 1.12, 1.01, 1.06, 1.06, 1.03, 10.85, 10.96, 10.96, 10.96, 10.78, 1.61, 1.12, 1.10, 1.08, 1.10]
  Objective : 59.438

[EVALUATION 705]
  Date/time : 2026-05-20 12:41:57
  x         : [228.36, 61.10, 60.21, 59.69, 60.04, 61.05, 2.60, 2.59, 2.56, 2.59, 2.66, 23.98, 23.98, 23.92, 21.27, 21.21, 1.12, 1.01, 1.06, 1.06, 1.03, 10.85, 10.96, 10.96, 10.96, 10.78, 1.61, 1.10, 1.12, 1.08, 1.10]
  Objective : 59.438

[EVALUATION 706]
  Date/time : 2026-05-20 12:42:02
  x         : [228.36, 61.10, 60.21, 59.69, 60.04, 61.05, 2.60, 2.59, 2.56, 2.59, 2.66, 23.98, 23.98, 23.92, 21.27, 21.21, 1.12, 1.01, 1.06, 1.06, 1.03, 10.85, 10.96, 10.96, 10.96, 10.78, 1.61, 1.10, 1.10, 1.10, 1.10]
  Objective : 59.438

[EVALUATION 707]
  Date/time : 2026-05-20 12:42:08
  x         : [228.36, 61.10, 60.21, 59.69, 60.04, 61.05, 2.60, 2.59, 2.56, 2.59, 2.66, 23.98, 23.98, 23.92, 21.27, 21.21, 1.12, 1.01, 1.06, 1.06, 1.03, 10.85, 10.96, 10.96, 10.96, 10.78, 1.61, 1.10, 1.10, 1.08, 1.12]
  Objective : 59.438

[EVALUATION 708]
  Date/time : 2026-05-20 12:42:14
  x         : [227.32, 61.03, 60.24, 59.73, 60.07, 61.08, 2.61, 2.60, 2.57, 2.59, 2.67, 23.54, 24.42, 24.36, 21.29, 21.25, 1.11, 1.00, 1.06, 1.06, 1.03, 10.80, 10.98, 10.98, 10.96, 10.78, 1.59, 1.10, 1.10, 1.08, 1.09]
  Objective : 59.503

[ITERATION 23]
  Date/time : 2026-05-20 12:42:14
  x         : [227.322403,  61.034223,  60.23921 ,  59.726224,  60.072023,  61.084688,
   2.606409,   2.598074,   2.566159,   2.592224,   2.673817,  23.535622,
  24.424991,  24.361334,  21.289792,  21.248086,   1.114689,   1.003876,
   1.059323,   1.059323,   1.025328,  10.802385,  10.983465,  10.983465,
  10.963967,  10.784837,   1.591378,   1.102047,   1.102047,   1.083463,
   1.092383]

Util_LB     Column:    0.044  Brace:    0.006
Util_NF     Column:    0.680  Brace:    0.671
Util_S      Column:    0.028  Brace:    0.021
Util_T      Column:    0.055  Brace:    0.072
Util_BR     Column:    0.904  Brace:    0.894
Util_IN     Column:    1.006  Brace:    0.999
Util_BS_sig  Column:    N/A    Brace:    0.996
Util_BS_defl  Column:    N/A    Brace:    0.356
[EVALUATION 709]
  Date/time : 2026-05-20 12:42:19
  x         : [229.34, 61.03, 60.24, 59.73, 60.07, 61.08, 2.61, 2.60, 2.57, 2.59, 2.67, 23.54, 24.42, 24.36, 21.29, 21.25, 1.11, 1.00, 1.06, 1.06, 1.03, 10.80, 10.98, 10.98, 10.96, 10.78, 1.59, 1.10, 1.10, 1.08, 1.09]
  Objective : 59.616

[EVALUATION 710]
  Date/time : 2026-05-20 12:42:25
  x         : [227.32, 61.80, 60.24, 59.73, 60.07, 61.08, 2.61, 2.60, 2.57, 2.59, 2.67, 23.54, 24.42, 24.36, 21.29, 21.25, 1.11, 1.00, 1.06, 1.06, 1.03, 10.80, 10.98, 10.98, 10.96, 10.78, 1.59, 1.10, 1.10, 1.08, 1.09]
  Objective : 59.622

[EVALUATION 711]
  Date/time : 2026-05-20 12:42:31
  x         : [227.32, 61.03, 61.00, 59.73, 60.07, 61.08, 2.61, 2.60, 2.57, 2.59, 2.67, 23.54, 24.42, 24.36, 21.29, 21.25, 1.11, 1.00, 1.06, 1.06, 1.03, 10.80, 10.98, 10.98, 10.96, 10.78, 1.59, 1.10, 1.10, 1.08, 1.09]
  Objective : 59.621

[EVALUATION 712]
  Date/time : 2026-05-20 12:42:36
  x         : [227.32, 61.03, 60.24, 60.49, 60.07, 61.08, 2.61, 2.60, 2.57, 2.59, 2.67, 23.54, 24.42, 24.36, 21.29, 21.25, 1.11, 1.00, 1.06, 1.06, 1.03, 10.80, 10.98, 10.98, 10.96, 10.78, 1.59, 1.10, 1.10, 1.08, 1.09]
  Objective : 59.620

[EVALUATION 713]
  Date/time : 2026-05-20 12:42:42
  x         : [227.32, 61.03, 60.24, 59.73, 60.83, 61.08, 2.61, 2.60, 2.57, 2.59, 2.67, 23.54, 24.42, 24.36, 21.29, 21.25, 1.11, 1.00, 1.06, 1.06, 1.03, 10.80, 10.98, 10.98, 10.96, 10.78, 1.59, 1.10, 1.10, 1.08, 1.09]
  Objective : 59.621

[EVALUATION 714]
  Date/time : 2026-05-20 12:42:47
  x         : [227.32, 61.03, 60.24, 59.73, 60.07, 61.85, 2.61, 2.60, 2.57, 2.59, 2.67, 23.54, 24.42, 24.36, 21.29, 21.25, 1.11, 1.00, 1.06, 1.06, 1.03, 10.80, 10.98, 10.98, 10.96, 10.78, 1.59, 1.10, 1.10, 1.08, 1.09]
  Objective : 59.626

[EVALUATION 715]
  Date/time : 2026-05-20 12:42:53
  x         : [227.32, 61.03, 60.24, 59.73, 60.07, 61.08, 2.64, 2.60, 2.57, 2.59, 2.67, 23.54, 24.42, 24.36, 21.29, 21.25, 1.11, 1.00, 1.06, 1.06, 1.03, 10.80, 10.98, 10.98, 10.96, 10.78, 1.59, 1.10, 1.10, 1.08, 1.09]
  Objective : 59.603

[EVALUATION 716]
  Date/time : 2026-05-20 12:42:59
  x         : [227.32, 61.03, 60.24, 59.73, 60.07, 61.08, 2.61, 2.63, 2.57, 2.59, 2.67, 23.54, 24.42, 24.36, 21.29, 21.25, 1.11, 1.00, 1.06, 1.06, 1.03, 10.80, 10.98, 10.98, 10.96, 10.78, 1.59, 1.10, 1.10, 1.08, 1.09]
  Objective : 59.601

[EVALUATION 717]
  Date/time : 2026-05-20 12:43:04
  x         : [227.32, 61.03, 60.24, 59.73, 60.07, 61.08, 2.61, 2.60, 2.60, 2.59, 2.67, 23.54, 24.42, 24.36, 21.29, 21.25, 1.11, 1.00, 1.06, 1.06, 1.03, 10.80, 10.98, 10.98, 10.96, 10.78, 1.59, 1.10, 1.10, 1.08, 1.09]
  Objective : 59.601

[EVALUATION 718]
  Date/time : 2026-05-20 12:43:10
  x         : [227.32, 61.03, 60.24, 59.73, 60.07, 61.08, 2.61, 2.60, 2.57, 2.62, 2.67, 23.54, 24.42, 24.36, 21.29, 21.25, 1.11, 1.00, 1.06, 1.06, 1.03, 10.80, 10.98, 10.98, 10.96, 10.78, 1.59, 1.10, 1.10, 1.08, 1.09]
  Objective : 59.601

[EVALUATION 719]
  Date/time : 2026-05-20 12:43:15
  x         : [227.32, 61.03, 60.24, 59.73, 60.07, 61.08, 2.61, 2.60, 2.57, 2.59, 2.70, 23.54, 24.42, 24.36, 21.29, 21.25, 1.11, 1.00, 1.06, 1.06, 1.03, 10.80, 10.98, 10.98, 10.96, 10.78, 1.59, 1.10, 1.10, 1.08, 1.09]
  Objective : 59.604

[EVALUATION 720]
  Date/time : 2026-05-20 12:43:21
  x         : [227.32, 61.03, 60.24, 59.73, 60.07, 61.08, 2.61, 2.60, 2.57, 2.59, 2.67, 23.80, 24.42, 24.36, 21.29, 21.25, 1.11, 1.00, 1.06, 1.06, 1.03, 10.80, 10.98, 10.98, 10.96, 10.78, 1.59, 1.10, 1.10, 1.08, 1.09]
  Objective : 59.529

[EVALUATION 721]
  Date/time : 2026-05-20 12:43:27
  x         : [227.32, 61.03, 60.24, 59.73, 60.07, 61.08, 2.61, 2.60, 2.57, 2.59, 2.67, 23.54, 24.69, 24.36, 21.29, 21.25, 1.11, 1.00, 1.06, 1.06, 1.03, 10.80, 10.98, 10.98, 10.96, 10.78, 1.59, 1.10, 1.10, 1.08, 1.09]
  Objective : 59.526

[EVALUATION 722]
  Date/time : 2026-05-20 12:43:32
  x         : [227.32, 61.03, 60.24, 59.73, 60.07, 61.08, 2.61, 2.60, 2.57, 2.59, 2.67, 23.54, 24.42, 24.63, 21.29, 21.25, 1.11, 1.00, 1.06, 1.06, 1.03, 10.80, 10.98, 10.98, 10.96, 10.78, 1.59, 1.10, 1.10, 1.08, 1.09]
  Objective : 59.527

[EVALUATION 723]
  Date/time : 2026-05-20 12:43:38
  x         : [227.32, 61.03, 60.24, 59.73, 60.07, 61.08, 2.61, 2.60, 2.57, 2.59, 2.67, 23.54, 24.42, 24.36, 21.56, 21.25, 1.11, 1.00, 1.06, 1.06, 1.03, 10.80, 10.98, 10.98, 10.96, 10.78, 1.59, 1.10, 1.10, 1.08, 1.09]
  Objective : 59.527

[EVALUATION 724]
  Date/time : 2026-05-20 12:43:44
  x         : [227.32, 61.03, 60.24, 59.73, 60.07, 61.08, 2.61, 2.60, 2.57, 2.59, 2.67, 23.54, 24.42, 24.36, 21.29, 21.52, 1.11, 1.00, 1.06, 1.06, 1.03, 10.80, 10.98, 10.98, 10.96, 10.78, 1.59, 1.10, 1.10, 1.08, 1.09]
  Objective : 59.527

[EVALUATION 725]
  Date/time : 2026-05-20 12:43:49
  x         : [227.32, 61.03, 60.24, 59.73, 60.07, 61.08, 2.61, 2.60, 2.57, 2.59, 2.67, 23.54, 24.42, 24.36, 21.29, 21.25, 1.14, 1.00, 1.06, 1.06, 1.03, 10.80, 10.98, 10.98, 10.96, 10.78, 1.59, 1.10, 1.10, 1.08, 1.09]
  Objective : 59.545

[EVALUATION 726]
  Date/time : 2026-05-20 12:43:55
  x         : [227.32, 61.03, 60.24, 59.73, 60.07, 61.08, 2.61, 2.60, 2.57, 2.59, 2.67, 23.54, 24.42, 24.36, 21.29, 21.25, 1.11, 1.03, 1.06, 1.06, 1.03, 10.80, 10.98, 10.98, 10.96, 10.78, 1.59, 1.10, 1.10, 1.08, 1.09]
  Objective : 59.548

[EVALUATION 727]
  Date/time : 2026-05-20 12:44:00
  x         : [227.32, 61.03, 60.24, 59.73, 60.07, 61.08, 2.61, 2.60, 2.57, 2.59, 2.67, 23.54, 24.42, 24.36, 21.29, 21.25, 1.11, 1.00, 1.08, 1.06, 1.03, 10.80, 10.98, 10.98, 10.96, 10.78, 1.59, 1.10, 1.10, 1.08, 1.09]
  Objective : 59.547

[EVALUATION 728]
  Date/time : 2026-05-20 12:44:06
  x         : [227.32, 61.03, 60.24, 59.73, 60.07, 61.08, 2.61, 2.60, 2.57, 2.59, 2.67, 23.54, 24.42, 24.36, 21.29, 21.25, 1.11, 1.00, 1.06, 1.08, 1.03, 10.80, 10.98, 10.98, 10.96, 10.78, 1.59, 1.10, 1.10, 1.08, 1.09]
  Objective : 59.541

[EVALUATION 729]
  Date/time : 2026-05-20 12:44:12
  x         : [227.32, 61.03, 60.24, 59.73, 60.07, 61.08, 2.61, 2.60, 2.57, 2.59, 2.67, 23.54, 24.42, 24.36, 21.29, 21.25, 1.11, 1.00, 1.06, 1.06, 1.05, 10.80, 10.98, 10.98, 10.96, 10.78, 1.59, 1.10, 1.10, 1.08, 1.09]
  Objective : 59.541

[EVALUATION 730]
  Date/time : 2026-05-20 12:44:17
  x         : [227.32, 61.03, 60.24, 59.73, 60.07, 61.08, 2.61, 2.60, 2.57, 2.59, 2.67, 23.54, 24.42, 24.36, 21.29, 21.25, 1.11, 1.00, 1.06, 1.06, 1.03, 11.07, 10.98, 10.98, 10.96, 10.78, 1.59, 1.10, 1.10, 1.08, 1.09]
  Objective : 59.534

[EVALUATION 731]
  Date/time : 2026-05-20 12:44:23
  x         : [227.32, 61.03, 60.24, 59.73, 60.07, 61.08, 2.61, 2.60, 2.57, 2.59, 2.67, 23.54, 24.42, 24.36, 21.29, 21.25, 1.11, 1.00, 1.06, 1.06, 1.03, 10.80, 11.25, 10.98, 10.96, 10.78, 1.59, 1.10, 1.10, 1.08, 1.09]
  Objective : 59.524

[EVALUATION 732]
  Date/time : 2026-05-20 12:44:28
  x         : [227.32, 61.03, 60.24, 59.73, 60.07, 61.08, 2.61, 2.60, 2.57, 2.59, 2.67, 23.54, 24.42, 24.36, 21.29, 21.25, 1.11, 1.00, 1.06, 1.06, 1.03, 10.80, 10.98, 11.25, 10.96, 10.78, 1.59, 1.10, 1.10, 1.08, 1.09]
  Objective : 59.524

[EVALUATION 733]
  Date/time : 2026-05-20 12:44:34
  x         : [227.32, 61.03, 60.24, 59.73, 60.07, 61.08, 2.61, 2.60, 2.57, 2.59, 2.67, 23.54, 24.42, 24.36, 21.29, 21.25, 1.11, 1.00, 1.06, 1.06, 1.03, 10.80, 10.98, 10.98, 11.23, 10.78, 1.59, 1.10, 1.10, 1.08, 1.09]
  Objective : 59.524

[EVALUATION 734]
  Date/time : 2026-05-20 12:44:40
  x         : [227.32, 61.03, 60.24, 59.73, 60.07, 61.08, 2.61, 2.60, 2.57, 2.59, 2.67, 23.54, 24.42, 24.36, 21.29, 21.25, 1.11, 1.00, 1.06, 1.06, 1.03, 10.80, 10.98, 10.98, 10.96, 11.05, 1.59, 1.10, 1.10, 1.08, 1.09]
  Objective : 59.524

[EVALUATION 735]
  Date/time : 2026-05-20 12:44:45
  x         : [227.32, 61.03, 60.24, 59.73, 60.07, 61.08, 2.61, 2.60, 2.57, 2.59, 2.67, 23.54, 24.42, 24.36, 21.29, 21.25, 1.11, 1.00, 1.06, 1.06, 1.03, 10.80, 10.98, 10.98, 10.96, 10.78, 1.61, 1.10, 1.10, 1.08, 1.09]
  Objective : 59.515

[EVALUATION 736]
  Date/time : 2026-05-20 12:44:51
  x         : [227.32, 61.03, 60.24, 59.73, 60.07, 61.08, 2.61, 2.60, 2.57, 2.59, 2.67, 23.54, 24.42, 24.36, 21.29, 21.25, 1.11, 1.00, 1.06, 1.06, 1.03, 10.80, 10.98, 10.98, 10.96, 10.78, 1.59, 1.13, 1.10, 1.08, 1.09]
  Objective : 59.517

[EVALUATION 737]
  Date/time : 2026-05-20 12:44:56
  x         : [227.32, 61.03, 60.24, 59.73, 60.07, 61.08, 2.61, 2.60, 2.57, 2.59, 2.67, 23.54, 24.42, 24.36, 21.29, 21.25, 1.11, 1.00, 1.06, 1.06, 1.03, 10.80, 10.98, 10.98, 10.96, 10.78, 1.59, 1.10, 1.13, 1.08, 1.09]
  Objective : 59.517

[EVALUATION 738]
  Date/time : 2026-05-20 12:45:02
  x         : [227.32, 61.03, 60.24, 59.73, 60.07, 61.08, 2.61, 2.60, 2.57, 2.59, 2.67, 23.54, 24.42, 24.36, 21.29, 21.25, 1.11, 1.00, 1.06, 1.06, 1.03, 10.80, 10.98, 10.98, 10.96, 10.78, 1.59, 1.10, 1.10, 1.11, 1.09]
  Objective : 59.517

[EVALUATION 739]
  Date/time : 2026-05-20 12:45:08
  x         : [227.32, 61.03, 60.24, 59.73, 60.07, 61.08, 2.61, 2.60, 2.57, 2.59, 2.67, 23.54, 24.42, 24.36, 21.29, 21.25, 1.11, 1.00, 1.06, 1.06, 1.03, 10.80, 10.98, 10.98, 10.96, 10.78, 1.59, 1.10, 1.10, 1.08, 1.12]
  Objective : 59.517

[EVALUATION 740]
  Date/time : 2026-05-20 12:45:14
  x         : [226.19, 61.00, 60.28, 59.76, 60.11, 61.13, 2.61, 2.59, 2.57, 2.60, 2.69, 23.31, 23.94, 24.85, 21.31, 21.27, 1.11, 1.00, 1.06, 1.06, 1.02, 10.75, 10.96, 11.01, 10.97, 10.84, 1.57, 1.10, 1.11, 1.09, 1.09]
  Objective : 59.492

[ITERATION 24]
  Date/time : 2026-05-20 12:45:15
  x         : [226.185693,  61.004196,  60.276116,  59.760687,  60.107931,  61.125078,
   2.61246 ,   2.590183,   2.572861,   2.599783,   2.685714,  23.31328 ,
  23.935838,  24.850487,  21.310673,  21.268967,   1.112248,   1.00078 ,
   1.063543,   1.055104,   1.019748,  10.748155,  10.958815,  11.008115,
  10.971862,  10.839067,   1.574499,   1.096677,   1.107418,   1.085381,
   1.088164]

Util_LB     Column:    0.044  Brace:    0.006
Util_NF     Column:    0.682  Brace:    0.671
Util_S      Column:    0.028  Brace:    0.022
Util_T      Column:    0.055  Brace:    0.073
Util_BR     Column:    0.904  Brace:    0.894
Util_IN     Column:    1.005  Brace:    0.997
Util_BS_sig  Column:    N/A    Brace:    0.993
Util_BS_defl  Column:    N/A    Brace:    0.353
[EVALUATION 741]
  Date/time : 2026-05-20 12:45:20
  x         : [228.21, 61.00, 60.28, 59.76, 60.11, 61.13, 2.61, 2.59, 2.57, 2.60, 2.69, 23.31, 23.94, 24.85, 21.31, 21.27, 1.11, 1.00, 1.06, 1.06, 1.02, 10.75, 10.96, 11.01, 10.97, 10.84, 1.57, 1.10, 1.11, 1.09, 1.09]
  Objective : 59.606

[EVALUATION 742]
  Date/time : 2026-05-20 12:45:26
  x         : [226.19, 61.77, 60.28, 59.76, 60.11, 61.13, 2.61, 2.59, 2.57, 2.60, 2.69, 23.31, 23.94, 24.85, 21.31, 21.27, 1.11, 1.00, 1.06, 1.06, 1.02, 10.75, 10.96, 11.01, 10.97, 10.84, 1.57, 1.10, 1.11, 1.09, 1.09]
  Objective : 59.612

[EVALUATION 743]
  Date/time : 2026-05-20 12:45:31
  x         : [226.19, 61.00, 61.04, 59.76, 60.11, 61.13, 2.61, 2.59, 2.57, 2.60, 2.69, 23.31, 23.94, 24.85, 21.31, 21.27, 1.11, 1.00, 1.06, 1.06, 1.02, 10.75, 10.96, 11.01, 10.97, 10.84, 1.57, 1.10, 1.11, 1.09, 1.09]
  Objective : 59.611

[EVALUATION 744]
  Date/time : 2026-05-20 12:45:37
  x         : [226.19, 61.00, 60.28, 60.52, 60.11, 61.13, 2.61, 2.59, 2.57, 2.60, 2.69, 23.31, 23.94, 24.85, 21.31, 21.27, 1.11, 1.00, 1.06, 1.06, 1.02, 10.75, 10.96, 11.01, 10.97, 10.84, 1.57, 1.10, 1.11, 1.09, 1.09]
  Objective : 59.610

[EVALUATION 745]
  Date/time : 2026-05-20 12:45:42
  x         : [226.19, 61.00, 60.28, 59.76, 60.87, 61.13, 2.61, 2.59, 2.57, 2.60, 2.69, 23.31, 23.94, 24.85, 21.31, 21.27, 1.11, 1.00, 1.06, 1.06, 1.02, 10.75, 10.96, 11.01, 10.97, 10.84, 1.57, 1.10, 1.11, 1.09, 1.09]
  Objective : 59.611

[EVALUATION 746]
  Date/time : 2026-05-20 12:45:48
  x         : [226.19, 61.00, 60.28, 59.76, 60.11, 61.89, 2.61, 2.59, 2.57, 2.60, 2.69, 23.31, 23.94, 24.85, 21.31, 21.27, 1.11, 1.00, 1.06, 1.06, 1.02, 10.75, 10.96, 11.01, 10.97, 10.84, 1.57, 1.10, 1.11, 1.09, 1.09]
  Objective : 59.616

[EVALUATION 747]
  Date/time : 2026-05-20 12:45:54
  x         : [226.19, 61.00, 60.28, 59.76, 60.11, 61.13, 2.64, 2.59, 2.57, 2.60, 2.69, 23.31, 23.94, 24.85, 21.31, 21.27, 1.11, 1.00, 1.06, 1.06, 1.02, 10.75, 10.96, 11.01, 10.97, 10.84, 1.57, 1.10, 1.11, 1.09, 1.09]
  Objective : 59.593

[EVALUATION 748]
  Date/time : 2026-05-20 12:46:00
  x         : [226.19, 61.00, 60.28, 59.76, 60.11, 61.13, 2.61, 2.62, 2.57, 2.60, 2.69, 23.31, 23.94, 24.85, 21.31, 21.27, 1.11, 1.00, 1.06, 1.06, 1.02, 10.75, 10.96, 11.01, 10.97, 10.84, 1.57, 1.10, 1.11, 1.09, 1.09]
  Objective : 59.591

[EVALUATION 749]
  Date/time : 2026-05-20 12:46:06
  x         : [226.19, 61.00, 60.28, 59.76, 60.11, 61.13, 2.61, 2.59, 2.60, 2.60, 2.69, 23.31, 23.94, 24.85, 21.31, 21.27, 1.11, 1.00, 1.06, 1.06, 1.02, 10.75, 10.96, 11.01, 10.97, 10.84, 1.57, 1.10, 1.11, 1.09, 1.09]
  Objective : 59.591

[EVALUATION 750]
  Date/time : 2026-05-20 12:46:12
  x         : [226.19, 61.00, 60.28, 59.76, 60.11, 61.13, 2.61, 2.59, 2.57, 2.63, 2.69, 23.31, 23.94, 24.85, 21.31, 21.27, 1.11, 1.00, 1.06, 1.06, 1.02, 10.75, 10.96, 11.01, 10.97, 10.84, 1.57, 1.10, 1.11, 1.09, 1.09]
  Objective : 59.591

[EVALUATION 751]
  Date/time : 2026-05-20 12:46:18
  x         : [226.19, 61.00, 60.28, 59.76, 60.11, 61.13, 2.61, 2.59, 2.57, 2.60, 2.72, 23.31, 23.94, 24.85, 21.31, 21.27, 1.11, 1.00, 1.06, 1.06, 1.02, 10.75, 10.96, 11.01, 10.97, 10.84, 1.57, 1.10, 1.11, 1.09, 1.09]
  Objective : 59.594

[EVALUATION 752]
  Date/time : 2026-05-20 12:46:23
  x         : [226.19, 61.00, 60.28, 59.76, 60.11, 61.13, 2.61, 2.59, 2.57, 2.60, 2.69, 23.58, 23.94, 24.85, 21.31, 21.27, 1.11, 1.00, 1.06, 1.06, 1.02, 10.75, 10.96, 11.01, 10.97, 10.84, 1.57, 1.10, 1.11, 1.09, 1.09]
  Objective : 59.519

[EVALUATION 753]
  Date/time : 2026-05-20 12:46:29
  x         : [226.19, 61.00, 60.28, 59.76, 60.11, 61.13, 2.61, 2.59, 2.57, 2.60, 2.69, 23.31, 24.20, 24.85, 21.31, 21.27, 1.11, 1.00, 1.06, 1.06, 1.02, 10.75, 10.96, 11.01, 10.97, 10.84, 1.57, 1.10, 1.11, 1.09, 1.09]
  Objective : 59.516

[EVALUATION 754]
  Date/time : 2026-05-20 12:46:35
  x         : [226.19, 61.00, 60.28, 59.76, 60.11, 61.13, 2.61, 2.59, 2.57, 2.60, 2.69, 23.31, 23.94, 25.12, 21.31, 21.27, 1.11, 1.00, 1.06, 1.06, 1.02, 10.75, 10.96, 11.01, 10.97, 10.84, 1.57, 1.10, 1.11, 1.09, 1.09]
  Objective : 59.517

[EVALUATION 755]
  Date/time : 2026-05-20 12:46:41
  x         : [226.19, 61.00, 60.28, 59.76, 60.11, 61.13, 2.61, 2.59, 2.57, 2.60, 2.69, 23.31, 23.94, 24.85, 21.58, 21.27, 1.11, 1.00, 1.06, 1.06, 1.02, 10.75, 10.96, 11.01, 10.97, 10.84, 1.57, 1.10, 1.11, 1.09, 1.09]
  Objective : 59.517

[EVALUATION 756]
  Date/time : 2026-05-20 12:46:46
  x         : [226.19, 61.00, 60.28, 59.76, 60.11, 61.13, 2.61, 2.59, 2.57, 2.60, 2.69, 23.31, 23.94, 24.85, 21.31, 21.54, 1.11, 1.00, 1.06, 1.06, 1.02, 10.75, 10.96, 11.01, 10.97, 10.84, 1.57, 1.10, 1.11, 1.09, 1.09]
  Objective : 59.516

[EVALUATION 757]
  Date/time : 2026-05-20 12:46:52
  x         : [226.19, 61.00, 60.28, 59.76, 60.11, 61.13, 2.61, 2.59, 2.57, 2.60, 2.69, 23.31, 23.94, 24.85, 21.31, 21.27, 1.14, 1.00, 1.06, 1.06, 1.02, 10.75, 10.96, 11.01, 10.97, 10.84, 1.57, 1.10, 1.11, 1.09, 1.09]
  Objective : 59.535

[EVALUATION 758]
  Date/time : 2026-05-20 12:46:57
  x         : [226.19, 61.00, 60.28, 59.76, 60.11, 61.13, 2.61, 2.59, 2.57, 2.60, 2.69, 23.31, 23.94, 24.85, 21.31, 21.27, 1.11, 1.02, 1.06, 1.06, 1.02, 10.75, 10.96, 11.01, 10.97, 10.84, 1.57, 1.10, 1.11, 1.09, 1.09]
  Objective : 59.536

[EVALUATION 759]
  Date/time : 2026-05-20 12:47:03
  x         : [226.19, 61.00, 60.28, 59.76, 60.11, 61.13, 2.61, 2.59, 2.57, 2.60, 2.69, 23.31, 23.94, 24.85, 21.31, 21.27, 1.11, 1.00, 1.09, 1.06, 1.02, 10.75, 10.96, 11.01, 10.97, 10.84, 1.57, 1.10, 1.11, 1.09, 1.09]
  Objective : 59.538

[EVALUATION 760]
  Date/time : 2026-05-20 12:47:09
  x         : [226.19, 61.00, 60.28, 59.76, 60.11, 61.13, 2.61, 2.59, 2.57, 2.60, 2.69, 23.31, 23.94, 24.85, 21.31, 21.27, 1.11, 1.00, 1.06, 1.08, 1.02, 10.75, 10.96, 11.01, 10.97, 10.84, 1.57, 1.10, 1.11, 1.09, 1.09]
  Objective : 59.531

[EVALUATION 761]
  Date/time : 2026-05-20 12:47:14
  x         : [226.19, 61.00, 60.28, 59.76, 60.11, 61.13, 2.61, 2.59, 2.57, 2.60, 2.69, 23.31, 23.94, 24.85, 21.31, 21.27, 1.11, 1.00, 1.06, 1.06, 1.04, 10.75, 10.96, 11.01, 10.97, 10.84, 1.57, 1.10, 1.11, 1.09, 1.09]
  Objective : 59.531

[EVALUATION 762]
  Date/time : 2026-05-20 12:47:20
  x         : [226.19, 61.00, 60.28, 59.76, 60.11, 61.13, 2.61, 2.59, 2.57, 2.60, 2.69, 23.31, 23.94, 24.85, 21.31, 21.27, 1.11, 1.00, 1.06, 1.06, 1.02, 11.02, 10.96, 11.01, 10.97, 10.84, 1.57, 1.10, 1.11, 1.09, 1.09]
  Objective : 59.523

[EVALUATION 763]
  Date/time : 2026-05-20 12:47:25
  x         : [226.19, 61.00, 60.28, 59.76, 60.11, 61.13, 2.61, 2.59, 2.57, 2.60, 2.69, 23.31, 23.94, 24.85, 21.31, 21.27, 1.11, 1.00, 1.06, 1.06, 1.02, 10.75, 11.23, 11.01, 10.97, 10.84, 1.57, 1.10, 1.11, 1.09, 1.09]
  Objective : 59.514

[EVALUATION 764]
  Date/time : 2026-05-20 12:47:31
  x         : [226.19, 61.00, 60.28, 59.76, 60.11, 61.13, 2.61, 2.59, 2.57, 2.60, 2.69, 23.31, 23.94, 24.85, 21.31, 21.27, 1.11, 1.00, 1.06, 1.06, 1.02, 10.75, 10.96, 11.28, 10.97, 10.84, 1.57, 1.10, 1.11, 1.09, 1.09]
  Objective : 59.514

[EVALUATION 765]
  Date/time : 2026-05-20 12:47:37
  x         : [226.19, 61.00, 60.28, 59.76, 60.11, 61.13, 2.61, 2.59, 2.57, 2.60, 2.69, 23.31, 23.94, 24.85, 21.31, 21.27, 1.11, 1.00, 1.06, 1.06, 1.02, 10.75, 10.96, 11.01, 11.24, 10.84, 1.57, 1.10, 1.11, 1.09, 1.09]
  Objective : 59.514

[EVALUATION 766]
  Date/time : 2026-05-20 12:47:43
  x         : [226.19, 61.00, 60.28, 59.76, 60.11, 61.13, 2.61, 2.59, 2.57, 2.60, 2.69, 23.31, 23.94, 24.85, 21.31, 21.27, 1.11, 1.00, 1.06, 1.06, 1.02, 10.75, 10.96, 11.01, 10.97, 11.11, 1.57, 1.10, 1.11, 1.09, 1.09]
  Objective : 59.514

[EVALUATION 767]
  Date/time : 2026-05-20 12:47:48
  x         : [226.19, 61.00, 60.28, 59.76, 60.11, 61.13, 2.61, 2.59, 2.57, 2.60, 2.69, 23.31, 23.94, 24.85, 21.31, 21.27, 1.11, 1.00, 1.06, 1.06, 1.02, 10.75, 10.96, 11.01, 10.97, 10.84, 1.60, 1.10, 1.11, 1.09, 1.09]
  Objective : 59.505

[EVALUATION 768]
  Date/time : 2026-05-20 12:47:54
  x         : [226.19, 61.00, 60.28, 59.76, 60.11, 61.13, 2.61, 2.59, 2.57, 2.60, 2.69, 23.31, 23.94, 24.85, 21.31, 21.27, 1.11, 1.00, 1.06, 1.06, 1.02, 10.75, 10.96, 11.01, 10.97, 10.84, 1.57, 1.12, 1.11, 1.09, 1.09]
  Objective : 59.507

[EVALUATION 769]
  Date/time : 2026-05-20 12:47:59
  x         : [226.19, 61.00, 60.28, 59.76, 60.11, 61.13, 2.61, 2.59, 2.57, 2.60, 2.69, 23.31, 23.94, 24.85, 21.31, 21.27, 1.11, 1.00, 1.06, 1.06, 1.02, 10.75, 10.96, 11.01, 10.97, 10.84, 1.57, 1.10, 1.13, 1.09, 1.09]
  Objective : 59.507

[EVALUATION 770]
  Date/time : 2026-05-20 12:48:05
  x         : [226.19, 61.00, 60.28, 59.76, 60.11, 61.13, 2.61, 2.59, 2.57, 2.60, 2.69, 23.31, 23.94, 24.85, 21.31, 21.27, 1.11, 1.00, 1.06, 1.06, 1.02, 10.75, 10.96, 11.01, 10.97, 10.84, 1.57, 1.10, 1.11, 1.11, 1.09]
  Objective : 59.507

[EVALUATION 771]
  Date/time : 2026-05-20 12:48:11
  x         : [226.19, 61.00, 60.28, 59.76, 60.11, 61.13, 2.61, 2.59, 2.57, 2.60, 2.69, 23.31, 23.94, 24.85, 21.31, 21.27, 1.11, 1.00, 1.06, 1.06, 1.02, 10.75, 10.96, 11.01, 10.97, 10.84, 1.57, 1.10, 1.11, 1.09, 1.11]
  Objective : 59.507

[EVALUATION 772]
  Date/time : 2026-05-20 12:48:17
  x         : [224.94, 60.92, 60.32, 59.80, 60.07, 61.17, 2.62, 2.59, 2.58, 2.59, 2.70, 23.56, 24.18, 24.31, 21.29, 21.25, 1.11, 1.00, 1.06, 1.05, 1.01, 10.81, 10.97, 10.98, 10.96, 10.83, 1.59, 1.10, 1.10, 1.08, 1.08]
  Objective : 59.480

[ITERATION 25]
  Date/time : 2026-05-20 12:48:17
  x         : [224.935311,  60.923214,  60.316713,  59.798596,  60.068432,  61.169507,
   2.619117,   2.594128,   2.580233,   2.591469,   2.698801,  23.557856,
  24.180415,  24.312419,  21.287704,  21.245998,   1.114933,   1.      ,
   1.061433,   1.050462,   1.013611,  10.807808,  10.97114 ,  10.981   ,
  10.963178,  10.832107,   1.593066,   1.099362,   1.10151 ,   1.083271,
   1.083522]

Util_LB     Column:    0.044  Brace:    0.006
Util_NF     Column:    0.683  Brace:    0.676
Util_S      Column:    0.028  Brace:    0.021
Util_T      Column:    0.055  Brace:    0.072
Util_BR     Column:    0.904  Brace:    0.897
Util_IN     Column:    1.003  Brace:    1.000
Util_BS_sig  Column:    N/A    Brace:    0.996
Util_BS_defl  Column:    N/A    Brace:    0.352
[EVALUATION 773]
  Date/time : 2026-05-20 12:48:23
  x         : [226.96, 60.92, 60.32, 59.80, 60.07, 61.17, 2.62, 2.59, 2.58, 2.59, 2.70, 23.56, 24.18, 24.31, 21.29, 21.25, 1.11, 1.00, 1.06, 1.05, 1.01, 10.81, 10.97, 10.98, 10.96, 10.83, 1.59, 1.10, 1.10, 1.08, 1.08]
  Objective : 59.593

[EVALUATION 774]
  Date/time : 2026-05-20 12:48:28
  x         : [224.94, 61.68, 60.32, 59.80, 60.07, 61.17, 2.62, 2.59, 2.58, 2.59, 2.70, 23.56, 24.18, 24.31, 21.29, 21.25, 1.11, 1.00, 1.06, 1.05, 1.01, 10.81, 10.97, 10.98, 10.96, 10.83, 1.59, 1.10, 1.10, 1.08, 1.08]
  Objective : 59.600

[EVALUATION 775]
  Date/time : 2026-05-20 12:48:34
  x         : [224.94, 60.92, 61.08, 59.80, 60.07, 61.17, 2.62, 2.59, 2.58, 2.59, 2.70, 23.56, 24.18, 24.31, 21.29, 21.25, 1.11, 1.00, 1.06, 1.05, 1.01, 10.81, 10.97, 10.98, 10.96, 10.83, 1.59, 1.10, 1.10, 1.08, 1.08]
  Objective : 59.598

[EVALUATION 776]
  Date/time : 2026-05-20 12:48:40
  x         : [224.94, 60.92, 60.32, 60.56, 60.07, 61.17, 2.62, 2.59, 2.58, 2.59, 2.70, 23.56, 24.18, 24.31, 21.29, 21.25, 1.11, 1.00, 1.06, 1.05, 1.01, 10.81, 10.97, 10.98, 10.96, 10.83, 1.59, 1.10, 1.10, 1.08, 1.08]
  Objective : 59.598

[EVALUATION 777]
  Date/time : 2026-05-20 12:48:45
  x         : [224.94, 60.92, 60.32, 59.80, 60.83, 61.17, 2.62, 2.59, 2.58, 2.59, 2.70, 23.56, 24.18, 24.31, 21.29, 21.25, 1.11, 1.00, 1.06, 1.05, 1.01, 10.81, 10.97, 10.98, 10.96, 10.83, 1.59, 1.10, 1.10, 1.08, 1.08]
  Objective : 59.598

[EVALUATION 778]
  Date/time : 2026-05-20 12:48:51
  x         : [224.94, 60.92, 60.32, 59.80, 60.07, 61.93, 2.62, 2.59, 2.58, 2.59, 2.70, 23.56, 24.18, 24.31, 21.29, 21.25, 1.11, 1.00, 1.06, 1.05, 1.01, 10.81, 10.97, 10.98, 10.96, 10.83, 1.59, 1.10, 1.10, 1.08, 1.08]
  Objective : 59.604

[EVALUATION 779]
  Date/time : 2026-05-20 12:48:57
  x         : [224.94, 60.92, 60.32, 59.80, 60.07, 61.17, 2.65, 2.59, 2.58, 2.59, 2.70, 23.56, 24.18, 24.31, 21.29, 21.25, 1.11, 1.00, 1.06, 1.05, 1.01, 10.81, 10.97, 10.98, 10.96, 10.83, 1.59, 1.10, 1.10, 1.08, 1.08]
  Objective : 59.580

[EVALUATION 780]
  Date/time : 2026-05-20 12:49:02
  x         : [224.94, 60.92, 60.32, 59.80, 60.07, 61.17, 2.62, 2.62, 2.58, 2.59, 2.70, 23.56, 24.18, 24.31, 21.29, 21.25, 1.11, 1.00, 1.06, 1.05, 1.01, 10.81, 10.97, 10.98, 10.96, 10.83, 1.59, 1.10, 1.10, 1.08, 1.08]
  Objective : 59.579

[EVALUATION 781]
  Date/time : 2026-05-20 12:49:08
  x         : [224.94, 60.92, 60.32, 59.80, 60.07, 61.17, 2.62, 2.59, 2.61, 2.59, 2.70, 23.56, 24.18, 24.31, 21.29, 21.25, 1.11, 1.00, 1.06, 1.05, 1.01, 10.81, 10.97, 10.98, 10.96, 10.83, 1.59, 1.10, 1.10, 1.08, 1.08]
  Objective : 59.578

[EVALUATION 782]
  Date/time : 2026-05-20 12:49:13
  x         : [224.94, 60.92, 60.32, 59.80, 60.07, 61.17, 2.62, 2.59, 2.58, 2.62, 2.70, 23.56, 24.18, 24.31, 21.29, 21.25, 1.11, 1.00, 1.06, 1.05, 1.01, 10.81, 10.97, 10.98, 10.96, 10.83, 1.59, 1.10, 1.10, 1.08, 1.08]
  Objective : 59.579

[EVALUATION 783]
  Date/time : 2026-05-20 12:49:19
  x         : [224.94, 60.92, 60.32, 59.80, 60.07, 61.17, 2.62, 2.59, 2.58, 2.59, 2.73, 23.56, 24.18, 24.31, 21.29, 21.25, 1.11, 1.00, 1.06, 1.05, 1.01, 10.81, 10.97, 10.98, 10.96, 10.83, 1.59, 1.10, 1.10, 1.08, 1.08]
  Objective : 59.581

[EVALUATION 784]
  Date/time : 2026-05-20 12:49:25
  x         : [224.94, 60.92, 60.32, 59.80, 60.07, 61.17, 2.62, 2.59, 2.58, 2.59, 2.70, 23.83, 24.18, 24.31, 21.29, 21.25, 1.11, 1.00, 1.06, 1.05, 1.01, 10.81, 10.97, 10.98, 10.96, 10.83, 1.59, 1.10, 1.10, 1.08, 1.08]
  Objective : 59.506

[EVALUATION 785]
  Date/time : 2026-05-20 12:49:30
  x         : [224.94, 60.92, 60.32, 59.80, 60.07, 61.17, 2.62, 2.59, 2.58, 2.59, 2.70, 23.56, 24.45, 24.31, 21.29, 21.25, 1.11, 1.00, 1.06, 1.05, 1.01, 10.81, 10.97, 10.98, 10.96, 10.83, 1.59, 1.10, 1.10, 1.08, 1.08]
  Objective : 59.503

[EVALUATION 786]
  Date/time : 2026-05-20 12:49:36
  x         : [224.94, 60.92, 60.32, 59.80, 60.07, 61.17, 2.62, 2.59, 2.58, 2.59, 2.70, 23.56, 24.18, 24.58, 21.29, 21.25, 1.11, 1.00, 1.06, 1.05, 1.01, 10.81, 10.97, 10.98, 10.96, 10.83, 1.59, 1.10, 1.10, 1.08, 1.08]
  Objective : 59.505

[EVALUATION 787]
  Date/time : 2026-05-20 12:49:42
  x         : [224.94, 60.92, 60.32, 59.80, 60.07, 61.17, 2.62, 2.59, 2.58, 2.59, 2.70, 23.56, 24.18, 24.31, 21.56, 21.25, 1.11, 1.00, 1.06, 1.05, 1.01, 10.81, 10.97, 10.98, 10.96, 10.83, 1.59, 1.10, 1.10, 1.08, 1.08]
  Objective : 59.505

[EVALUATION 788]
  Date/time : 2026-05-20 12:49:47
  x         : [224.94, 60.92, 60.32, 59.80, 60.07, 61.17, 2.62, 2.59, 2.58, 2.59, 2.70, 23.56, 24.18, 24.31, 21.29, 21.51, 1.11, 1.00, 1.06, 1.05, 1.01, 10.81, 10.97, 10.98, 10.96, 10.83, 1.59, 1.10, 1.10, 1.08, 1.08]
  Objective : 59.504

[EVALUATION 789]
  Date/time : 2026-05-20 12:49:53
  x         : [224.94, 60.92, 60.32, 59.80, 60.07, 61.17, 2.62, 2.59, 2.58, 2.59, 2.70, 23.56, 24.18, 24.31, 21.29, 21.25, 1.14, 1.00, 1.06, 1.05, 1.01, 10.81, 10.97, 10.98, 10.96, 10.83, 1.59, 1.10, 1.10, 1.08, 1.08]
  Objective : 59.522

[EVALUATION 790]
  Date/time : 2026-05-20 12:49:59
  x         : [224.94, 60.92, 60.32, 59.80, 60.07, 61.17, 2.62, 2.59, 2.58, 2.59, 2.70, 23.56, 24.18, 24.31, 21.29, 21.25, 1.11, 1.02, 1.06, 1.05, 1.01, 10.81, 10.97, 10.98, 10.96, 10.83, 1.59, 1.10, 1.10, 1.08, 1.08]
  Objective : 59.524

[EVALUATION 791]
  Date/time : 2026-05-20 12:50:04
  x         : [224.94, 60.92, 60.32, 59.80, 60.07, 61.17, 2.62, 2.59, 2.58, 2.59, 2.70, 23.56, 24.18, 24.31, 21.29, 21.25, 1.11, 1.00, 1.08, 1.05, 1.01, 10.81, 10.97, 10.98, 10.96, 10.83, 1.59, 1.10, 1.10, 1.08, 1.08]
  Objective : 59.524

[EVALUATION 792]
  Date/time : 2026-05-20 12:50:10
  x         : [224.94, 60.92, 60.32, 59.80, 60.07, 61.17, 2.62, 2.59, 2.58, 2.59, 2.70, 23.56, 24.18, 24.31, 21.29, 21.25, 1.11, 1.00, 1.06, 1.07, 1.01, 10.81, 10.97, 10.98, 10.96, 10.83, 1.59, 1.10, 1.10, 1.08, 1.08]
  Objective : 59.518

[EVALUATION 793]
  Date/time : 2026-05-20 12:50:16
  x         : [224.94, 60.92, 60.32, 59.80, 60.07, 61.17, 2.62, 2.59, 2.58, 2.59, 2.70, 23.56, 24.18, 24.31, 21.29, 21.25, 1.11, 1.00, 1.06, 1.05, 1.04, 10.81, 10.97, 10.98, 10.96, 10.83, 1.59, 1.10, 1.10, 1.08, 1.08]
  Objective : 59.518

[EVALUATION 794]
  Date/time : 2026-05-20 12:50:21
  x         : [224.94, 60.92, 60.32, 59.80, 60.07, 61.17, 2.62, 2.59, 2.58, 2.59, 2.70, 23.56, 24.18, 24.31, 21.29, 21.25, 1.11, 1.00, 1.06, 1.05, 1.01, 11.08, 10.97, 10.98, 10.96, 10.83, 1.59, 1.10, 1.10, 1.08, 1.08]
  Objective : 59.511

[EVALUATION 795]
  Date/time : 2026-05-20 12:50:27
  x         : [224.94, 60.92, 60.32, 59.80, 60.07, 61.17, 2.62, 2.59, 2.58, 2.59, 2.70, 23.56, 24.18, 24.31, 21.29, 21.25, 1.11, 1.00, 1.06, 1.05, 1.01, 10.81, 11.24, 10.98, 10.96, 10.83, 1.59, 1.10, 1.10, 1.08, 1.08]
  Objective : 59.501

[EVALUATION 796]
  Date/time : 2026-05-20 12:50:33
  x         : [224.94, 60.92, 60.32, 59.80, 60.07, 61.17, 2.62, 2.59, 2.58, 2.59, 2.70, 23.56, 24.18, 24.31, 21.29, 21.25, 1.11, 1.00, 1.06, 1.05, 1.01, 10.81, 10.97, 11.25, 10.96, 10.83, 1.59, 1.10, 1.10, 1.08, 1.08]
  Objective : 59.501

[EVALUATION 797]
  Date/time : 2026-05-20 12:50:38
  x         : [224.94, 60.92, 60.32, 59.80, 60.07, 61.17, 2.62, 2.59, 2.58, 2.59, 2.70, 23.56, 24.18, 24.31, 21.29, 21.25, 1.11, 1.00, 1.06, 1.05, 1.01, 10.81, 10.97, 10.98, 11.23, 10.83, 1.59, 1.10, 1.10, 1.08, 1.08]
  Objective : 59.501

[EVALUATION 798]
  Date/time : 2026-05-20 12:50:44
  x         : [224.94, 60.92, 60.32, 59.80, 60.07, 61.17, 2.62, 2.59, 2.58, 2.59, 2.70, 23.56, 24.18, 24.31, 21.29, 21.25, 1.11, 1.00, 1.06, 1.05, 1.01, 10.81, 10.97, 10.98, 10.96, 11.10, 1.59, 1.10, 1.10, 1.08, 1.08]
  Objective : 59.501

[EVALUATION 799]
  Date/time : 2026-05-20 12:50:49
  x         : [224.94, 60.92, 60.32, 59.80, 60.07, 61.17, 2.62, 2.59, 2.58, 2.59, 2.70, 23.56, 24.18, 24.31, 21.29, 21.25, 1.11, 1.00, 1.06, 1.05, 1.01, 10.81, 10.97, 10.98, 10.96, 10.83, 1.62, 1.10, 1.10, 1.08, 1.08]
  Objective : 59.493

[EVALUATION 800]
  Date/time : 2026-05-20 12:50:55
  x         : [224.94, 60.92, 60.32, 59.80, 60.07, 61.17, 2.62, 2.59, 2.58, 2.59, 2.70, 23.56, 24.18, 24.31, 21.29, 21.25, 1.11, 1.00, 1.06, 1.05, 1.01, 10.81, 10.97, 10.98, 10.96, 10.83, 1.59, 1.12, 1.10, 1.08, 1.08]
  Objective : 59.495

[EVALUATION 801]
  Date/time : 2026-05-20 12:51:01
  x         : [224.94, 60.92, 60.32, 59.80, 60.07, 61.17, 2.62, 2.59, 2.58, 2.59, 2.70, 23.56, 24.18, 24.31, 21.29, 21.25, 1.11, 1.00, 1.06, 1.05, 1.01, 10.81, 10.97, 10.98, 10.96, 10.83, 1.59, 1.10, 1.12, 1.08, 1.08]
  Objective : 59.495

[EVALUATION 802]
  Date/time : 2026-05-20 12:51:06
  x         : [224.94, 60.92, 60.32, 59.80, 60.07, 61.17, 2.62, 2.59, 2.58, 2.59, 2.70, 23.56, 24.18, 24.31, 21.29, 21.25, 1.11, 1.00, 1.06, 1.05, 1.01, 10.81, 10.97, 10.98, 10.96, 10.83, 1.59, 1.10, 1.10, 1.11, 1.08]
  Objective : 59.495

[EVALUATION 803]
  Date/time : 2026-05-20 12:51:12
  x         : [224.94, 60.92, 60.32, 59.80, 60.07, 61.17, 2.62, 2.59, 2.58, 2.59, 2.70, 23.56, 24.18, 24.31, 21.29, 21.25, 1.11, 1.00, 1.06, 1.05, 1.01, 10.81, 10.97, 10.98, 10.96, 10.83, 1.59, 1.10, 1.10, 1.08, 1.11]
  Objective : 59.494

[EVALUATION 804]
  Date/time : 2026-05-20 12:51:18
  x         : [223.56, 61.01, 60.36, 59.84, 60.09, 61.22, 2.63, 2.60, 2.59, 2.60, 2.71, 23.44, 24.30, 24.58, 21.30, 21.26, 1.11, 1.00, 1.06, 1.05, 1.01, 10.78, 10.98, 10.99, 10.97, 10.85, 1.58, 1.10, 1.10, 1.08, 1.08]
  Objective : 59.560

[ITERATION 26]
  Date/time : 2026-05-20 12:51:18
  x         : [223.559892,  61.012295,  60.36137 ,  59.840295,  60.088181,  61.218378,
   2.626439,   2.596101,   2.588342,   2.595626,   2.713197,  23.435568,
  24.302703,  24.581453,  21.299188,  21.257482,   1.113591,   1.      ,
   1.060378,   1.045356,   1.00686 ,  10.777981,  10.977302,  10.994557,
  10.96752 ,  10.845665,   1.583782,   1.100705,   1.104464,   1.084326,
   1.082211]

Util_LB     Column:    0.044  Brace:    0.006
Util_NF     Column:    0.684  Brace:    0.677
Util_S      Column:    0.028  Brace:    0.022
Util_T      Column:    0.055  Brace:    0.073
Util_BR     Column:    0.904  Brace:    0.897
Util_IN     Column:    1.003  Brace:    0.999
Util_BS_sig  Column:    N/A    Brace:    0.994
Util_BS_defl  Column:    N/A    Brace:    0.349
[EVALUATION 805]
  Date/time : 2026-05-20 12:51:23
  x         : [225.58, 61.01, 60.36, 59.84, 60.09, 61.22, 2.63, 2.60, 2.59, 2.60, 2.71, 23.44, 24.30, 24.58, 21.30, 21.26, 1.11, 1.00, 1.06, 1.05, 1.01, 10.78, 10.98, 10.99, 10.97, 10.85, 1.58, 1.10, 1.10, 1.08, 1.08]
  Objective : 59.673

[EVALUATION 806]
  Date/time : 2026-05-20 12:51:29
  x         : [223.56, 61.77, 60.36, 59.84, 60.09, 61.22, 2.63, 2.60, 2.59, 2.60, 2.71, 23.44, 24.30, 24.58, 21.30, 21.26, 1.11, 1.00, 1.06, 1.05, 1.01, 10.78, 10.98, 10.99, 10.97, 10.85, 1.58, 1.10, 1.10, 1.08, 1.08]
  Objective : 59.680

[EVALUATION 807]
  Date/time : 2026-05-20 12:51:35
  x         : [223.56, 61.01, 61.12, 59.84, 60.09, 61.22, 2.63, 2.60, 2.59, 2.60, 2.71, 23.44, 24.30, 24.58, 21.30, 21.26, 1.11, 1.00, 1.06, 1.05, 1.01, 10.78, 10.98, 10.99, 10.97, 10.85, 1.58, 1.10, 1.10, 1.08, 1.08]
  Objective : 59.678

[EVALUATION 808]
  Date/time : 2026-05-20 12:51:41
  x         : [223.56, 61.01, 60.36, 60.60, 60.09, 61.22, 2.63, 2.60, 2.59, 2.60, 2.71, 23.44, 24.30, 24.58, 21.30, 21.26, 1.11, 1.00, 1.06, 1.05, 1.01, 10.78, 10.98, 10.99, 10.97, 10.85, 1.58, 1.10, 1.10, 1.08, 1.08]
  Objective : 59.678

[EVALUATION 809]
  Date/time : 2026-05-20 12:51:46
  x         : [223.56, 61.01, 60.36, 59.84, 60.85, 61.22, 2.63, 2.60, 2.59, 2.60, 2.71, 23.44, 24.30, 24.58, 21.30, 21.26, 1.11, 1.00, 1.06, 1.05, 1.01, 10.78, 10.98, 10.99, 10.97, 10.85, 1.58, 1.10, 1.10, 1.08, 1.08]
  Objective : 59.678

[EVALUATION 810]
  Date/time : 2026-05-20 12:51:52
  x         : [223.56, 61.01, 60.36, 59.84, 60.09, 61.98, 2.63, 2.60, 2.59, 2.60, 2.71, 23.44, 24.30, 24.58, 21.30, 21.26, 1.11, 1.00, 1.06, 1.05, 1.01, 10.78, 10.98, 10.99, 10.97, 10.85, 1.58, 1.10, 1.10, 1.08, 1.08]
  Objective : 59.685

[EVALUATION 811]
  Date/time : 2026-05-20 12:51:58
  x         : [223.56, 61.01, 60.36, 59.84, 60.09, 61.22, 2.66, 2.60, 2.59, 2.60, 2.71, 23.44, 24.30, 24.58, 21.30, 21.26, 1.11, 1.00, 1.06, 1.05, 1.01, 10.78, 10.98, 10.99, 10.97, 10.85, 1.58, 1.10, 1.10, 1.08, 1.08]
  Objective : 59.660

[EVALUATION 812]
  Date/time : 2026-05-20 12:52:03
  x         : [223.56, 61.01, 60.36, 59.84, 60.09, 61.22, 2.63, 2.63, 2.59, 2.60, 2.71, 23.44, 24.30, 24.58, 21.30, 21.26, 1.11, 1.00, 1.06, 1.05, 1.01, 10.78, 10.98, 10.99, 10.97, 10.85, 1.58, 1.10, 1.10, 1.08, 1.08]
  Objective : 59.659

[EVALUATION 813]
  Date/time : 2026-05-20 12:52:09
  x         : [223.56, 61.01, 60.36, 59.84, 60.09, 61.22, 2.63, 2.60, 2.62, 2.60, 2.71, 23.44, 24.30, 24.58, 21.30, 21.26, 1.11, 1.00, 1.06, 1.05, 1.01, 10.78, 10.98, 10.99, 10.97, 10.85, 1.58, 1.10, 1.10, 1.08, 1.08]
  Objective : 59.658

[EVALUATION 814]
  Date/time : 2026-05-20 12:52:14
  x         : [223.56, 61.01, 60.36, 59.84, 60.09, 61.22, 2.63, 2.60, 2.59, 2.63, 2.71, 23.44, 24.30, 24.58, 21.30, 21.26, 1.11, 1.00, 1.06, 1.05, 1.01, 10.78, 10.98, 10.99, 10.97, 10.85, 1.58, 1.10, 1.10, 1.08, 1.08]
  Objective : 59.658

[EVALUATION 815]
  Date/time : 2026-05-20 12:52:20
  x         : [223.56, 61.01, 60.36, 59.84, 60.09, 61.22, 2.63, 2.60, 2.59, 2.60, 2.74, 23.44, 24.30, 24.58, 21.30, 21.26, 1.11, 1.00, 1.06, 1.05, 1.01, 10.78, 10.98, 10.99, 10.97, 10.85, 1.58, 1.10, 1.10, 1.08, 1.08]
  Objective : 59.661

[EVALUATION 816]
  Date/time : 2026-05-20 12:52:26
  x         : [223.56, 61.01, 60.36, 59.84, 60.09, 61.22, 2.63, 2.60, 2.59, 2.60, 2.71, 23.70, 24.30, 24.58, 21.30, 21.26, 1.11, 1.00, 1.06, 1.05, 1.01, 10.78, 10.98, 10.99, 10.97, 10.85, 1.58, 1.10, 1.10, 1.08, 1.08]
  Objective : 59.586

[EVALUATION 817]
  Date/time : 2026-05-20 12:52:32
  x         : [223.56, 61.01, 60.36, 59.84, 60.09, 61.22, 2.63, 2.60, 2.59, 2.60, 2.71, 23.44, 24.57, 24.58, 21.30, 21.26, 1.11, 1.00, 1.06, 1.05, 1.01, 10.78, 10.98, 10.99, 10.97, 10.85, 1.58, 1.10, 1.10, 1.08, 1.08]
  Objective : 59.583

[EVALUATION 818]
  Date/time : 2026-05-20 12:52:37
  x         : [223.56, 61.01, 60.36, 59.84, 60.09, 61.22, 2.63, 2.60, 2.59, 2.60, 2.71, 23.44, 24.30, 24.85, 21.30, 21.26, 1.11, 1.00, 1.06, 1.05, 1.01, 10.78, 10.98, 10.99, 10.97, 10.85, 1.58, 1.10, 1.10, 1.08, 1.08]
  Objective : 59.584

[EVALUATION 819]
  Date/time : 2026-05-20 12:52:43
  x         : [223.56, 61.01, 60.36, 59.84, 60.09, 61.22, 2.63, 2.60, 2.59, 2.60, 2.71, 23.44, 24.30, 24.58, 21.57, 21.26, 1.11, 1.00, 1.06, 1.05, 1.01, 10.78, 10.98, 10.99, 10.97, 10.85, 1.58, 1.10, 1.10, 1.08, 1.08]
  Objective : 59.584

[EVALUATION 820]
  Date/time : 2026-05-20 12:52:48
  x         : [223.56, 61.01, 60.36, 59.84, 60.09, 61.22, 2.63, 2.60, 2.59, 2.60, 2.71, 23.44, 24.30, 24.58, 21.30, 21.53, 1.11, 1.00, 1.06, 1.05, 1.01, 10.78, 10.98, 10.99, 10.97, 10.85, 1.58, 1.10, 1.10, 1.08, 1.08]
  Objective : 59.583

[EVALUATION 821]
  Date/time : 2026-05-20 12:52:54
  x         : [223.56, 61.01, 60.36, 59.84, 60.09, 61.22, 2.63, 2.60, 2.59, 2.60, 2.71, 23.44, 24.30, 24.58, 21.30, 21.26, 1.14, 1.00, 1.06, 1.05, 1.01, 10.78, 10.98, 10.99, 10.97, 10.85, 1.58, 1.10, 1.10, 1.08, 1.08]
  Objective : 59.602

[EVALUATION 822]
  Date/time : 2026-05-20 12:53:00
  x         : [223.56, 61.01, 60.36, 59.84, 60.09, 61.22, 2.63, 2.60, 2.59, 2.60, 2.71, 23.44, 24.30, 24.58, 21.30, 21.26, 1.11, 1.02, 1.06, 1.05, 1.01, 10.78, 10.98, 10.99, 10.97, 10.85, 1.58, 1.10, 1.10, 1.08, 1.08]
  Objective : 59.604

[EVALUATION 823]
  Date/time : 2026-05-20 12:53:05
  x         : [223.56, 61.01, 60.36, 59.84, 60.09, 61.22, 2.63, 2.60, 2.59, 2.60, 2.71, 23.44, 24.30, 24.58, 21.30, 21.26, 1.11, 1.00, 1.08, 1.05, 1.01, 10.78, 10.98, 10.99, 10.97, 10.85, 1.58, 1.10, 1.10, 1.08, 1.08]
  Objective : 59.604

[EVALUATION 824]
  Date/time : 2026-05-20 12:53:11
  x         : [223.56, 61.01, 60.36, 59.84, 60.09, 61.22, 2.63, 2.60, 2.59, 2.60, 2.71, 23.44, 24.30, 24.58, 21.30, 21.26, 1.11, 1.00, 1.06, 1.07, 1.01, 10.78, 10.98, 10.99, 10.97, 10.85, 1.58, 1.10, 1.10, 1.08, 1.08]
  Objective : 59.598

[EVALUATION 825]
  Date/time : 2026-05-20 12:53:16
  x         : [223.56, 61.01, 60.36, 59.84, 60.09, 61.22, 2.63, 2.60, 2.59, 2.60, 2.71, 23.44, 24.30, 24.58, 21.30, 21.26, 1.11, 1.00, 1.06, 1.05, 1.03, 10.78, 10.98, 10.99, 10.97, 10.85, 1.58, 1.10, 1.10, 1.08, 1.08]
  Objective : 59.598

[EVALUATION 826]
  Date/time : 2026-05-20 12:53:22
  x         : [223.56, 61.01, 60.36, 59.84, 60.09, 61.22, 2.63, 2.60, 2.59, 2.60, 2.71, 23.44, 24.30, 24.58, 21.30, 21.26, 1.11, 1.00, 1.06, 1.05, 1.01, 11.05, 10.98, 10.99, 10.97, 10.85, 1.58, 1.10, 1.10, 1.08, 1.08]
  Objective : 59.590

[EVALUATION 827]
  Date/time : 2026-05-20 12:53:27
  x         : [223.56, 61.01, 60.36, 59.84, 60.09, 61.22, 2.63, 2.60, 2.59, 2.60, 2.71, 23.44, 24.30, 24.58, 21.30, 21.26, 1.11, 1.00, 1.06, 1.05, 1.01, 10.78, 11.25, 10.99, 10.97, 10.85, 1.58, 1.10, 1.10, 1.08, 1.08]
  Objective : 59.581

[EVALUATION 828]
  Date/time : 2026-05-20 12:53:33
  x         : [223.56, 61.01, 60.36, 59.84, 60.09, 61.22, 2.63, 2.60, 2.59, 2.60, 2.71, 23.44, 24.30, 24.58, 21.30, 21.26, 1.11, 1.00, 1.06, 1.05, 1.01, 10.78, 10.98, 11.26, 10.97, 10.85, 1.58, 1.10, 1.10, 1.08, 1.08]
  Objective : 59.581

[EVALUATION 829]
  Date/time : 2026-05-20 12:53:38
  x         : [223.56, 61.01, 60.36, 59.84, 60.09, 61.22, 2.63, 2.60, 2.59, 2.60, 2.71, 23.44, 24.30, 24.58, 21.30, 21.26, 1.11, 1.00, 1.06, 1.05, 1.01, 10.78, 10.98, 10.99, 11.24, 10.85, 1.58, 1.10, 1.10, 1.08, 1.08]
  Objective : 59.581

[EVALUATION 830]
  Date/time : 2026-05-20 12:53:44
  x         : [223.56, 61.01, 60.36, 59.84, 60.09, 61.22, 2.63, 2.60, 2.59, 2.60, 2.71, 23.44, 24.30, 24.58, 21.30, 21.26, 1.11, 1.00, 1.06, 1.05, 1.01, 10.78, 10.98, 10.99, 10.97, 11.11, 1.58, 1.10, 1.10, 1.08, 1.08]
  Objective : 59.581

[EVALUATION 831]
  Date/time : 2026-05-20 12:53:50
  x         : [223.56, 61.01, 60.36, 59.84, 60.09, 61.22, 2.63, 2.60, 2.59, 2.60, 2.71, 23.44, 24.30, 24.58, 21.30, 21.26, 1.11, 1.00, 1.06, 1.05, 1.01, 10.78, 10.98, 10.99, 10.97, 10.85, 1.61, 1.10, 1.10, 1.08, 1.08]
  Objective : 59.572

[EVALUATION 832]
  Date/time : 2026-05-20 12:53:55
  x         : [223.56, 61.01, 60.36, 59.84, 60.09, 61.22, 2.63, 2.60, 2.59, 2.60, 2.71, 23.44, 24.30, 24.58, 21.30, 21.26, 1.11, 1.00, 1.06, 1.05, 1.01, 10.78, 10.98, 10.99, 10.97, 10.85, 1.58, 1.12, 1.10, 1.08, 1.08]
  Objective : 59.574

[EVALUATION 833]
  Date/time : 2026-05-20 12:54:01
  x         : [223.56, 61.01, 60.36, 59.84, 60.09, 61.22, 2.63, 2.60, 2.59, 2.60, 2.71, 23.44, 24.30, 24.58, 21.30, 21.26, 1.11, 1.00, 1.06, 1.05, 1.01, 10.78, 10.98, 10.99, 10.97, 10.85, 1.58, 1.10, 1.13, 1.08, 1.08]
  Objective : 59.574

[EVALUATION 834]
  Date/time : 2026-05-20 12:54:07
  x         : [223.56, 61.01, 60.36, 59.84, 60.09, 61.22, 2.63, 2.60, 2.59, 2.60, 2.71, 23.44, 24.30, 24.58, 21.30, 21.26, 1.11, 1.00, 1.06, 1.05, 1.01, 10.78, 10.98, 10.99, 10.97, 10.85, 1.58, 1.10, 1.10, 1.11, 1.08]
  Objective : 59.574

[EVALUATION 835]
  Date/time : 2026-05-20 12:54:12
  x         : [223.56, 61.01, 60.36, 59.84, 60.09, 61.22, 2.63, 2.60, 2.59, 2.60, 2.71, 23.44, 24.30, 24.58, 21.30, 21.26, 1.11, 1.00, 1.06, 1.05, 1.01, 10.78, 10.98, 10.99, 10.97, 10.85, 1.58, 1.10, 1.10, 1.08, 1.11]
  Objective : 59.574

[EVALUATION 836]
  Date/time : 2026-05-20 12:54:18
  x         : [222.05, 61.06, 60.41, 59.89, 60.10, 61.27, 2.63, 2.60, 2.60, 2.60, 2.73, 23.50, 24.44, 24.72, 21.30, 21.26, 1.11, 1.00, 1.06, 1.04, 1.00, 10.76, 10.98, 11.00, 10.97, 10.85, 1.58, 1.10, 1.11, 1.09, 1.08]
  Objective : 59.638

[ITERATION 27]
  Date/time : 2026-05-20 12:54:19
  x         : [222.04693 ,  61.056835,  60.410493,  59.886165,  60.098056,  61.272137,
   2.634494,   2.598271,   2.597263,   2.597704,   2.729033,  23.496712,
  24.43722 ,  24.71597 ,  21.304931,  21.263225,   1.11292 ,   1.      ,
   1.059218,   1.03974 ,   1.      ,  10.763068,  10.984081,  11.001336,
  10.969691,  10.852443,   1.579141,   1.102182,   1.105941,   1.086853,
   1.081331]

Util_LB     Column:    0.044  Brace:    0.006
Util_NF     Column:    0.686  Brace:    0.679
Util_S      Column:    0.028  Brace:    0.022
Util_T      Column:    0.055  Brace:    0.074
Util_BR     Column:    0.903  Brace:    0.897
Util_IN     Column:    1.003  Brace:    1.000
Util_BS_sig  Column:    N/A    Brace:    0.993
Util_BS_defl  Column:    N/A    Brace:    0.346
[EVALUATION 837]
  Date/time : 2026-05-20 12:54:24
  x         : [224.07, 61.06, 60.41, 59.89, 60.10, 61.27, 2.63, 2.60, 2.60, 2.60, 2.73, 23.50, 24.44, 24.72, 21.30, 21.26, 1.11, 1.00, 1.06, 1.04, 1.00, 10.76, 10.98, 11.00, 10.97, 10.85, 1.58, 1.10, 1.11, 1.09, 1.08]
  Objective : 59.751

[EVALUATION 838]
  Date/time : 2026-05-20 12:54:30
  x         : [222.05, 61.82, 60.41, 59.89, 60.10, 61.27, 2.63, 2.60, 2.60, 2.60, 2.73, 23.50, 24.44, 24.72, 21.30, 21.26, 1.11, 1.00, 1.06, 1.04, 1.00, 10.76, 10.98, 11.00, 10.97, 10.85, 1.58, 1.10, 1.11, 1.09, 1.08]
  Objective : 59.758

[EVALUATION 839]
  Date/time : 2026-05-20 12:54:35
  x         : [222.05, 61.06, 61.17, 59.89, 60.10, 61.27, 2.63, 2.60, 2.60, 2.60, 2.73, 23.50, 24.44, 24.72, 21.30, 21.26, 1.11, 1.00, 1.06, 1.04, 1.00, 10.76, 10.98, 11.00, 10.97, 10.85, 1.58, 1.10, 1.11, 1.09, 1.08]
  Objective : 59.756

[EVALUATION 840]
  Date/time : 2026-05-20 12:54:41
  x         : [222.05, 61.06, 60.41, 60.65, 60.10, 61.27, 2.63, 2.60, 2.60, 2.60, 2.73, 23.50, 24.44, 24.72, 21.30, 21.26, 1.11, 1.00, 1.06, 1.04, 1.00, 10.76, 10.98, 11.00, 10.97, 10.85, 1.58, 1.10, 1.11, 1.09, 1.08]
  Objective : 59.756

[EVALUATION 841]
  Date/time : 2026-05-20 12:54:47
  x         : [222.05, 61.06, 60.41, 59.89, 60.86, 61.27, 2.63, 2.60, 2.60, 2.60, 2.73, 23.50, 24.44, 24.72, 21.30, 21.26, 1.11, 1.00, 1.06, 1.04, 1.00, 10.76, 10.98, 11.00, 10.97, 10.85, 1.58, 1.10, 1.11, 1.09, 1.08]
  Objective : 59.756

[EVALUATION 842]
  Date/time : 2026-05-20 12:54:52
  x         : [222.05, 61.06, 60.41, 59.89, 60.10, 62.03, 2.63, 2.60, 2.60, 2.60, 2.73, 23.50, 24.44, 24.72, 21.30, 21.26, 1.11, 1.00, 1.06, 1.04, 1.00, 10.76, 10.98, 11.00, 10.97, 10.85, 1.58, 1.10, 1.11, 1.09, 1.08]
  Objective : 59.764

[EVALUATION 843]
  Date/time : 2026-05-20 12:54:58
  x         : [222.05, 61.06, 60.41, 59.89, 60.10, 61.27, 2.66, 2.60, 2.60, 2.60, 2.73, 23.50, 24.44, 24.72, 21.30, 21.26, 1.11, 1.00, 1.06, 1.04, 1.00, 10.76, 10.98, 11.00, 10.97, 10.85, 1.58, 1.10, 1.11, 1.09, 1.08]
  Objective : 59.738

[EVALUATION 844]
  Date/time : 2026-05-20 12:55:04
  x         : [222.05, 61.06, 60.41, 59.89, 60.10, 61.27, 2.63, 2.63, 2.60, 2.60, 2.73, 23.50, 24.44, 24.72, 21.30, 21.26, 1.11, 1.00, 1.06, 1.04, 1.00, 10.76, 10.98, 11.00, 10.97, 10.85, 1.58, 1.10, 1.11, 1.09, 1.08]
  Objective : 59.737

[EVALUATION 845]
  Date/time : 2026-05-20 12:55:09
  x         : [222.05, 61.06, 60.41, 59.89, 60.10, 61.27, 2.63, 2.60, 2.63, 2.60, 2.73, 23.50, 24.44, 24.72, 21.30, 21.26, 1.11, 1.00, 1.06, 1.04, 1.00, 10.76, 10.98, 11.00, 10.97, 10.85, 1.58, 1.10, 1.11, 1.09, 1.08]
  Objective : 59.736

[EVALUATION 846]
  Date/time : 2026-05-20 12:55:15
  x         : [222.05, 61.06, 60.41, 59.89, 60.10, 61.27, 2.63, 2.60, 2.60, 2.63, 2.73, 23.50, 24.44, 24.72, 21.30, 21.26, 1.11, 1.00, 1.06, 1.04, 1.00, 10.76, 10.98, 11.00, 10.97, 10.85, 1.58, 1.10, 1.11, 1.09, 1.08]
  Objective : 59.737

[EVALUATION 847]
  Date/time : 2026-05-20 12:55:21
  x         : [222.05, 61.06, 60.41, 59.89, 60.10, 61.27, 2.63, 2.60, 2.60, 2.60, 2.76, 23.50, 24.44, 24.72, 21.30, 21.26, 1.11, 1.00, 1.06, 1.04, 1.00, 10.76, 10.98, 11.00, 10.97, 10.85, 1.58, 1.10, 1.11, 1.09, 1.08]
  Objective : 59.739

[EVALUATION 848]
  Date/time : 2026-05-20 12:55:26
  x         : [222.05, 61.06, 60.41, 59.89, 60.10, 61.27, 2.63, 2.60, 2.60, 2.60, 2.73, 23.77, 24.44, 24.72, 21.30, 21.26, 1.11, 1.00, 1.06, 1.04, 1.00, 10.76, 10.98, 11.00, 10.97, 10.85, 1.58, 1.10, 1.11, 1.09, 1.08]
  Objective : 59.664

[EVALUATION 849]
  Date/time : 2026-05-20 12:55:32
  x         : [222.05, 61.06, 60.41, 59.89, 60.10, 61.27, 2.63, 2.60, 2.60, 2.60, 2.73, 23.50, 24.71, 24.72, 21.30, 21.26, 1.11, 1.00, 1.06, 1.04, 1.00, 10.76, 10.98, 11.00, 10.97, 10.85, 1.58, 1.10, 1.11, 1.09, 1.08]
  Objective : 59.661

[EVALUATION 850]
  Date/time : 2026-05-20 12:55:38
  x         : [222.05, 61.06, 60.41, 59.89, 60.10, 61.27, 2.63, 2.60, 2.60, 2.60, 2.73, 23.50, 24.44, 24.98, 21.30, 21.26, 1.11, 1.00, 1.06, 1.04, 1.00, 10.76, 10.98, 11.00, 10.97, 10.85, 1.58, 1.10, 1.11, 1.09, 1.08]
  Objective : 59.662

[EVALUATION 851]
  Date/time : 2026-05-20 12:55:43
  x         : [222.05, 61.06, 60.41, 59.89, 60.10, 61.27, 2.63, 2.60, 2.60, 2.60, 2.73, 23.50, 24.44, 24.72, 21.57, 21.26, 1.11, 1.00, 1.06, 1.04, 1.00, 10.76, 10.98, 11.00, 10.97, 10.85, 1.58, 1.10, 1.11, 1.09, 1.08]
  Objective : 59.662

[EVALUATION 852]
  Date/time : 2026-05-20 12:55:50
  x         : [222.05, 61.06, 60.41, 59.89, 60.10, 61.27, 2.63, 2.60, 2.60, 2.60, 2.73, 23.50, 24.44, 24.72, 21.30, 21.53, 1.11, 1.00, 1.06, 1.04, 1.00, 10.76, 10.98, 11.00, 10.97, 10.85, 1.58, 1.10, 1.11, 1.09, 1.08]
  Objective : 59.661

[EVALUATION 853]
  Date/time : 2026-05-20 12:55:55
  x         : [222.05, 61.06, 60.41, 59.89, 60.10, 61.27, 2.63, 2.60, 2.60, 2.60, 2.73, 23.50, 24.44, 24.72, 21.30, 21.26, 1.14, 1.00, 1.06, 1.04, 1.00, 10.76, 10.98, 11.00, 10.97, 10.85, 1.58, 1.10, 1.11, 1.09, 1.08]
  Objective : 59.680

[EVALUATION 854]
  Date/time : 2026-05-20 12:56:01
  x         : [222.05, 61.06, 60.41, 59.89, 60.10, 61.27, 2.63, 2.60, 2.60, 2.60, 2.73, 23.50, 24.44, 24.72, 21.30, 21.26, 1.11, 1.02, 1.06, 1.04, 1.00, 10.76, 10.98, 11.00, 10.97, 10.85, 1.58, 1.10, 1.11, 1.09, 1.08]
  Objective : 59.682

[EVALUATION 855]
  Date/time : 2026-05-20 12:56:06
  x         : [222.05, 61.06, 60.41, 59.89, 60.10, 61.27, 2.63, 2.60, 2.60, 2.60, 2.73, 23.50, 24.44, 24.72, 21.30, 21.26, 1.11, 1.00, 1.08, 1.04, 1.00, 10.76, 10.98, 11.00, 10.97, 10.85, 1.58, 1.10, 1.11, 1.09, 1.08]
  Objective : 59.682

[EVALUATION 856]
  Date/time : 2026-05-20 12:56:12
  x         : [222.05, 61.06, 60.41, 59.89, 60.10, 61.27, 2.63, 2.60, 2.60, 2.60, 2.73, 23.50, 24.44, 24.72, 21.30, 21.26, 1.11, 1.00, 1.06, 1.06, 1.00, 10.76, 10.98, 11.00, 10.97, 10.85, 1.58, 1.10, 1.11, 1.09, 1.08]
  Objective : 59.676

[EVALUATION 857]
  Date/time : 2026-05-20 12:56:18
  x         : [222.05, 61.06, 60.41, 59.89, 60.10, 61.27, 2.63, 2.60, 2.60, 2.60, 2.73, 23.50, 24.44, 24.72, 21.30, 21.26, 1.11, 1.00, 1.06, 1.04, 1.02, 10.76, 10.98, 11.00, 10.97, 10.85, 1.58, 1.10, 1.11, 1.09, 1.08]
  Objective : 59.676

[EVALUATION 858]
  Date/time : 2026-05-20 12:56:23
  x         : [222.05, 61.06, 60.41, 59.89, 60.10, 61.27, 2.63, 2.60, 2.60, 2.60, 2.73, 23.50, 24.44, 24.72, 21.30, 21.26, 1.11, 1.00, 1.06, 1.04, 1.00, 11.03, 10.98, 11.00, 10.97, 10.85, 1.58, 1.10, 1.11, 1.09, 1.08]
  Objective : 59.668

[EVALUATION 859]
  Date/time : 2026-05-20 12:56:29
  x         : [222.05, 61.06, 60.41, 59.89, 60.10, 61.27, 2.63, 2.60, 2.60, 2.60, 2.73, 23.50, 24.44, 24.72, 21.30, 21.26, 1.11, 1.00, 1.06, 1.04, 1.00, 10.76, 11.25, 11.00, 10.97, 10.85, 1.58, 1.10, 1.11, 1.09, 1.08]
  Objective : 59.659

[EVALUATION 860]
  Date/time : 2026-05-20 12:56:35
  x         : [222.05, 61.06, 60.41, 59.89, 60.10, 61.27, 2.63, 2.60, 2.60, 2.60, 2.73, 23.50, 24.44, 24.72, 21.30, 21.26, 1.11, 1.00, 1.06, 1.04, 1.00, 10.76, 10.98, 11.27, 10.97, 10.85, 1.58, 1.10, 1.11, 1.09, 1.08]
  Objective : 59.659

[EVALUATION 861]
  Date/time : 2026-05-20 12:56:41
  x         : [222.05, 61.06, 60.41, 59.89, 60.10, 61.27, 2.63, 2.60, 2.60, 2.60, 2.73, 23.50, 24.44, 24.72, 21.30, 21.26, 1.11, 1.00, 1.06, 1.04, 1.00, 10.76, 10.98, 11.00, 11.24, 10.85, 1.58, 1.10, 1.11, 1.09, 1.08]
  Objective : 59.659

[EVALUATION 862]
  Date/time : 2026-05-20 12:56:46
  x         : [222.05, 61.06, 60.41, 59.89, 60.10, 61.27, 2.63, 2.60, 2.60, 2.60, 2.73, 23.50, 24.44, 24.72, 21.30, 21.26, 1.11, 1.00, 1.06, 1.04, 1.00, 10.76, 10.98, 11.00, 10.97, 11.12, 1.58, 1.10, 1.11, 1.09, 1.08]
  Objective : 59.659

[EVALUATION 863]
  Date/time : 2026-05-20 12:56:52
  x         : [222.05, 61.06, 60.41, 59.89, 60.10, 61.27, 2.63, 2.60, 2.60, 2.60, 2.73, 23.50, 24.44, 24.72, 21.30, 21.26, 1.11, 1.00, 1.06, 1.04, 1.00, 10.76, 10.98, 11.00, 10.97, 10.85, 1.60, 1.10, 1.11, 1.09, 1.08]
  Objective : 59.650

[EVALUATION 864]
  Date/time : 2026-05-20 12:56:58
  x         : [222.05, 61.06, 60.41, 59.89, 60.10, 61.27, 2.63, 2.60, 2.60, 2.60, 2.73, 23.50, 24.44, 24.72, 21.30, 21.26, 1.11, 1.00, 1.06, 1.04, 1.00, 10.76, 10.98, 11.00, 10.97, 10.85, 1.58, 1.13, 1.11, 1.09, 1.08]
  Objective : 59.652

[EVALUATION 865]
  Date/time : 2026-05-20 12:57:03
  x         : [222.05, 61.06, 60.41, 59.89, 60.10, 61.27, 2.63, 2.60, 2.60, 2.60, 2.73, 23.50, 24.44, 24.72, 21.30, 21.26, 1.11, 1.00, 1.06, 1.04, 1.00, 10.76, 10.98, 11.00, 10.97, 10.85, 1.58, 1.10, 1.13, 1.09, 1.08]
  Objective : 59.652

[EVALUATION 866]
  Date/time : 2026-05-20 12:57:09
  x         : [222.05, 61.06, 60.41, 59.89, 60.10, 61.27, 2.63, 2.60, 2.60, 2.60, 2.73, 23.50, 24.44, 24.72, 21.30, 21.26, 1.11, 1.00, 1.06, 1.04, 1.00, 10.76, 10.98, 11.00, 10.97, 10.85, 1.58, 1.10, 1.11, 1.11, 1.08]
  Objective : 59.652

[EVALUATION 867]
  Date/time : 2026-05-20 12:57:15
  x         : [222.05, 61.06, 60.41, 59.89, 60.10, 61.27, 2.63, 2.60, 2.60, 2.60, 2.73, 23.50, 24.44, 24.72, 21.30, 21.26, 1.11, 1.00, 1.06, 1.04, 1.00, 10.76, 10.98, 11.00, 10.97, 10.85, 1.58, 1.10, 1.11, 1.09, 1.10]
  Objective : 59.652

[EVALUATION 868]
  Date/time : 2026-05-20 12:57:21
  x         : [220.38, 61.11, 60.46, 59.94, 60.11, 61.33, 2.64, 2.60, 2.61, 2.60, 2.75, 23.47, 24.29, 24.86, 21.31, 21.27, 1.11, 1.00, 1.06, 1.03, 1.00, 10.75, 10.99, 11.01, 10.97, 10.86, 1.57, 1.10, 1.11, 1.09, 1.08]
  Objective : 59.699

[ITERATION 28]
  Date/time : 2026-05-20 12:57:21
  x         : [220.382672,  61.10583 ,  60.464528,  59.936621,  60.108918,  61.331272,
   2.643353,   2.600117,   2.607075,   2.59999 ,   2.746452,  23.46614 ,
  24.289251,  24.863939,  21.311247,  21.269541,   1.111081,   1.      ,
   1.057941,   1.033562,   1.      ,  10.746663,  10.991538,  11.008793,
  10.972079,  10.8599  ,   1.574035,   1.103806,   1.107566,   1.088533,
   1.081656]

Util_LB     Column:    0.044  Brace:    0.006
Util_NF     Column:    0.688  Brace:    0.681
Util_S      Column:    0.028  Brace:    0.023
Util_T      Column:    0.055  Brace:    0.074
Util_BR     Column:    0.904  Brace:    0.897
Util_IN     Column:    1.004  Brace:    1.000
Util_BS_sig  Column:    N/A    Brace:    0.985
Util_BS_defl  Column:    N/A    Brace:    0.341
[EVALUATION 869]
  Date/time : 2026-05-20 12:57:26
  x         : [222.40, 61.11, 60.46, 59.94, 60.11, 61.33, 2.64, 2.60, 2.61, 2.60, 2.75, 23.47, 24.29, 24.86, 21.31, 21.27, 1.11, 1.00, 1.06, 1.03, 1.00, 10.75, 10.99, 11.01, 10.97, 10.86, 1.57, 1.10, 1.11, 1.09, 1.08]
  Objective : 59.811

[EVALUATION 870]
  Date/time : 2026-05-20 12:57:33
  x         : [220.38, 61.87, 60.46, 59.94, 60.11, 61.33, 2.64, 2.60, 2.61, 2.60, 2.75, 23.47, 24.29, 24.86, 21.31, 21.27, 1.11, 1.00, 1.06, 1.03, 1.00, 10.75, 10.99, 11.01, 10.97, 10.86, 1.57, 1.10, 1.11, 1.09, 1.08]
  Objective : 59.819

[EVALUATION 871]
  Date/time : 2026-05-20 12:57:38
  x         : [220.38, 61.11, 61.23, 59.94, 60.11, 61.33, 2.64, 2.60, 2.61, 2.60, 2.75, 23.47, 24.29, 24.86, 21.31, 21.27, 1.11, 1.00, 1.06, 1.03, 1.00, 10.75, 10.99, 11.01, 10.97, 10.86, 1.57, 1.10, 1.11, 1.09, 1.08]
  Objective : 59.817

[EVALUATION 872]
  Date/time : 2026-05-20 12:57:44
  x         : [220.38, 61.11, 60.46, 60.70, 60.11, 61.33, 2.64, 2.60, 2.61, 2.60, 2.75, 23.47, 24.29, 24.86, 21.31, 21.27, 1.11, 1.00, 1.06, 1.03, 1.00, 10.75, 10.99, 11.01, 10.97, 10.86, 1.57, 1.10, 1.11, 1.09, 1.08]
  Objective : 59.817

[EVALUATION 873]
  Date/time : 2026-05-20 12:57:49
  x         : [220.38, 61.11, 60.46, 59.94, 60.87, 61.33, 2.64, 2.60, 2.61, 2.60, 2.75, 23.47, 24.29, 24.86, 21.31, 21.27, 1.11, 1.00, 1.06, 1.03, 1.00, 10.75, 10.99, 11.01, 10.97, 10.86, 1.57, 1.10, 1.11, 1.09, 1.08]
  Objective : 59.817

[EVALUATION 874]
  Date/time : 2026-05-20 12:57:55
  x         : [220.38, 61.11, 60.46, 59.94, 60.11, 62.09, 2.64, 2.60, 2.61, 2.60, 2.75, 23.47, 24.29, 24.86, 21.31, 21.27, 1.11, 1.00, 1.06, 1.03, 1.00, 10.75, 10.99, 11.01, 10.97, 10.86, 1.57, 1.10, 1.11, 1.09, 1.08]
  Objective : 59.825

[EVALUATION 875]
  Date/time : 2026-05-20 12:58:01
  x         : [220.38, 61.11, 60.46, 59.94, 60.11, 61.33, 2.67, 2.60, 2.61, 2.60, 2.75, 23.47, 24.29, 24.86, 21.31, 21.27, 1.11, 1.00, 1.06, 1.03, 1.00, 10.75, 10.99, 11.01, 10.97, 10.86, 1.57, 1.10, 1.11, 1.09, 1.08]
  Objective : 59.799

[EVALUATION 876]
  Date/time : 2026-05-20 12:58:06
  x         : [220.38, 61.11, 60.46, 59.94, 60.11, 61.33, 2.64, 2.63, 2.61, 2.60, 2.75, 23.47, 24.29, 24.86, 21.31, 21.27, 1.11, 1.00, 1.06, 1.03, 1.00, 10.75, 10.99, 11.01, 10.97, 10.86, 1.57, 1.10, 1.11, 1.09, 1.08]
  Objective : 59.798

[EVALUATION 877]
  Date/time : 2026-05-20 12:58:12
  x         : [220.38, 61.11, 60.46, 59.94, 60.11, 61.33, 2.64, 2.60, 2.64, 2.60, 2.75, 23.47, 24.29, 24.86, 21.31, 21.27, 1.11, 1.00, 1.06, 1.03, 1.00, 10.75, 10.99, 11.01, 10.97, 10.86, 1.57, 1.10, 1.11, 1.09, 1.08]
  Objective : 59.797

[EVALUATION 878]
  Date/time : 2026-05-20 12:58:18
  x         : [220.38, 61.11, 60.46, 59.94, 60.11, 61.33, 2.64, 2.60, 2.61, 2.63, 2.75, 23.47, 24.29, 24.86, 21.31, 21.27, 1.11, 1.00, 1.06, 1.03, 1.00, 10.75, 10.99, 11.01, 10.97, 10.86, 1.57, 1.10, 1.11, 1.09, 1.08]
  Objective : 59.797

[EVALUATION 879]
  Date/time : 2026-05-20 12:58:24
  x         : [220.38, 61.11, 60.46, 59.94, 60.11, 61.33, 2.64, 2.60, 2.61, 2.60, 2.78, 23.47, 24.29, 24.86, 21.31, 21.27, 1.11, 1.00, 1.06, 1.03, 1.00, 10.75, 10.99, 11.01, 10.97, 10.86, 1.57, 1.10, 1.11, 1.09, 1.08]
  Objective : 59.800

[EVALUATION 880]
  Date/time : 2026-05-20 12:58:29
  x         : [220.38, 61.11, 60.46, 59.94, 60.11, 61.33, 2.64, 2.60, 2.61, 2.60, 2.75, 23.74, 24.29, 24.86, 21.31, 21.27, 1.11, 1.00, 1.06, 1.03, 1.00, 10.75, 10.99, 11.01, 10.97, 10.86, 1.57, 1.10, 1.11, 1.09, 1.08]
  Objective : 59.724

[EVALUATION 881]
  Date/time : 2026-05-20 12:58:35
  x         : [220.38, 61.11, 60.46, 59.94, 60.11, 61.33, 2.64, 2.60, 2.61, 2.60, 2.75, 23.47, 24.56, 24.86, 21.31, 21.27, 1.11, 1.00, 1.06, 1.03, 1.00, 10.75, 10.99, 11.01, 10.97, 10.86, 1.57, 1.10, 1.11, 1.09, 1.08]
  Objective : 59.721

[EVALUATION 882]
  Date/time : 2026-05-20 12:58:41
  x         : [220.38, 61.11, 60.46, 59.94, 60.11, 61.33, 2.64, 2.60, 2.61, 2.60, 2.75, 23.47, 24.29, 25.13, 21.31, 21.27, 1.11, 1.00, 1.06, 1.03, 1.00, 10.75, 10.99, 11.01, 10.97, 10.86, 1.57, 1.10, 1.11, 1.09, 1.08]
  Objective : 59.723

[EVALUATION 883]
  Date/time : 2026-05-20 12:58:46
  x         : [220.38, 61.11, 60.46, 59.94, 60.11, 61.33, 2.64, 2.60, 2.61, 2.60, 2.75, 23.47, 24.29, 24.86, 21.58, 21.27, 1.11, 1.00, 1.06, 1.03, 1.00, 10.75, 10.99, 11.01, 10.97, 10.86, 1.57, 1.10, 1.11, 1.09, 1.08]
  Objective : 59.722

[EVALUATION 884]
  Date/time : 2026-05-20 12:58:52
  x         : [220.38, 61.11, 60.46, 59.94, 60.11, 61.33, 2.64, 2.60, 2.61, 2.60, 2.75, 23.47, 24.29, 24.86, 21.31, 21.54, 1.11, 1.00, 1.06, 1.03, 1.00, 10.75, 10.99, 11.01, 10.97, 10.86, 1.57, 1.10, 1.11, 1.09, 1.08]
  Objective : 59.721

[EVALUATION 885]
  Date/time : 2026-05-20 12:58:58
  x         : [220.38, 61.11, 60.46, 59.94, 60.11, 61.33, 2.64, 2.60, 2.61, 2.60, 2.75, 23.47, 24.29, 24.86, 21.31, 21.27, 1.13, 1.00, 1.06, 1.03, 1.00, 10.75, 10.99, 11.01, 10.97, 10.86, 1.57, 1.10, 1.11, 1.09, 1.08]
  Objective : 59.740

[EVALUATION 886]
  Date/time : 2026-05-20 12:59:03
  x         : [220.38, 61.11, 60.46, 59.94, 60.11, 61.33, 2.64, 2.60, 2.61, 2.60, 2.75, 23.47, 24.29, 24.86, 21.31, 21.27, 1.11, 1.02, 1.06, 1.03, 1.00, 10.75, 10.99, 11.01, 10.97, 10.86, 1.57, 1.10, 1.11, 1.09, 1.08]
  Objective : 59.742

[EVALUATION 887]
  Date/time : 2026-05-20 12:59:09
  x         : [220.38, 61.11, 60.46, 59.94, 60.11, 61.33, 2.64, 2.60, 2.61, 2.60, 2.75, 23.47, 24.29, 24.86, 21.31, 21.27, 1.11, 1.00, 1.08, 1.03, 1.00, 10.75, 10.99, 11.01, 10.97, 10.86, 1.57, 1.10, 1.11, 1.09, 1.08]
  Objective : 59.743

[EVALUATION 888]
  Date/time : 2026-05-20 12:59:15
  x         : [220.38, 61.11, 60.46, 59.94, 60.11, 61.33, 2.64, 2.60, 2.61, 2.60, 2.75, 23.47, 24.29, 24.86, 21.31, 21.27, 1.11, 1.00, 1.06, 1.06, 1.00, 10.75, 10.99, 11.01, 10.97, 10.86, 1.57, 1.10, 1.11, 1.09, 1.08]
  Objective : 59.736

[EVALUATION 889]
  Date/time : 2026-05-20 12:59:20
  x         : [220.38, 61.11, 60.46, 59.94, 60.11, 61.33, 2.64, 2.60, 2.61, 2.60, 2.75, 23.47, 24.29, 24.86, 21.31, 21.27, 1.11, 1.00, 1.06, 1.03, 1.02, 10.75, 10.99, 11.01, 10.97, 10.86, 1.57, 1.10, 1.11, 1.09, 1.08]
  Objective : 59.736

[EVALUATION 890]
  Date/time : 2026-05-20 12:59:26
  x         : [220.38, 61.11, 60.46, 59.94, 60.11, 61.33, 2.64, 2.60, 2.61, 2.60, 2.75, 23.47, 24.29, 24.86, 21.31, 21.27, 1.11, 1.00, 1.06, 1.03, 1.00, 11.02, 10.99, 11.01, 10.97, 10.86, 1.57, 1.10, 1.11, 1.09, 1.08]
  Objective : 59.729

[EVALUATION 891]
  Date/time : 2026-05-20 12:59:31
  x         : [220.38, 61.11, 60.46, 59.94, 60.11, 61.33, 2.64, 2.60, 2.61, 2.60, 2.75, 23.47, 24.29, 24.86, 21.31, 21.27, 1.11, 1.00, 1.06, 1.03, 1.00, 10.75, 11.26, 11.01, 10.97, 10.86, 1.57, 1.10, 1.11, 1.09, 1.08]
  Objective : 59.720

[EVALUATION 892]
  Date/time : 2026-05-20 12:59:37
  x         : [220.38, 61.11, 60.46, 59.94, 60.11, 61.33, 2.64, 2.60, 2.61, 2.60, 2.75, 23.47, 24.29, 24.86, 21.31, 21.27, 1.11, 1.00, 1.06, 1.03, 1.00, 10.75, 10.99, 11.28, 10.97, 10.86, 1.57, 1.10, 1.11, 1.09, 1.08]
  Objective : 59.720

[EVALUATION 893]
  Date/time : 2026-05-20 12:59:43
  x         : [220.38, 61.11, 60.46, 59.94, 60.11, 61.33, 2.64, 2.60, 2.61, 2.60, 2.75, 23.47, 24.29, 24.86, 21.31, 21.27, 1.11, 1.00, 1.06, 1.03, 1.00, 10.75, 10.99, 11.01, 11.24, 10.86, 1.57, 1.10, 1.11, 1.09, 1.08]
  Objective : 59.719

[EVALUATION 894]
  Date/time : 2026-05-20 12:59:49
  x         : [220.38, 61.11, 60.46, 59.94, 60.11, 61.33, 2.64, 2.60, 2.61, 2.60, 2.75, 23.47, 24.29, 24.86, 21.31, 21.27, 1.11, 1.00, 1.06, 1.03, 1.00, 10.75, 10.99, 11.01, 10.97, 11.13, 1.57, 1.10, 1.11, 1.09, 1.08]
  Objective : 59.719

[EVALUATION 895]
  Date/time : 2026-05-20 12:59:54
  x         : [220.38, 61.11, 60.46, 59.94, 60.11, 61.33, 2.64, 2.60, 2.61, 2.60, 2.75, 23.47, 24.29, 24.86, 21.31, 21.27, 1.11, 1.00, 1.06, 1.03, 1.00, 10.75, 10.99, 11.01, 10.97, 10.86, 1.60, 1.10, 1.11, 1.09, 1.08]
  Objective : 59.711

[EVALUATION 896]
  Date/time : 2026-05-20 13:00:00
  x         : [220.38, 61.11, 60.46, 59.94, 60.11, 61.33, 2.64, 2.60, 2.61, 2.60, 2.75, 23.47, 24.29, 24.86, 21.31, 21.27, 1.11, 1.00, 1.06, 1.03, 1.00, 10.75, 10.99, 11.01, 10.97, 10.86, 1.57, 1.13, 1.11, 1.09, 1.08]
  Objective : 59.713

[EVALUATION 897]
  Date/time : 2026-05-20 13:00:06
  x         : [220.38, 61.11, 60.46, 59.94, 60.11, 61.33, 2.64, 2.60, 2.61, 2.60, 2.75, 23.47, 24.29, 24.86, 21.31, 21.27, 1.11, 1.00, 1.06, 1.03, 1.00, 10.75, 10.99, 11.01, 10.97, 10.86, 1.57, 1.10, 1.13, 1.09, 1.08]
  Objective : 59.713

[EVALUATION 898]
  Date/time : 2026-05-20 13:00:11
  x         : [220.38, 61.11, 60.46, 59.94, 60.11, 61.33, 2.64, 2.60, 2.61, 2.60, 2.75, 23.47, 24.29, 24.86, 21.31, 21.27, 1.11, 1.00, 1.06, 1.03, 1.00, 10.75, 10.99, 11.01, 10.97, 10.86, 1.57, 1.10, 1.11, 1.11, 1.08]
  Objective : 59.713

[EVALUATION 899]
  Date/time : 2026-05-20 13:00:17
  x         : [220.38, 61.11, 60.46, 59.94, 60.11, 61.33, 2.64, 2.60, 2.61, 2.60, 2.75, 23.47, 24.29, 24.86, 21.31, 21.27, 1.11, 1.00, 1.06, 1.03, 1.00, 10.75, 10.99, 11.01, 10.97, 10.86, 1.57, 1.10, 1.11, 1.09, 1.10]
  Objective : 59.713

[EVALUATION 900]
  Date/time : 2026-05-20 13:00:23
  x         : [218.55, 61.16, 60.52, 59.99, 60.12, 61.40, 2.65, 2.60, 2.62, 2.60, 2.77, 23.45, 24.22, 25.03, 21.32, 21.28, 1.11, 1.00, 1.06, 1.03, 1.00, 10.73, 10.98, 11.02, 10.97, 10.87, 1.57, 1.10, 1.11, 1.09, 1.08]
  Objective : 59.774

[ITERATION 29]
  Date/time : 2026-05-20 13:00:23
  x         : [218.551989,  61.159723,  60.523966,  59.992123,  60.120866,  61.39632 ,
   2.653099,   2.602743,   2.617869,   2.602505,   2.765613,  23.450854,
  24.215267,  25.026705,  21.318195,  21.276489,   1.109059,   1.      ,
   1.056537,   1.026766,   1.      ,  10.728618,  10.983335,  11.016995,
  10.974706,  10.868102,   1.568418,   1.102019,   1.109352,   1.090382,
   1.082559]

Util_LB     Column:    0.044  Brace:    0.006
Util_NF     Column:    0.690  Brace:    0.684
Util_S      Column:    0.028  Brace:    0.024
Util_T      Column:    0.056  Brace:    0.075
Util_BR     Column:    0.904  Brace:    0.898
Util_IN     Column:    1.005  Brace:    1.000
Util_BS_sig  Column:    N/A    Brace:    0.976
Util_BS_defl  Column:    N/A    Brace:    0.335
[EVALUATION 901]
  Date/time : 2026-05-20 13:00:28
  x         : [220.57, 61.16, 60.52, 59.99, 60.12, 61.40, 2.65, 2.60, 2.62, 2.60, 2.77, 23.45, 24.22, 25.03, 21.32, 21.28, 1.11, 1.00, 1.06, 1.03, 1.00, 10.73, 10.98, 11.02, 10.97, 10.87, 1.57, 1.10, 1.11, 1.09, 1.08]
  Objective : 59.886

[EVALUATION 902]
  Date/time : 2026-05-20 13:00:34
  x         : [218.55, 61.92, 60.52, 59.99, 60.12, 61.40, 2.65, 2.60, 2.62, 2.60, 2.77, 23.45, 24.22, 25.03, 21.32, 21.28, 1.11, 1.00, 1.06, 1.03, 1.00, 10.73, 10.98, 11.02, 10.97, 10.87, 1.57, 1.10, 1.11, 1.09, 1.08]
  Objective : 59.895

[EVALUATION 903]
  Date/time : 2026-05-20 13:00:40
  x         : [218.55, 61.16, 61.28, 59.99, 60.12, 61.40, 2.65, 2.60, 2.62, 2.60, 2.77, 23.45, 24.22, 25.03, 21.32, 21.28, 1.11, 1.00, 1.06, 1.03, 1.00, 10.73, 10.98, 11.02, 10.97, 10.87, 1.57, 1.10, 1.11, 1.09, 1.08]
  Objective : 59.892

[EVALUATION 904]
  Date/time : 2026-05-20 13:00:46
  x         : [218.55, 61.16, 60.52, 60.75, 60.12, 61.40, 2.65, 2.60, 2.62, 2.60, 2.77, 23.45, 24.22, 25.03, 21.32, 21.28, 1.11, 1.00, 1.06, 1.03, 1.00, 10.73, 10.98, 11.02, 10.97, 10.87, 1.57, 1.10, 1.11, 1.09, 1.08]
  Objective : 59.893

[EVALUATION 905]
  Date/time : 2026-05-20 13:00:51
  x         : [218.55, 61.16, 60.52, 59.99, 60.88, 61.40, 2.65, 2.60, 2.62, 2.60, 2.77, 23.45, 24.22, 25.03, 21.32, 21.28, 1.11, 1.00, 1.06, 1.03, 1.00, 10.73, 10.98, 11.02, 10.97, 10.87, 1.57, 1.10, 1.11, 1.09, 1.08]
  Objective : 59.892

[EVALUATION 906]
  Date/time : 2026-05-20 13:00:57
  x         : [218.55, 61.16, 60.52, 59.99, 60.12, 62.16, 2.65, 2.60, 2.62, 2.60, 2.77, 23.45, 24.22, 25.03, 21.32, 21.28, 1.11, 1.00, 1.06, 1.03, 1.00, 10.73, 10.98, 11.02, 10.97, 10.87, 1.57, 1.10, 1.11, 1.09, 1.08]
  Objective : 59.901

[EVALUATION 907]
  Date/time : 2026-05-20 13:01:03
  x         : [218.55, 61.16, 60.52, 59.99, 60.12, 61.40, 2.68, 2.60, 2.62, 2.60, 2.77, 23.45, 24.22, 25.03, 21.32, 21.28, 1.11, 1.00, 1.06, 1.03, 1.00, 10.73, 10.98, 11.02, 10.97, 10.87, 1.57, 1.10, 1.11, 1.09, 1.08]
  Objective : 59.874

[EVALUATION 908]
  Date/time : 2026-05-20 13:01:10
  x         : [218.55, 61.16, 60.52, 59.99, 60.12, 61.40, 2.65, 2.63, 2.62, 2.60, 2.77, 23.45, 24.22, 25.03, 21.32, 21.28, 1.11, 1.00, 1.06, 1.03, 1.00, 10.73, 10.98, 11.02, 10.97, 10.87, 1.57, 1.10, 1.11, 1.09, 1.08]
  Objective : 59.873

[EVALUATION 909]
  Date/time : 2026-05-20 13:01:16
  x         : [218.55, 61.16, 60.52, 59.99, 60.12, 61.40, 2.65, 2.60, 2.65, 2.60, 2.77, 23.45, 24.22, 25.03, 21.32, 21.28, 1.11, 1.00, 1.06, 1.03, 1.00, 10.73, 10.98, 11.02, 10.97, 10.87, 1.57, 1.10, 1.11, 1.09, 1.08]
  Objective : 59.872

[EVALUATION 910]
  Date/time : 2026-05-20 13:01:23
  x         : [218.55, 61.16, 60.52, 59.99, 60.12, 61.40, 2.65, 2.60, 2.62, 2.63, 2.77, 23.45, 24.22, 25.03, 21.32, 21.28, 1.11, 1.00, 1.06, 1.03, 1.00, 10.73, 10.98, 11.02, 10.97, 10.87, 1.57, 1.10, 1.11, 1.09, 1.08]
  Objective : 59.872

[EVALUATION 911]
  Date/time : 2026-05-20 13:01:29
  x         : [218.55, 61.16, 60.52, 59.99, 60.12, 61.40, 2.65, 2.60, 2.62, 2.60, 2.80, 23.45, 24.22, 25.03, 21.32, 21.28, 1.11, 1.00, 1.06, 1.03, 1.00, 10.73, 10.98, 11.02, 10.97, 10.87, 1.57, 1.10, 1.11, 1.09, 1.08]
  Objective : 59.875

[EVALUATION 912]
  Date/time : 2026-05-20 13:01:36
  x         : [218.55, 61.16, 60.52, 59.99, 60.12, 61.40, 2.65, 2.60, 2.62, 2.60, 2.77, 23.72, 24.22, 25.03, 21.32, 21.28, 1.11, 1.00, 1.06, 1.03, 1.00, 10.73, 10.98, 11.02, 10.97, 10.87, 1.57, 1.10, 1.11, 1.09, 1.08]
  Objective : 59.799

[EVALUATION 913]
  Date/time : 2026-05-20 13:01:43
  x         : [218.55, 61.16, 60.52, 59.99, 60.12, 61.40, 2.65, 2.60, 2.62, 2.60, 2.77, 23.45, 24.48, 25.03, 21.32, 21.28, 1.11, 1.00, 1.06, 1.03, 1.00, 10.73, 10.98, 11.02, 10.97, 10.87, 1.57, 1.10, 1.11, 1.09, 1.08]
  Objective : 59.796

[EVALUATION 914]
  Date/time : 2026-05-20 13:01:49
  x         : [218.55, 61.16, 60.52, 59.99, 60.12, 61.40, 2.65, 2.60, 2.62, 2.60, 2.77, 23.45, 24.22, 25.30, 21.32, 21.28, 1.11, 1.00, 1.06, 1.03, 1.00, 10.73, 10.98, 11.02, 10.97, 10.87, 1.57, 1.10, 1.11, 1.09, 1.08]
  Objective : 59.798

[EVALUATION 915]
  Date/time : 2026-05-20 13:01:56
  x         : [218.55, 61.16, 60.52, 59.99, 60.12, 61.40, 2.65, 2.60, 2.62, 2.60, 2.77, 23.45, 24.22, 25.03, 21.59, 21.28, 1.11, 1.00, 1.06, 1.03, 1.00, 10.73, 10.98, 11.02, 10.97, 10.87, 1.57, 1.10, 1.11, 1.09, 1.08]
  Objective : 59.797

[EVALUATION 916]
  Date/time : 2026-05-20 13:02:02
  x         : [218.55, 61.16, 60.52, 59.99, 60.12, 61.40, 2.65, 2.60, 2.62, 2.60, 2.77, 23.45, 24.22, 25.03, 21.32, 21.55, 1.11, 1.00, 1.06, 1.03, 1.00, 10.73, 10.98, 11.02, 10.97, 10.87, 1.57, 1.10, 1.11, 1.09, 1.08]
  Objective : 59.796

[EVALUATION 917]
  Date/time : 2026-05-20 13:02:08
  x         : [218.55, 61.16, 60.52, 59.99, 60.12, 61.40, 2.65, 2.60, 2.62, 2.60, 2.77, 23.45, 24.22, 25.03, 21.32, 21.28, 1.13, 1.00, 1.06, 1.03, 1.00, 10.73, 10.98, 11.02, 10.97, 10.87, 1.57, 1.10, 1.11, 1.09, 1.08]
  Objective : 59.815

[EVALUATION 918]
  Date/time : 2026-05-20 13:02:15
  x         : [218.55, 61.16, 60.52, 59.99, 60.12, 61.40, 2.65, 2.60, 2.62, 2.60, 2.77, 23.45, 24.22, 25.03, 21.32, 21.28, 1.11, 1.02, 1.06, 1.03, 1.00, 10.73, 10.98, 11.02, 10.97, 10.87, 1.57, 1.10, 1.11, 1.09, 1.08]
  Objective : 59.817

[EVALUATION 919]
  Date/time : 2026-05-20 13:02:21
  x         : [218.55, 61.16, 60.52, 59.99, 60.12, 61.40, 2.65, 2.60, 2.62, 2.60, 2.77, 23.45, 24.22, 25.03, 21.32, 21.28, 1.11, 1.00, 1.08, 1.03, 1.00, 10.73, 10.98, 11.02, 10.97, 10.87, 1.57, 1.10, 1.11, 1.09, 1.08]
  Objective : 59.818

[EVALUATION 920]
  Date/time : 2026-05-20 13:02:27
  x         : [218.55, 61.16, 60.52, 59.99, 60.12, 61.40, 2.65, 2.60, 2.62, 2.60, 2.77, 23.45, 24.22, 25.03, 21.32, 21.28, 1.11, 1.00, 1.06, 1.05, 1.00, 10.73, 10.98, 11.02, 10.97, 10.87, 1.57, 1.10, 1.11, 1.09, 1.08]
  Objective : 59.811

[EVALUATION 921]
  Date/time : 2026-05-20 13:02:34
  x         : [218.55, 61.16, 60.52, 59.99, 60.12, 61.40, 2.65, 2.60, 2.62, 2.60, 2.77, 23.45, 24.22, 25.03, 21.32, 21.28, 1.11, 1.00, 1.06, 1.03, 1.02, 10.73, 10.98, 11.02, 10.97, 10.87, 1.57, 1.10, 1.11, 1.09, 1.08]
  Objective : 59.811

[EVALUATION 922]
  Date/time : 2026-05-20 13:02:40
  x         : [218.55, 61.16, 60.52, 59.99, 60.12, 61.40, 2.65, 2.60, 2.62, 2.60, 2.77, 23.45, 24.22, 25.03, 21.32, 21.28, 1.11, 1.00, 1.06, 1.03, 1.00, 11.00, 10.98, 11.02, 10.97, 10.87, 1.57, 1.10, 1.11, 1.09, 1.08]
  Objective : 59.803

[EVALUATION 923]
  Date/time : 2026-05-20 13:02:47
  x         : [218.55, 61.16, 60.52, 59.99, 60.12, 61.40, 2.65, 2.60, 2.62, 2.60, 2.77, 23.45, 24.22, 25.03, 21.32, 21.28, 1.11, 1.00, 1.06, 1.03, 1.00, 10.73, 11.25, 11.02, 10.97, 10.87, 1.57, 1.10, 1.11, 1.09, 1.08]
  Objective : 59.795

[EVALUATION 924]
  Date/time : 2026-05-20 13:02:53
  x         : [218.55, 61.16, 60.52, 59.99, 60.12, 61.40, 2.65, 2.60, 2.62, 2.60, 2.77, 23.45, 24.22, 25.03, 21.32, 21.28, 1.11, 1.00, 1.06, 1.03, 1.00, 10.73, 10.98, 11.29, 10.97, 10.87, 1.57, 1.10, 1.11, 1.09, 1.08]
  Objective : 59.795

[EVALUATION 925]
  Date/time : 2026-05-20 13:02:59
  x         : [218.55, 61.16, 60.52, 59.99, 60.12, 61.40, 2.65, 2.60, 2.62, 2.60, 2.77, 23.45, 24.22, 25.03, 21.32, 21.28, 1.11, 1.00, 1.06, 1.03, 1.00, 10.73, 10.98, 11.02, 11.24, 10.87, 1.57, 1.10, 1.11, 1.09, 1.08]
  Objective : 59.794

[EVALUATION 926]
  Date/time : 2026-05-20 13:03:05
  x         : [218.55, 61.16, 60.52, 59.99, 60.12, 61.40, 2.65, 2.60, 2.62, 2.60, 2.77, 23.45, 24.22, 25.03, 21.32, 21.28, 1.11, 1.00, 1.06, 1.03, 1.00, 10.73, 10.98, 11.02, 10.97, 11.14, 1.57, 1.10, 1.11, 1.09, 1.08]
  Objective : 59.794

[EVALUATION 927]
  Date/time : 2026-05-20 13:03:11
  x         : [218.55, 61.16, 60.52, 59.99, 60.12, 61.40, 2.65, 2.60, 2.62, 2.60, 2.77, 23.45, 24.22, 25.03, 21.32, 21.28, 1.11, 1.00, 1.06, 1.03, 1.00, 10.73, 10.98, 11.02, 10.97, 10.87, 1.59, 1.10, 1.11, 1.09, 1.08]
  Objective : 59.786

[EVALUATION 928]
  Date/time : 2026-05-20 13:03:17
  x         : [218.55, 61.16, 60.52, 59.99, 60.12, 61.40, 2.65, 2.60, 2.62, 2.60, 2.77, 23.45, 24.22, 25.03, 21.32, 21.28, 1.11, 1.00, 1.06, 1.03, 1.00, 10.73, 10.98, 11.02, 10.97, 10.87, 1.57, 1.13, 1.11, 1.09, 1.08]
  Objective : 59.788

[EVALUATION 929]
  Date/time : 2026-05-20 13:03:23
  x         : [218.55, 61.16, 60.52, 59.99, 60.12, 61.40, 2.65, 2.60, 2.62, 2.60, 2.77, 23.45, 24.22, 25.03, 21.32, 21.28, 1.11, 1.00, 1.06, 1.03, 1.00, 10.73, 10.98, 11.02, 10.97, 10.87, 1.57, 1.10, 1.13, 1.09, 1.08]
  Objective : 59.788

[EVALUATION 930]
  Date/time : 2026-05-20 13:03:29
  x         : [218.55, 61.16, 60.52, 59.99, 60.12, 61.40, 2.65, 2.60, 2.62, 2.60, 2.77, 23.45, 24.22, 25.03, 21.32, 21.28, 1.11, 1.00, 1.06, 1.03, 1.00, 10.73, 10.98, 11.02, 10.97, 10.87, 1.57, 1.10, 1.11, 1.11, 1.08]
  Objective : 59.788

[EVALUATION 931]
  Date/time : 2026-05-20 13:03:34
  x         : [218.55, 61.16, 60.52, 59.99, 60.12, 61.40, 2.65, 2.60, 2.62, 2.60, 2.77, 23.45, 24.22, 25.03, 21.32, 21.28, 1.11, 1.00, 1.06, 1.03, 1.00, 10.73, 10.98, 11.02, 10.97, 10.87, 1.57, 1.10, 1.11, 1.09, 1.11]
  Objective : 59.788

[EVALUATION 932]
  Date/time : 2026-05-20 13:03:41
  x         : [217.28, 61.19, 60.59, 60.05, 60.13, 61.47, 2.66, 2.61, 2.63, 2.61, 2.75, 23.47, 24.30, 24.85, 21.31, 21.27, 1.11, 1.00, 1.05, 1.02, 1.00, 10.71, 10.99, 11.01, 10.98, 10.88, 1.56, 1.10, 1.11, 1.09, 1.09]
  Objective : 59.751

[ITERATION 30]
  Date/time : 2026-05-20 13:03:41
  x         : [217.279963,  61.188647,  60.589348,  60.053176,  60.13401 ,  61.467873,
   2.66382 ,   2.605631,   2.629741,   2.605272,   2.746838,  23.467669,
  24.29665 ,  24.847663,  21.310552,  21.268846,   1.111283,   1.      ,
   1.054993,   1.01929 ,   1.      ,  10.708769,  10.987436,  11.007972,
  10.977596,  10.877125,   1.56224 ,   1.104913,   1.107387,   1.092415,
   1.085957]

Util_LB     Column:    0.045  Brace:    0.006
Util_NF     Column:    0.693  Brace:    0.686
Util_S      Column:    0.028  Brace:    0.023
Util_T      Column:    0.056  Brace:    0.075
Util_BR     Column:    0.905  Brace:    0.898
Util_IN     Column:    1.005  Brace:    1.002
Util_BS_sig  Column:    N/A    Brace:    0.972
Util_BS_defl  Column:    N/A    Brace:    0.331
[EVALUATION 933]
  Date/time : 2026-05-20 13:03:46
  x         : [219.30, 61.19, 60.59, 60.05, 60.13, 61.47, 2.66, 2.61, 2.63, 2.61, 2.75, 23.47, 24.30, 24.85, 21.31, 21.27, 1.11, 1.00, 1.05, 1.02, 1.00, 10.71, 10.99, 11.01, 10.98, 10.88, 1.56, 1.10, 1.11, 1.09, 1.09]
  Objective : 59.863

[EVALUATION 934]
  Date/time : 2026-05-20 13:03:52
  x         : [217.28, 61.95, 60.59, 60.05, 60.13, 61.47, 2.66, 2.61, 2.63, 2.61, 2.75, 23.47, 24.30, 24.85, 21.31, 21.27, 1.11, 1.00, 1.05, 1.02, 1.00, 10.71, 10.99, 11.01, 10.98, 10.88, 1.56, 1.10, 1.11, 1.09, 1.09]
  Objective : 59.872

[EVALUATION 935]
  Date/time : 2026-05-20 13:03:58
  x         : [217.28, 61.19, 61.35, 60.05, 60.13, 61.47, 2.66, 2.61, 2.63, 2.61, 2.75, 23.47, 24.30, 24.85, 21.31, 21.27, 1.11, 1.00, 1.05, 1.02, 1.00, 10.71, 10.99, 11.01, 10.98, 10.88, 1.56, 1.10, 1.11, 1.09, 1.09]
  Objective : 59.869

[EVALUATION 936]
  Date/time : 2026-05-20 13:04:04
  x         : [217.28, 61.19, 60.59, 60.81, 60.13, 61.47, 2.66, 2.61, 2.63, 2.61, 2.75, 23.47, 24.30, 24.85, 21.31, 21.27, 1.11, 1.00, 1.05, 1.02, 1.00, 10.71, 10.99, 11.01, 10.98, 10.88, 1.56, 1.10, 1.11, 1.09, 1.09]
  Objective : 59.870

[EVALUATION 937]
  Date/time : 2026-05-20 13:04:10
  x         : [217.28, 61.19, 60.59, 60.05, 60.90, 61.47, 2.66, 2.61, 2.63, 2.61, 2.75, 23.47, 24.30, 24.85, 21.31, 21.27, 1.11, 1.00, 1.05, 1.02, 1.00, 10.71, 10.99, 11.01, 10.98, 10.88, 1.56, 1.10, 1.11, 1.09, 1.09]
  Objective : 59.869

[EVALUATION 938]
  Date/time : 2026-05-20 13:04:17
  x         : [217.28, 61.19, 60.59, 60.05, 60.13, 62.23, 2.66, 2.61, 2.63, 2.61, 2.75, 23.47, 24.30, 24.85, 21.31, 21.27, 1.11, 1.00, 1.05, 1.02, 1.00, 10.71, 10.99, 11.01, 10.98, 10.88, 1.56, 1.10, 1.11, 1.09, 1.09]
  Objective : 59.877

[EVALUATION 939]
  Date/time : 2026-05-20 13:04:23
  x         : [217.28, 61.19, 60.59, 60.05, 60.13, 61.47, 2.69, 2.61, 2.63, 2.61, 2.75, 23.47, 24.30, 24.85, 21.31, 21.27, 1.11, 1.00, 1.05, 1.02, 1.00, 10.71, 10.99, 11.01, 10.98, 10.88, 1.56, 1.10, 1.11, 1.09, 1.09]
  Objective : 59.851

[EVALUATION 940]
  Date/time : 2026-05-20 13:04:30
  x         : [217.28, 61.19, 60.59, 60.05, 60.13, 61.47, 2.66, 2.64, 2.63, 2.61, 2.75, 23.47, 24.30, 24.85, 21.31, 21.27, 1.11, 1.00, 1.05, 1.02, 1.00, 10.71, 10.99, 11.01, 10.98, 10.88, 1.56, 1.10, 1.11, 1.09, 1.09]
  Objective : 59.850

[EVALUATION 941]
  Date/time : 2026-05-20 13:04:37
  x         : [217.28, 61.19, 60.59, 60.05, 60.13, 61.47, 2.66, 2.61, 2.66, 2.61, 2.75, 23.47, 24.30, 24.85, 21.31, 21.27, 1.11, 1.00, 1.05, 1.02, 1.00, 10.71, 10.99, 11.01, 10.98, 10.88, 1.56, 1.10, 1.11, 1.09, 1.09]
  Objective : 59.849

[EVALUATION 942]
  Date/time : 2026-05-20 13:04:43
  x         : [217.28, 61.19, 60.59, 60.05, 60.13, 61.47, 2.66, 2.61, 2.63, 2.64, 2.75, 23.47, 24.30, 24.85, 21.31, 21.27, 1.11, 1.00, 1.05, 1.02, 1.00, 10.71, 10.99, 11.01, 10.98, 10.88, 1.56, 1.10, 1.11, 1.09, 1.09]
  Objective : 59.849

[EVALUATION 943]
  Date/time : 2026-05-20 13:04:50
  x         : [217.28, 61.19, 60.59, 60.05, 60.13, 61.47, 2.66, 2.61, 2.63, 2.61, 2.78, 23.47, 24.30, 24.85, 21.31, 21.27, 1.11, 1.00, 1.05, 1.02, 1.00, 10.71, 10.99, 11.01, 10.98, 10.88, 1.56, 1.10, 1.11, 1.09, 1.09]
  Objective : 59.852

[EVALUATION 944]
  Date/time : 2026-05-20 13:04:56
  x         : [217.28, 61.19, 60.59, 60.05, 60.13, 61.47, 2.66, 2.61, 2.63, 2.61, 2.75, 23.74, 24.30, 24.85, 21.31, 21.27, 1.11, 1.00, 1.05, 1.02, 1.00, 10.71, 10.99, 11.01, 10.98, 10.88, 1.56, 1.10, 1.11, 1.09, 1.09]
  Objective : 59.776

[EVALUATION 945]
  Date/time : 2026-05-20 13:05:02
  x         : [217.28, 61.19, 60.59, 60.05, 60.13, 61.47, 2.66, 2.61, 2.63, 2.61, 2.75, 23.47, 24.57, 24.85, 21.31, 21.27, 1.11, 1.00, 1.05, 1.02, 1.00, 10.71, 10.99, 11.01, 10.98, 10.88, 1.56, 1.10, 1.11, 1.09, 1.09]
  Objective : 59.773

[EVALUATION 946]
  Date/time : 2026-05-20 13:05:07
  x         : [217.28, 61.19, 60.59, 60.05, 60.13, 61.47, 2.66, 2.61, 2.63, 2.61, 2.75, 23.47, 24.30, 25.12, 21.31, 21.27, 1.11, 1.00, 1.05, 1.02, 1.00, 10.71, 10.99, 11.01, 10.98, 10.88, 1.56, 1.10, 1.11, 1.09, 1.09]
  Objective : 59.774

[EVALUATION 947]
  Date/time : 2026-05-20 13:05:13
  x         : [217.28, 61.19, 60.59, 60.05, 60.13, 61.47, 2.66, 2.61, 2.63, 2.61, 2.75, 23.47, 24.30, 24.85, 21.58, 21.27, 1.11, 1.00, 1.05, 1.02, 1.00, 10.71, 10.99, 11.01, 10.98, 10.88, 1.56, 1.10, 1.11, 1.09, 1.09]
  Objective : 59.773

[EVALUATION 948]
  Date/time : 2026-05-20 13:05:19
  x         : [217.28, 61.19, 60.59, 60.05, 60.13, 61.47, 2.66, 2.61, 2.63, 2.61, 2.75, 23.47, 24.30, 24.85, 21.31, 21.54, 1.11, 1.00, 1.05, 1.02, 1.00, 10.71, 10.99, 11.01, 10.98, 10.88, 1.56, 1.10, 1.11, 1.09, 1.09]
  Objective : 59.773

[EVALUATION 949]
  Date/time : 2026-05-20 13:05:24
  x         : [217.28, 61.19, 60.59, 60.05, 60.13, 61.47, 2.66, 2.61, 2.63, 2.61, 2.75, 23.47, 24.30, 24.85, 21.31, 21.27, 1.13, 1.00, 1.05, 1.02, 1.00, 10.71, 10.99, 11.01, 10.98, 10.88, 1.56, 1.10, 1.11, 1.09, 1.09]
  Objective : 59.791

[EVALUATION 950]
  Date/time : 2026-05-20 13:05:30
  x         : [217.28, 61.19, 60.59, 60.05, 60.13, 61.47, 2.66, 2.61, 2.63, 2.61, 2.75, 23.47, 24.30, 24.85, 21.31, 21.27, 1.11, 1.02, 1.05, 1.02, 1.00, 10.71, 10.99, 11.01, 10.98, 10.88, 1.56, 1.10, 1.11, 1.09, 1.09]
  Objective : 59.793

[EVALUATION 951]
  Date/time : 2026-05-20 13:05:36
  x         : [217.28, 61.19, 60.59, 60.05, 60.13, 61.47, 2.66, 2.61, 2.63, 2.61, 2.75, 23.47, 24.30, 24.85, 21.31, 21.27, 1.11, 1.00, 1.08, 1.02, 1.00, 10.71, 10.99, 11.01, 10.98, 10.88, 1.56, 1.10, 1.11, 1.09, 1.09]
  Objective : 59.794

[EVALUATION 952]
  Date/time : 2026-05-20 13:05:42
  x         : [217.28, 61.19, 60.59, 60.05, 60.13, 61.47, 2.66, 2.61, 2.63, 2.61, 2.75, 23.47, 24.30, 24.85, 21.31, 21.27, 1.11, 1.00, 1.05, 1.04, 1.00, 10.71, 10.99, 11.01, 10.98, 10.88, 1.56, 1.10, 1.11, 1.09, 1.09]
  Objective : 59.788

[EVALUATION 953]
  Date/time : 2026-05-20 13:05:48
  x         : [217.28, 61.19, 60.59, 60.05, 60.13, 61.47, 2.66, 2.61, 2.63, 2.61, 2.75, 23.47, 24.30, 24.85, 21.31, 21.27, 1.11, 1.00, 1.05, 1.02, 1.02, 10.71, 10.99, 11.01, 10.98, 10.88, 1.56, 1.10, 1.11, 1.09, 1.09]
  Objective : 59.788

[EVALUATION 954]
  Date/time : 2026-05-20 13:05:53
  x         : [217.28, 61.19, 60.59, 60.05, 60.13, 61.47, 2.66, 2.61, 2.63, 2.61, 2.75, 23.47, 24.30, 24.85, 21.31, 21.27, 1.11, 1.00, 1.05, 1.02, 1.00, 10.98, 10.99, 11.01, 10.98, 10.88, 1.56, 1.10, 1.11, 1.09, 1.09]
  Objective : 59.780

[EVALUATION 955]
  Date/time : 2026-05-20 13:05:59
  x         : [217.28, 61.19, 60.59, 60.05, 60.13, 61.47, 2.66, 2.61, 2.63, 2.61, 2.75, 23.47, 24.30, 24.85, 21.31, 21.27, 1.11, 1.00, 1.05, 1.02, 1.00, 10.71, 11.26, 11.01, 10.98, 10.88, 1.56, 1.10, 1.11, 1.09, 1.09]
  Objective : 59.771

[EVALUATION 956]
  Date/time : 2026-05-20 13:06:05
  x         : [217.28, 61.19, 60.59, 60.05, 60.13, 61.47, 2.66, 2.61, 2.63, 2.61, 2.75, 23.47, 24.30, 24.85, 21.31, 21.27, 1.11, 1.00, 1.05, 1.02, 1.00, 10.71, 10.99, 11.28, 10.98, 10.88, 1.56, 1.10, 1.11, 1.09, 1.09]
  Objective : 59.771

[EVALUATION 957]
  Date/time : 2026-05-20 13:06:10
  x         : [217.28, 61.19, 60.59, 60.05, 60.13, 61.47, 2.66, 2.61, 2.63, 2.61, 2.75, 23.47, 24.30, 24.85, 21.31, 21.27, 1.11, 1.00, 1.05, 1.02, 1.00, 10.71, 10.99, 11.01, 11.25, 10.88, 1.56, 1.10, 1.11, 1.09, 1.09]
  Objective : 59.771

[EVALUATION 958]
  Date/time : 2026-05-20 13:06:16
  x         : [217.28, 61.19, 60.59, 60.05, 60.13, 61.47, 2.66, 2.61, 2.63, 2.61, 2.75, 23.47, 24.30, 24.85, 21.31, 21.27, 1.11, 1.00, 1.05, 1.02, 1.00, 10.71, 10.99, 11.01, 10.98, 11.15, 1.56, 1.10, 1.11, 1.09, 1.09]
  Objective : 59.771

[EVALUATION 959]
  Date/time : 2026-05-20 13:06:22
  x         : [217.28, 61.19, 60.59, 60.05, 60.13, 61.47, 2.66, 2.61, 2.63, 2.61, 2.75, 23.47, 24.30, 24.85, 21.31, 21.27, 1.11, 1.00, 1.05, 1.02, 1.00, 10.71, 10.99, 11.01, 10.98, 10.88, 1.59, 1.10, 1.11, 1.09, 1.09]
  Objective : 59.763

[EVALUATION 960]
  Date/time : 2026-05-20 13:06:27
  x         : [217.28, 61.19, 60.59, 60.05, 60.13, 61.47, 2.66, 2.61, 2.63, 2.61, 2.75, 23.47, 24.30, 24.85, 21.31, 21.27, 1.11, 1.00, 1.05, 1.02, 1.00, 10.71, 10.99, 11.01, 10.98, 10.88, 1.56, 1.13, 1.11, 1.09, 1.09]
  Objective : 59.765

[EVALUATION 961]
  Date/time : 2026-05-20 13:06:33
  x         : [217.28, 61.19, 60.59, 60.05, 60.13, 61.47, 2.66, 2.61, 2.63, 2.61, 2.75, 23.47, 24.30, 24.85, 21.31, 21.27, 1.11, 1.00, 1.05, 1.02, 1.00, 10.71, 10.99, 11.01, 10.98, 10.88, 1.56, 1.10, 1.13, 1.09, 1.09]
  Objective : 59.765

[EVALUATION 962]
  Date/time : 2026-05-20 13:06:39
  x         : [217.28, 61.19, 60.59, 60.05, 60.13, 61.47, 2.66, 2.61, 2.63, 2.61, 2.75, 23.47, 24.30, 24.85, 21.31, 21.27, 1.11, 1.00, 1.05, 1.02, 1.00, 10.71, 10.99, 11.01, 10.98, 10.88, 1.56, 1.10, 1.11, 1.12, 1.09]
  Objective : 59.765

[EVALUATION 963]
  Date/time : 2026-05-20 13:06:49
  x         : [217.28, 61.19, 60.59, 60.05, 60.13, 61.47, 2.66, 2.61, 2.63, 2.61, 2.75, 23.47, 24.30, 24.85, 21.31, 21.27, 1.11, 1.00, 1.05, 1.02, 1.00, 10.71, 10.99, 11.01, 10.98, 10.88, 1.56, 1.10, 1.11, 1.09, 1.11]
  Objective : 59.765

[EVALUATION 964]
  Date/time : 2026-05-20 13:06:57
  x         : [215.86, 61.18, 60.66, 60.12, 60.15, 61.55, 2.68, 2.61, 2.64, 2.61, 2.75, 23.48, 24.34, 24.94, 21.31, 21.27, 1.11, 1.00, 1.05, 1.01, 1.00, 10.69, 10.99, 11.01, 10.98, 10.89, 1.56, 1.11, 1.11, 1.09, 1.09]
  Objective : 59.826

[ITERATION 31]
  Date/time : 2026-05-20 13:06:57
  x         : [215.860299,  61.184855,  60.661268,  60.120333,  60.148467,  61.546581,
   2.675612,   2.608808,   2.642802,   2.608315,   2.752633,  23.476076,
  24.337341,  24.937184,  21.314374,  21.272668,   1.110171,   1.      ,
   1.053294,   1.011067,   1.      ,  10.686934,  10.989487,  11.012484,
  10.980774,  10.88705 ,   1.555444,   1.10786 ,   1.106404,   1.094651,
   1.089695]

Util_LB     Column:    0.045  Brace:    0.006
Util_NF     Column:    0.695  Brace:    0.687
Util_S      Column:    0.028  Brace:    0.024
Util_T      Column:    0.056  Brace:    0.075
Util_BR     Column:    0.906  Brace:    0.898
Util_IN     Column:    1.006  Brace:    1.000
Util_BS_sig  Column:    N/A    Brace:    0.965
Util_BS_defl  Column:    N/A    Brace:    0.327
[EVALUATION 965]
  Date/time : 2026-05-20 13:07:03
  x         : [217.88, 61.18, 60.66, 60.12, 60.15, 61.55, 2.68, 2.61, 2.64, 2.61, 2.75, 23.48, 24.34, 24.94, 21.31, 21.27, 1.11, 1.00, 1.05, 1.01, 1.00, 10.69, 10.99, 11.01, 10.98, 10.89, 1.56, 1.11, 1.11, 1.09, 1.09]
  Objective : 59.938

[EVALUATION 966]
  Date/time : 2026-05-20 13:07:10
  x         : [215.86, 61.95, 60.66, 60.12, 60.15, 61.55, 2.68, 2.61, 2.64, 2.61, 2.75, 23.48, 24.34, 24.94, 21.31, 21.27, 1.11, 1.00, 1.05, 1.01, 1.00, 10.69, 10.99, 11.01, 10.98, 10.89, 1.56, 1.11, 1.11, 1.09, 1.09]
  Objective : 59.948

[EVALUATION 967]
  Date/time : 2026-05-20 13:07:16
  x         : [215.86, 61.18, 61.42, 60.12, 60.15, 61.55, 2.68, 2.61, 2.64, 2.61, 2.75, 23.48, 24.34, 24.94, 21.31, 21.27, 1.11, 1.00, 1.05, 1.01, 1.00, 10.69, 10.99, 11.01, 10.98, 10.89, 1.56, 1.11, 1.11, 1.09, 1.09]
  Objective : 59.944

[EVALUATION 968]
  Date/time : 2026-05-20 13:07:21
  x         : [215.86, 61.18, 60.66, 60.88, 60.15, 61.55, 2.68, 2.61, 2.64, 2.61, 2.75, 23.48, 24.34, 24.94, 21.31, 21.27, 1.11, 1.00, 1.05, 1.01, 1.00, 10.69, 10.99, 11.01, 10.98, 10.89, 1.56, 1.11, 1.11, 1.09, 1.09]
  Objective : 59.946

