================================================================================
OPTIMIZATION LOG
================================================================================
Run start date/time : 2026-05-22 13:29:17
Log file            : Optimization_Logs\optimization_log_2026-05-22_13-29-17.txt
Objective CSV       : Optimization_Logs\objective_history_2026-05-22_13-29-17.csv

Initial design variables:
x0 = [260. ,  76.1,  76.1,  76.1,  76.1,  76.1,   3. ,   3. ,   3. ,   3. ,
   3. ,  26.9,  26.9,  26.9,  26.9,  26.9,   2.3,   2.3,   2.3,   2.3,
   2.3,  26.9,  26.9,  26.9,  26.9,  26.9,   2.3,   2.3,   2.3,   2.3,
   2.3]

Bounds:
  x[0] in [150.0, 350.0]
  x[1] in [48.3, 114.3]
  x[2] in [48.3, 114.3]
  x[3] in [48.3, 114.3]
  x[4] in [48.3, 114.3]
  x[5] in [48.3, 114.3]
  x[6] in [2.5, 5.0]
  x[7] in [2.5, 5.0]
  x[8] in [2.5, 5.0]
  x[9] in [2.5, 5.0]
  x[10] in [2.5, 5.0]
  x[11] in [10.0, 50.0]
  x[12] in [10.0, 50.0]
  x[13] in [10.0, 50.0]
  x[14] in [10.0, 50.0]
  x[15] in [10.0, 50.0]
  x[16] in [1.0, 4.0]
  x[17] in [1.0, 4.0]
  x[18] in [1.0, 4.0]
  x[19] in [1.0, 4.0]
  x[20] in [1.0, 4.0]
  x[21] in [10.0, 50.0]
  x[22] in [10.0, 50.0]
  x[23] in [10.0, 50.0]
  x[24] in [10.0, 50.0]
  x[25] in [10.0, 50.0]
  x[26] in [1.0, 4.0]
  x[27] in [1.0, 4.0]
  x[28] in [1.0, 4.0]
  x[29] in [1.0, 4.0]
  x[30] in [1.0, 4.0]

Optimizer settings:
  Method  : PySLSQP
  acc     : 0.001
  finite_diff_abs_step: [0.026000000000000002, 0.00761, 0.00761, 0.00761, 0.00761, 0.00761, 0.00030000000000000003, 0.00030000000000000003, 0.00030000000000000003, 0.00030000000000000003, 0.00030000000000000003, 0.00269, 0.00269, 0.00269, 0.00269, 0.00269, 0.00022999999999999998, 0.00022999999999999998, 0.00022999999999999998, 0.00022999999999999998, 0.00022999999999999998, 0.00269, 0.00269, 0.00269, 0.00269, 0.00269, 0.00022999999999999998, 0.00022999999999999998, 0.00022999999999999998, 0.00022999999999999998, 0.00022999999999999998]
  maxiter : 120
  Aggregate: P-norm
  p_value : 8
  rho_value: 100
  relaxation: 0

================================================================================

[EVALUATION 1]
  Date/time : 2026-05-22 13:29:22
  x         : [260.00, 76.10, 76.10, 76.10, 76.10, 76.10, 3.00, 3.00, 3.00, 3.00, 3.00, 26.90, 26.90, 26.90, 26.90, 26.90, 2.30, 2.30, 2.30, 2.30, 2.30, 26.90, 26.90, 26.90, 26.90, 26.90, 2.30, 2.30, 2.30, 2.30, 2.30]
  Objective : 116.475

[EVALUATION 2]
  Date/time : 2026-05-22 13:29:27
  x         : [260.26, 76.10, 76.10, 76.10, 76.10, 76.10, 3.00, 3.00, 3.00, 3.00, 3.00, 26.90, 26.90, 26.90, 26.90, 26.90, 2.30, 2.30, 2.30, 2.30, 2.30, 26.90, 26.90, 26.90, 26.90, 26.90, 2.30, 2.30, 2.30, 2.30, 2.30]
  Objective : 116.520

[EVALUATION 3]
  Date/time : 2026-05-22 13:29:31
  x         : [260.00, 76.18, 76.10, 76.10, 76.10, 76.10, 3.00, 3.00, 3.00, 3.00, 3.00, 26.90, 26.90, 26.90, 26.90, 26.90, 2.30, 2.30, 2.30, 2.30, 2.30, 26.90, 26.90, 26.90, 26.90, 26.90, 2.30, 2.30, 2.30, 2.30, 2.30]
  Objective : 116.489

[EVALUATION 4]
  Date/time : 2026-05-22 13:29:35
  x         : [260.00, 76.10, 76.18, 76.10, 76.10, 76.10, 3.00, 3.00, 3.00, 3.00, 3.00, 26.90, 26.90, 26.90, 26.90, 26.90, 2.30, 2.30, 2.30, 2.30, 2.30, 26.90, 26.90, 26.90, 26.90, 26.90, 2.30, 2.30, 2.30, 2.30, 2.30]
  Objective : 116.489

[EVALUATION 5]
  Date/time : 2026-05-22 13:29:39
  x         : [260.00, 76.10, 76.10, 76.18, 76.10, 76.10, 3.00, 3.00, 3.00, 3.00, 3.00, 26.90, 26.90, 26.90, 26.90, 26.90, 2.30, 2.30, 2.30, 2.30, 2.30, 26.90, 26.90, 26.90, 26.90, 26.90, 2.30, 2.30, 2.30, 2.30, 2.30]
  Objective : 116.489

[EVALUATION 6]
  Date/time : 2026-05-22 13:29:44
  x         : [260.00, 76.10, 76.10, 76.10, 76.18, 76.10, 3.00, 3.00, 3.00, 3.00, 3.00, 26.90, 26.90, 26.90, 26.90, 26.90, 2.30, 2.30, 2.30, 2.30, 2.30, 26.90, 26.90, 26.90, 26.90, 26.90, 2.30, 2.30, 2.30, 2.30, 2.30]
  Objective : 116.489

[EVALUATION 7]
  Date/time : 2026-05-22 13:29:48
  x         : [260.00, 76.10, 76.10, 76.10, 76.10, 76.18, 3.00, 3.00, 3.00, 3.00, 3.00, 26.90, 26.90, 26.90, 26.90, 26.90, 2.30, 2.30, 2.30, 2.30, 2.30, 26.90, 26.90, 26.90, 26.90, 26.90, 2.30, 2.30, 2.30, 2.30, 2.30]
  Objective : 116.489

[EVALUATION 8]
  Date/time : 2026-05-22 13:29:53
  x         : [260.00, 76.10, 76.10, 76.10, 76.10, 76.10, 3.00, 3.00, 3.00, 3.00, 3.00, 26.90, 26.90, 26.90, 26.90, 26.90, 2.30, 2.30, 2.30, 2.30, 2.30, 26.90, 26.90, 26.90, 26.90, 26.90, 2.30, 2.30, 2.30, 2.30, 2.30]
  Objective : 116.488

[EVALUATION 9]
  Date/time : 2026-05-22 13:29:57
  x         : [260.00, 76.10, 76.10, 76.10, 76.10, 76.10, 3.00, 3.00, 3.00, 3.00, 3.00, 26.90, 26.90, 26.90, 26.90, 26.90, 2.30, 2.30, 2.30, 2.30, 2.30, 26.90, 26.90, 26.90, 26.90, 26.90, 2.30, 2.30, 2.30, 2.30, 2.30]
  Objective : 116.488

[EVALUATION 10]
  Date/time : 2026-05-22 13:30:01
  x         : [260.00, 76.10, 76.10, 76.10, 76.10, 76.10, 3.00, 3.00, 3.00, 3.00, 3.00, 26.90, 26.90, 26.90, 26.90, 26.90, 2.30, 2.30, 2.30, 2.30, 2.30, 26.90, 26.90, 26.90, 26.90, 26.90, 2.30, 2.30, 2.30, 2.30, 2.30]
  Objective : 116.488

[EVALUATION 11]
  Date/time : 2026-05-22 13:30:05
  x         : [260.00, 76.10, 76.10, 76.10, 76.10, 76.10, 3.00, 3.00, 3.00, 3.00, 3.00, 26.90, 26.90, 26.90, 26.90, 26.90, 2.30, 2.30, 2.30, 2.30, 2.30, 26.90, 26.90, 26.90, 26.90, 26.90, 2.30, 2.30, 2.30, 2.30, 2.30]
  Objective : 116.488

[EVALUATION 12]
  Date/time : 2026-05-22 13:30:10
  x         : [260.00, 76.10, 76.10, 76.10, 76.10, 76.10, 3.00, 3.00, 3.00, 3.00, 3.00, 26.90, 26.90, 26.90, 26.90, 26.90, 2.30, 2.30, 2.30, 2.30, 2.30, 26.90, 26.90, 26.90, 26.90, 26.90, 2.30, 2.30, 2.30, 2.30, 2.30]
  Objective : 116.488

[EVALUATION 13]
  Date/time : 2026-05-22 13:30:14
  x         : [260.00, 76.10, 76.10, 76.10, 76.10, 76.10, 3.00, 3.00, 3.00, 3.00, 3.00, 26.93, 26.90, 26.90, 26.90, 26.90, 2.30, 2.30, 2.30, 2.30, 2.30, 26.90, 26.90, 26.90, 26.90, 26.90, 2.30, 2.30, 2.30, 2.30, 2.30]
  Objective : 116.482

[EVALUATION 14]
  Date/time : 2026-05-22 13:30:18
  x         : [260.00, 76.10, 76.10, 76.10, 76.10, 76.10, 3.00, 3.00, 3.00, 3.00, 3.00, 26.90, 26.93, 26.90, 26.90, 26.90, 2.30, 2.30, 2.30, 2.30, 2.30, 26.90, 26.90, 26.90, 26.90, 26.90, 2.30, 2.30, 2.30, 2.30, 2.30]
  Objective : 116.482

[EVALUATION 15]
  Date/time : 2026-05-22 13:30:22
  x         : [260.00, 76.10, 76.10, 76.10, 76.10, 76.10, 3.00, 3.00, 3.00, 3.00, 3.00, 26.90, 26.90, 26.93, 26.90, 26.90, 2.30, 2.30, 2.30, 2.30, 2.30, 26.90, 26.90, 26.90, 26.90, 26.90, 2.30, 2.30, 2.30, 2.30, 2.30]
  Objective : 116.482

[EVALUATION 16]
  Date/time : 2026-05-22 13:30:26
  x         : [260.00, 76.10, 76.10, 76.10, 76.10, 76.10, 3.00, 3.00, 3.00, 3.00, 3.00, 26.90, 26.90, 26.90, 26.93, 26.90, 2.30, 2.30, 2.30, 2.30, 2.30, 26.90, 26.90, 26.90, 26.90, 26.90, 2.30, 2.30, 2.30, 2.30, 2.30]
  Objective : 116.482

[EVALUATION 17]
  Date/time : 2026-05-22 13:30:31
  x         : [260.00, 76.10, 76.10, 76.10, 76.10, 76.10, 3.00, 3.00, 3.00, 3.00, 3.00, 26.90, 26.90, 26.90, 26.90, 26.93, 2.30, 2.30, 2.30, 2.30, 2.30, 26.90, 26.90, 26.90, 26.90, 26.90, 2.30, 2.30, 2.30, 2.30, 2.30]
  Objective : 116.482

[EVALUATION 18]
  Date/time : 2026-05-22 13:30:35
  x         : [260.00, 76.10, 76.10, 76.10, 76.10, 76.10, 3.00, 3.00, 3.00, 3.00, 3.00, 26.90, 26.90, 26.90, 26.90, 26.90, 2.30, 2.30, 2.30, 2.30, 2.30, 26.90, 26.90, 26.90, 26.90, 26.90, 2.30, 2.30, 2.30, 2.30, 2.30]
  Objective : 116.481

[EVALUATION 19]
  Date/time : 2026-05-22 13:30:39
  x         : [260.00, 76.10, 76.10, 76.10, 76.10, 76.10, 3.00, 3.00, 3.00, 3.00, 3.00, 26.90, 26.90, 26.90, 26.90, 26.90, 2.30, 2.30, 2.30, 2.30, 2.30, 26.90, 26.90, 26.90, 26.90, 26.90, 2.30, 2.30, 2.30, 2.30, 2.30]
  Objective : 116.481

[EVALUATION 20]
  Date/time : 2026-05-22 13:30:43
  x         : [260.00, 76.10, 76.10, 76.10, 76.10, 76.10, 3.00, 3.00, 3.00, 3.00, 3.00, 26.90, 26.90, 26.90, 26.90, 26.90, 2.30, 2.30, 2.30, 2.30, 2.30, 26.90, 26.90, 26.90, 26.90, 26.90, 2.30, 2.30, 2.30, 2.30, 2.30]
  Objective : 116.481

[EVALUATION 21]
  Date/time : 2026-05-22 13:30:47
  x         : [260.00, 76.10, 76.10, 76.10, 76.10, 76.10, 3.00, 3.00, 3.00, 3.00, 3.00, 26.90, 26.90, 26.90, 26.90, 26.90, 2.30, 2.30, 2.30, 2.30, 2.30, 26.90, 26.90, 26.90, 26.90, 26.90, 2.30, 2.30, 2.30, 2.30, 2.30]
  Objective : 116.481

[EVALUATION 22]
  Date/time : 2026-05-22 13:30:52
  x         : [260.00, 76.10, 76.10, 76.10, 76.10, 76.10, 3.00, 3.00, 3.00, 3.00, 3.00, 26.90, 26.90, 26.90, 26.90, 26.90, 2.30, 2.30, 2.30, 2.30, 2.30, 26.90, 26.90, 26.90, 26.90, 26.90, 2.30, 2.30, 2.30, 2.30, 2.30]
  Objective : 116.481

[EVALUATION 23]
  Date/time : 2026-05-22 13:30:56
  x         : [260.00, 76.10, 76.10, 76.10, 76.10, 76.10, 3.00, 3.00, 3.00, 3.00, 3.00, 26.90, 26.90, 26.90, 26.90, 26.90, 2.30, 2.30, 2.30, 2.30, 2.30, 26.93, 26.90, 26.90, 26.90, 26.90, 2.30, 2.30, 2.30, 2.30, 2.30]
  Objective : 116.480

[EVALUATION 24]
  Date/time : 2026-05-22 13:31:00
  x         : [260.00, 76.10, 76.10, 76.10, 76.10, 76.10, 3.00, 3.00, 3.00, 3.00, 3.00, 26.90, 26.90, 26.90, 26.90, 26.90, 2.30, 2.30, 2.30, 2.30, 2.30, 26.90, 26.93, 26.90, 26.90, 26.90, 2.30, 2.30, 2.30, 2.30, 2.30]
  Objective : 116.480

[EVALUATION 25]
  Date/time : 2026-05-22 13:31:04
  x         : [260.00, 76.10, 76.10, 76.10, 76.10, 76.10, 3.00, 3.00, 3.00, 3.00, 3.00, 26.90, 26.90, 26.90, 26.90, 26.90, 2.30, 2.30, 2.30, 2.30, 2.30, 26.90, 26.90, 26.93, 26.90, 26.90, 2.30, 2.30, 2.30, 2.30, 2.30]
  Objective : 116.480

[EVALUATION 26]
  Date/time : 2026-05-22 13:31:09
  x         : [260.00, 76.10, 76.10, 76.10, 76.10, 76.10, 3.00, 3.00, 3.00, 3.00, 3.00, 26.90, 26.90, 26.90, 26.90, 26.90, 2.30, 2.30, 2.30, 2.30, 2.30, 26.90, 26.90, 26.90, 26.93, 26.90, 2.30, 2.30, 2.30, 2.30, 2.30]
  Objective : 116.480

[EVALUATION 27]
  Date/time : 2026-05-22 13:31:13
  x         : [260.00, 76.10, 76.10, 76.10, 76.10, 76.10, 3.00, 3.00, 3.00, 3.00, 3.00, 26.90, 26.90, 26.90, 26.90, 26.90, 2.30, 2.30, 2.30, 2.30, 2.30, 26.90, 26.90, 26.90, 26.90, 26.93, 2.30, 2.30, 2.30, 2.30, 2.30]
  Objective : 116.480

[EVALUATION 28]
  Date/time : 2026-05-22 13:31:17
  x         : [260.00, 76.10, 76.10, 76.10, 76.10, 76.10, 3.00, 3.00, 3.00, 3.00, 3.00, 26.90, 26.90, 26.90, 26.90, 26.90, 2.30, 2.30, 2.30, 2.30, 2.30, 26.90, 26.90, 26.90, 26.90, 26.90, 2.30, 2.30, 2.30, 2.30, 2.30]
  Objective : 116.479

[EVALUATION 29]
  Date/time : 2026-05-22 13:31:22
  x         : [260.00, 76.10, 76.10, 76.10, 76.10, 76.10, 3.00, 3.00, 3.00, 3.00, 3.00, 26.90, 26.90, 26.90, 26.90, 26.90, 2.30, 2.30, 2.30, 2.30, 2.30, 26.90, 26.90, 26.90, 26.90, 26.90, 2.30, 2.30, 2.30, 2.30, 2.30]
  Objective : 116.479

[EVALUATION 30]
  Date/time : 2026-05-22 13:31:26
  x         : [260.00, 76.10, 76.10, 76.10, 76.10, 76.10, 3.00, 3.00, 3.00, 3.00, 3.00, 26.90, 26.90, 26.90, 26.90, 26.90, 2.30, 2.30, 2.30, 2.30, 2.30, 26.90, 26.90, 26.90, 26.90, 26.90, 2.30, 2.30, 2.30, 2.30, 2.30]
  Objective : 116.479

[EVALUATION 31]
  Date/time : 2026-05-22 13:31:30
  x         : [260.00, 76.10, 76.10, 76.10, 76.10, 76.10, 3.00, 3.00, 3.00, 3.00, 3.00, 26.90, 26.90, 26.90, 26.90, 26.90, 2.30, 2.30, 2.30, 2.30, 2.30, 26.90, 26.90, 26.90, 26.90, 26.90, 2.30, 2.30, 2.30, 2.30, 2.30]
  Objective : 116.479

[EVALUATION 32]
  Date/time : 2026-05-22 13:31:35
  x         : [260.00, 76.10, 76.10, 76.10, 76.10, 76.10, 3.00, 3.00, 3.00, 3.00, 3.00, 26.90, 26.90, 26.90, 26.90, 26.90, 2.30, 2.30, 2.30, 2.30, 2.30, 26.90, 26.90, 26.90, 26.90, 26.90, 2.30, 2.30, 2.30, 2.30, 2.30]
  Objective : 116.479

[EVALUATION 33]
  Date/time : 2026-05-22 13:31:40
  x         : [260.00, 76.10, 76.10, 76.10, 76.10, 76.10, 3.00, 3.00, 3.00, 3.00, 3.00, 26.90, 26.90, 26.90, 26.90, 26.90, 2.30, 2.30, 2.30, 2.30, 2.30, 26.90, 26.90, 26.90, 26.90, 26.90, 2.30, 2.30, 2.30, 2.30, 2.30]
  Objective : 116.475

[EVALUATION 34]
  Date/time : 2026-05-22 13:31:44
  x         : [260.26, 76.10, 76.10, 76.10, 76.10, 76.10, 3.00, 3.00, 3.00, 3.00, 3.00, 26.90, 26.90, 26.90, 26.90, 26.90, 2.30, 2.30, 2.30, 2.30, 2.30, 26.90, 26.90, 26.90, 26.90, 26.90, 2.30, 2.30, 2.30, 2.30, 2.30]
  Objective : 116.520

[EVALUATION 35]
  Date/time : 2026-05-22 13:31:48
  x         : [260.00, 76.18, 76.10, 76.10, 76.10, 76.10, 3.00, 3.00, 3.00, 3.00, 3.00, 26.90, 26.90, 26.90, 26.90, 26.90, 2.30, 2.30, 2.30, 2.30, 2.30, 26.90, 26.90, 26.90, 26.90, 26.90, 2.30, 2.30, 2.30, 2.30, 2.30]
  Objective : 116.489

[EVALUATION 36]
  Date/time : 2026-05-22 13:31:52
  x         : [260.00, 76.10, 76.18, 76.10, 76.10, 76.10, 3.00, 3.00, 3.00, 3.00, 3.00, 26.90, 26.90, 26.90, 26.90, 26.90, 2.30, 2.30, 2.30, 2.30, 2.30, 26.90, 26.90, 26.90, 26.90, 26.90, 2.30, 2.30, 2.30, 2.30, 2.30]
  Objective : 116.489

[EVALUATION 37]
  Date/time : 2026-05-22 13:31:57
  x         : [260.00, 76.10, 76.10, 76.18, 76.10, 76.10, 3.00, 3.00, 3.00, 3.00, 3.00, 26.90, 26.90, 26.90, 26.90, 26.90, 2.30, 2.30, 2.30, 2.30, 2.30, 26.90, 26.90, 26.90, 26.90, 26.90, 2.30, 2.30, 2.30, 2.30, 2.30]
  Objective : 116.489

[EVALUATION 38]
  Date/time : 2026-05-22 13:32:01
  x         : [260.00, 76.10, 76.10, 76.10, 76.18, 76.10, 3.00, 3.00, 3.00, 3.00, 3.00, 26.90, 26.90, 26.90, 26.90, 26.90, 2.30, 2.30, 2.30, 2.30, 2.30, 26.90, 26.90, 26.90, 26.90, 26.90, 2.30, 2.30, 2.30, 2.30, 2.30]
  Objective : 116.489

[EVALUATION 39]
  Date/time : 2026-05-22 13:32:06
  x         : [260.00, 76.10, 76.10, 76.10, 76.10, 76.18, 3.00, 3.00, 3.00, 3.00, 3.00, 26.90, 26.90, 26.90, 26.90, 26.90, 2.30, 2.30, 2.30, 2.30, 2.30, 26.90, 26.90, 26.90, 26.90, 26.90, 2.30, 2.30, 2.30, 2.30, 2.30]
  Objective : 116.489

[EVALUATION 40]
  Date/time : 2026-05-22 13:32:10
  x         : [260.00, 76.10, 76.10, 76.10, 76.10, 76.10, 3.00, 3.00, 3.00, 3.00, 3.00, 26.90, 26.90, 26.90, 26.90, 26.90, 2.30, 2.30, 2.30, 2.30, 2.30, 26.90, 26.90, 26.90, 26.90, 26.90, 2.30, 2.30, 2.30, 2.30, 2.30]
  Objective : 116.488

[EVALUATION 41]
  Date/time : 2026-05-22 13:32:14
  x         : [260.00, 76.10, 76.10, 76.10, 76.10, 76.10, 3.00, 3.00, 3.00, 3.00, 3.00, 26.90, 26.90, 26.90, 26.90, 26.90, 2.30, 2.30, 2.30, 2.30, 2.30, 26.90, 26.90, 26.90, 26.90, 26.90, 2.30, 2.30, 2.30, 2.30, 2.30]
  Objective : 116.488

[EVALUATION 42]
  Date/time : 2026-05-22 13:32:19
  x         : [260.00, 76.10, 76.10, 76.10, 76.10, 76.10, 3.00, 3.00, 3.00, 3.00, 3.00, 26.90, 26.90, 26.90, 26.90, 26.90, 2.30, 2.30, 2.30, 2.30, 2.30, 26.90, 26.90, 26.90, 26.90, 26.90, 2.30, 2.30, 2.30, 2.30, 2.30]
  Objective : 116.488

[EVALUATION 43]
  Date/time : 2026-05-22 13:32:23
  x         : [260.00, 76.10, 76.10, 76.10, 76.10, 76.10, 3.00, 3.00, 3.00, 3.00, 3.00, 26.90, 26.90, 26.90, 26.90, 26.90, 2.30, 2.30, 2.30, 2.30, 2.30, 26.90, 26.90, 26.90, 26.90, 26.90, 2.30, 2.30, 2.30, 2.30, 2.30]
  Objective : 116.488

[EVALUATION 44]
  Date/time : 2026-05-22 13:32:28
  x         : [260.00, 76.10, 76.10, 76.10, 76.10, 76.10, 3.00, 3.00, 3.00, 3.00, 3.00, 26.90, 26.90, 26.90, 26.90, 26.90, 2.30, 2.30, 2.30, 2.30, 2.30, 26.90, 26.90, 26.90, 26.90, 26.90, 2.30, 2.30, 2.30, 2.30, 2.30]
  Objective : 116.488

[EVALUATION 45]
  Date/time : 2026-05-22 13:32:33
  x         : [260.00, 76.10, 76.10, 76.10, 76.10, 76.10, 3.00, 3.00, 3.00, 3.00, 3.00, 26.93, 26.90, 26.90, 26.90, 26.90, 2.30, 2.30, 2.30, 2.30, 2.30, 26.90, 26.90, 26.90, 26.90, 26.90, 2.30, 2.30, 2.30, 2.30, 2.30]
  Objective : 116.482

[EVALUATION 46]
  Date/time : 2026-05-22 13:32:37
  x         : [260.00, 76.10, 76.10, 76.10, 76.10, 76.10, 3.00, 3.00, 3.00, 3.00, 3.00, 26.90, 26.93, 26.90, 26.90, 26.90, 2.30, 2.30, 2.30, 2.30, 2.30, 26.90, 26.90, 26.90, 26.90, 26.90, 2.30, 2.30, 2.30, 2.30, 2.30]
  Objective : 116.482

[EVALUATION 47]
  Date/time : 2026-05-22 13:32:41
  x         : [260.00, 76.10, 76.10, 76.10, 76.10, 76.10, 3.00, 3.00, 3.00, 3.00, 3.00, 26.90, 26.90, 26.93, 26.90, 26.90, 2.30, 2.30, 2.30, 2.30, 2.30, 26.90, 26.90, 26.90, 26.90, 26.90, 2.30, 2.30, 2.30, 2.30, 2.30]
  Objective : 116.482

[EVALUATION 48]
  Date/time : 2026-05-22 13:32:46
  x         : [260.00, 76.10, 76.10, 76.10, 76.10, 76.10, 3.00, 3.00, 3.00, 3.00, 3.00, 26.90, 26.90, 26.90, 26.93, 26.90, 2.30, 2.30, 2.30, 2.30, 2.30, 26.90, 26.90, 26.90, 26.90, 26.90, 2.30, 2.30, 2.30, 2.30, 2.30]
  Objective : 116.482

[EVALUATION 49]
  Date/time : 2026-05-22 13:32:51
  x         : [260.00, 76.10, 76.10, 76.10, 76.10, 76.10, 3.00, 3.00, 3.00, 3.00, 3.00, 26.90, 26.90, 26.90, 26.90, 26.93, 2.30, 2.30, 2.30, 2.30, 2.30, 26.90, 26.90, 26.90, 26.90, 26.90, 2.30, 2.30, 2.30, 2.30, 2.30]
  Objective : 116.482

[EVALUATION 50]
  Date/time : 2026-05-22 13:32:55
  x         : [260.00, 76.10, 76.10, 76.10, 76.10, 76.10, 3.00, 3.00, 3.00, 3.00, 3.00, 26.90, 26.90, 26.90, 26.90, 26.90, 2.30, 2.30, 2.30, 2.30, 2.30, 26.90, 26.90, 26.90, 26.90, 26.90, 2.30, 2.30, 2.30, 2.30, 2.30]
  Objective : 116.481

[EVALUATION 51]
  Date/time : 2026-05-22 13:33:01
  x         : [260.00, 76.10, 76.10, 76.10, 76.10, 76.10, 3.00, 3.00, 3.00, 3.00, 3.00, 26.90, 26.90, 26.90, 26.90, 26.90, 2.30, 2.30, 2.30, 2.30, 2.30, 26.90, 26.90, 26.90, 26.90, 26.90, 2.30, 2.30, 2.30, 2.30, 2.30]
  Objective : 116.481

[EVALUATION 52]
  Date/time : 2026-05-22 13:33:06
  x         : [260.00, 76.10, 76.10, 76.10, 76.10, 76.10, 3.00, 3.00, 3.00, 3.00, 3.00, 26.90, 26.90, 26.90, 26.90, 26.90, 2.30, 2.30, 2.30, 2.30, 2.30, 26.90, 26.90, 26.90, 26.90, 26.90, 2.30, 2.30, 2.30, 2.30, 2.30]
  Objective : 116.481

[EVALUATION 53]
  Date/time : 2026-05-22 13:33:11
  x         : [260.00, 76.10, 76.10, 76.10, 76.10, 76.10, 3.00, 3.00, 3.00, 3.00, 3.00, 26.90, 26.90, 26.90, 26.90, 26.90, 2.30, 2.30, 2.30, 2.30, 2.30, 26.90, 26.90, 26.90, 26.90, 26.90, 2.30, 2.30, 2.30, 2.30, 2.30]
  Objective : 116.481

[EVALUATION 54]
  Date/time : 2026-05-22 13:33:15
  x         : [260.00, 76.10, 76.10, 76.10, 76.10, 76.10, 3.00, 3.00, 3.00, 3.00, 3.00, 26.90, 26.90, 26.90, 26.90, 26.90, 2.30, 2.30, 2.30, 2.30, 2.30, 26.90, 26.90, 26.90, 26.90, 26.90, 2.30, 2.30, 2.30, 2.30, 2.30]
  Objective : 116.481

[EVALUATION 55]
  Date/time : 2026-05-22 13:33:19
  x         : [260.00, 76.10, 76.10, 76.10, 76.10, 76.10, 3.00, 3.00, 3.00, 3.00, 3.00, 26.90, 26.90, 26.90, 26.90, 26.90, 2.30, 2.30, 2.30, 2.30, 2.30, 26.93, 26.90, 26.90, 26.90, 26.90, 2.30, 2.30, 2.30, 2.30, 2.30]
  Objective : 116.480

[EVALUATION 56]
  Date/time : 2026-05-22 13:33:24
  x         : [260.00, 76.10, 76.10, 76.10, 76.10, 76.10, 3.00, 3.00, 3.00, 3.00, 3.00, 26.90, 26.90, 26.90, 26.90, 26.90, 2.30, 2.30, 2.30, 2.30, 2.30, 26.90, 26.93, 26.90, 26.90, 26.90, 2.30, 2.30, 2.30, 2.30, 2.30]
  Objective : 116.480

[EVALUATION 57]
  Date/time : 2026-05-22 13:33:28
  x         : [260.00, 76.10, 76.10, 76.10, 76.10, 76.10, 3.00, 3.00, 3.00, 3.00, 3.00, 26.90, 26.90, 26.90, 26.90, 26.90, 2.30, 2.30, 2.30, 2.30, 2.30, 26.90, 26.90, 26.93, 26.90, 26.90, 2.30, 2.30, 2.30, 2.30, 2.30]
  Objective : 116.480

[EVALUATION 58]
  Date/time : 2026-05-22 13:33:32
  x         : [260.00, 76.10, 76.10, 76.10, 76.10, 76.10, 3.00, 3.00, 3.00, 3.00, 3.00, 26.90, 26.90, 26.90, 26.90, 26.90, 2.30, 2.30, 2.30, 2.30, 2.30, 26.90, 26.90, 26.90, 26.93, 26.90, 2.30, 2.30, 2.30, 2.30, 2.30]
  Objective : 116.480

[EVALUATION 59]
  Date/time : 2026-05-22 13:33:36
  x         : [260.00, 76.10, 76.10, 76.10, 76.10, 76.10, 3.00, 3.00, 3.00, 3.00, 3.00, 26.90, 26.90, 26.90, 26.90, 26.90, 2.30, 2.30, 2.30, 2.30, 2.30, 26.90, 26.90, 26.90, 26.90, 26.93, 2.30, 2.30, 2.30, 2.30, 2.30]
  Objective : 116.480

[EVALUATION 60]
  Date/time : 2026-05-22 13:33:41
  x         : [260.00, 76.10, 76.10, 76.10, 76.10, 76.10, 3.00, 3.00, 3.00, 3.00, 3.00, 26.90, 26.90, 26.90, 26.90, 26.90, 2.30, 2.30, 2.30, 2.30, 2.30, 26.90, 26.90, 26.90, 26.90, 26.90, 2.30, 2.30, 2.30, 2.30, 2.30]
  Objective : 116.479

[EVALUATION 61]
  Date/time : 2026-05-22 13:33:45
  x         : [260.00, 76.10, 76.10, 76.10, 76.10, 76.10, 3.00, 3.00, 3.00, 3.00, 3.00, 26.90, 26.90, 26.90, 26.90, 26.90, 2.30, 2.30, 2.30, 2.30, 2.30, 26.90, 26.90, 26.90, 26.90, 26.90, 2.30, 2.30, 2.30, 2.30, 2.30]
  Objective : 116.479

[EVALUATION 62]
  Date/time : 2026-05-22 13:33:49
  x         : [260.00, 76.10, 76.10, 76.10, 76.10, 76.10, 3.00, 3.00, 3.00, 3.00, 3.00, 26.90, 26.90, 26.90, 26.90, 26.90, 2.30, 2.30, 2.30, 2.30, 2.30, 26.90, 26.90, 26.90, 26.90, 26.90, 2.30, 2.30, 2.30, 2.30, 2.30]
  Objective : 116.479

[EVALUATION 63]
  Date/time : 2026-05-22 13:33:54
  x         : [260.00, 76.10, 76.10, 76.10, 76.10, 76.10, 3.00, 3.00, 3.00, 3.00, 3.00, 26.90, 26.90, 26.90, 26.90, 26.90, 2.30, 2.30, 2.30, 2.30, 2.30, 26.90, 26.90, 26.90, 26.90, 26.90, 2.30, 2.30, 2.30, 2.30, 2.30]
  Objective : 116.479

[EVALUATION 64]
  Date/time : 2026-05-22 13:33:58
  x         : [260.00, 76.10, 76.10, 76.10, 76.10, 76.10, 3.00, 3.00, 3.00, 3.00, 3.00, 26.90, 26.90, 26.90, 26.90, 26.90, 2.30, 2.30, 2.30, 2.30, 2.30, 26.90, 26.90, 26.90, 26.90, 26.90, 2.30, 2.30, 2.30, 2.30, 2.30]
  Objective : 116.479

[EVALUATION 65]
  Date/time : 2026-05-22 13:34:03
  x         : [259.83, 75.75, 75.75, 75.75, 75.75, 75.74, 3.21, 3.21, 3.21, 3.21, 3.21, 26.67, 26.67, 26.67, 26.67, 26.67, 1.00, 1.00, 1.00, 1.00, 1.00, 26.72, 26.72, 26.72, 26.72, 26.72, 1.00, 1.00, 1.00, 1.00, 1.00]
  Objective : 92.807

[ITERATION 1]
  Date/time : 2026-05-22 13:34:03
  x         : [259.830423,  75.745805,  75.746592,  75.746592,  75.746592,  75.743311,
   3.207006,   3.207037,   3.207037,   3.207037,   3.206908,  26.67026 ,
  26.67026 ,  26.67026 ,  26.67026 ,  26.67026 ,   1.      ,   1.      ,
   1.      ,   1.      ,   1.      ,  26.717844,  26.717844,  26.717844,
  26.717844,  26.717844,   1.      ,   1.      ,   1.      ,   1.      ,
   1.      ]

Util_LB     Column:    0.024  Brace:    0.006
Util_NF     Column:    0.371  Brace:    0.227
Util_S      Column:    0.016  Brace:    0.007
Util_T      Column:    0.024  Brace:    0.028
Util_BR     Column:    0.431  Brace:    0.288
Util_IN     Column:    0.496  Brace:    0.360
Util_BS_sig  Column:    N/A    Brace:    0.719
Util_BS_defl  Column:    N/A    Brace:    0.234
[EVALUATION 66]
  Date/time : 2026-05-22 13:34:07
  x         : [260.09, 75.75, 75.75, 75.75, 75.75, 75.74, 3.21, 3.21, 3.21, 3.21, 3.21, 26.67, 26.67, 26.67, 26.67, 26.67, 1.00, 1.00, 1.00, 1.00, 1.00, 26.72, 26.72, 26.72, 26.72, 26.72, 1.00, 1.00, 1.00, 1.00, 1.00]
  Objective : 92.827

[EVALUATION 67]
  Date/time : 2026-05-22 13:34:11
  x         : [259.83, 75.82, 75.75, 75.75, 75.75, 75.74, 3.21, 3.21, 3.21, 3.21, 3.21, 26.67, 26.67, 26.67, 26.67, 26.67, 1.00, 1.00, 1.00, 1.00, 1.00, 26.72, 26.72, 26.72, 26.72, 26.72, 1.00, 1.00, 1.00, 1.00, 1.00]
  Objective : 92.822

[EVALUATION 68]
  Date/time : 2026-05-22 13:34:15
  x         : [259.83, 75.75, 75.82, 75.75, 75.75, 75.74, 3.21, 3.21, 3.21, 3.21, 3.21, 26.67, 26.67, 26.67, 26.67, 26.67, 1.00, 1.00, 1.00, 1.00, 1.00, 26.72, 26.72, 26.72, 26.72, 26.72, 1.00, 1.00, 1.00, 1.00, 1.00]
  Objective : 92.822

[EVALUATION 69]
  Date/time : 2026-05-22 13:34:20
  x         : [259.83, 75.75, 75.75, 75.82, 75.75, 75.74, 3.21, 3.21, 3.21, 3.21, 3.21, 26.67, 26.67, 26.67, 26.67, 26.67, 1.00, 1.00, 1.00, 1.00, 1.00, 26.72, 26.72, 26.72, 26.72, 26.72, 1.00, 1.00, 1.00, 1.00, 1.00]
  Objective : 92.822

[EVALUATION 70]
  Date/time : 2026-05-22 13:34:24
  x         : [259.83, 75.75, 75.75, 75.75, 75.82, 75.74, 3.21, 3.21, 3.21, 3.21, 3.21, 26.67, 26.67, 26.67, 26.67, 26.67, 1.00, 1.00, 1.00, 1.00, 1.00, 26.72, 26.72, 26.72, 26.72, 26.72, 1.00, 1.00, 1.00, 1.00, 1.00]
  Objective : 92.822

[EVALUATION 71]
  Date/time : 2026-05-22 13:34:28
  x         : [259.83, 75.75, 75.75, 75.75, 75.75, 75.82, 3.21, 3.21, 3.21, 3.21, 3.21, 26.67, 26.67, 26.67, 26.67, 26.67, 1.00, 1.00, 1.00, 1.00, 1.00, 26.72, 26.72, 26.72, 26.72, 26.72, 1.00, 1.00, 1.00, 1.00, 1.00]
  Objective : 92.822

[EVALUATION 72]
  Date/time : 2026-05-22 13:34:33
  x         : [259.83, 75.75, 75.75, 75.75, 75.75, 75.74, 3.21, 3.21, 3.21, 3.21, 3.21, 26.67, 26.67, 26.67, 26.67, 26.67, 1.00, 1.00, 1.00, 1.00, 1.00, 26.72, 26.72, 26.72, 26.72, 26.72, 1.00, 1.00, 1.00, 1.00, 1.00]
  Objective : 92.820

[EVALUATION 73]
  Date/time : 2026-05-22 13:34:37
  x         : [259.83, 75.75, 75.75, 75.75, 75.75, 75.74, 3.21, 3.21, 3.21, 3.21, 3.21, 26.67, 26.67, 26.67, 26.67, 26.67, 1.00, 1.00, 1.00, 1.00, 1.00, 26.72, 26.72, 26.72, 26.72, 26.72, 1.00, 1.00, 1.00, 1.00, 1.00]
  Objective : 92.820

[EVALUATION 74]
  Date/time : 2026-05-22 13:34:41
  x         : [259.83, 75.75, 75.75, 75.75, 75.75, 75.74, 3.21, 3.21, 3.21, 3.21, 3.21, 26.67, 26.67, 26.67, 26.67, 26.67, 1.00, 1.00, 1.00, 1.00, 1.00, 26.72, 26.72, 26.72, 26.72, 26.72, 1.00, 1.00, 1.00, 1.00, 1.00]
  Objective : 92.820

[EVALUATION 75]
  Date/time : 2026-05-22 13:34:45
  x         : [259.83, 75.75, 75.75, 75.75, 75.75, 75.74, 3.21, 3.21, 3.21, 3.21, 3.21, 26.67, 26.67, 26.67, 26.67, 26.67, 1.00, 1.00, 1.00, 1.00, 1.00, 26.72, 26.72, 26.72, 26.72, 26.72, 1.00, 1.00, 1.00, 1.00, 1.00]
  Objective : 92.820

[EVALUATION 76]
  Date/time : 2026-05-22 13:34:50
  x         : [259.83, 75.75, 75.75, 75.75, 75.75, 75.74, 3.21, 3.21, 3.21, 3.21, 3.21, 26.67, 26.67, 26.67, 26.67, 26.67, 1.00, 1.00, 1.00, 1.00, 1.00, 26.72, 26.72, 26.72, 26.72, 26.72, 1.00, 1.00, 1.00, 1.00, 1.00]
  Objective : 92.820

[EVALUATION 77]
  Date/time : 2026-05-22 13:34:54
  x         : [259.83, 75.75, 75.75, 75.75, 75.75, 75.74, 3.21, 3.21, 3.21, 3.21, 3.21, 26.70, 26.67, 26.67, 26.67, 26.67, 1.00, 1.00, 1.00, 1.00, 1.00, 26.72, 26.72, 26.72, 26.72, 26.72, 1.00, 1.00, 1.00, 1.00, 1.00]
  Objective : 92.810

[EVALUATION 78]
  Date/time : 2026-05-22 13:34:58
  x         : [259.83, 75.75, 75.75, 75.75, 75.75, 75.74, 3.21, 3.21, 3.21, 3.21, 3.21, 26.67, 26.70, 26.67, 26.67, 26.67, 1.00, 1.00, 1.00, 1.00, 1.00, 26.72, 26.72, 26.72, 26.72, 26.72, 1.00, 1.00, 1.00, 1.00, 1.00]
  Objective : 92.810

[EVALUATION 79]
  Date/time : 2026-05-22 13:35:03
  x         : [259.83, 75.75, 75.75, 75.75, 75.75, 75.74, 3.21, 3.21, 3.21, 3.21, 3.21, 26.67, 26.67, 26.70, 26.67, 26.67, 1.00, 1.00, 1.00, 1.00, 1.00, 26.72, 26.72, 26.72, 26.72, 26.72, 1.00, 1.00, 1.00, 1.00, 1.00]
  Objective : 92.810

[EVALUATION 80]
  Date/time : 2026-05-22 13:35:07
  x         : [259.83, 75.75, 75.75, 75.75, 75.75, 75.74, 3.21, 3.21, 3.21, 3.21, 3.21, 26.67, 26.67, 26.67, 26.70, 26.67, 1.00, 1.00, 1.00, 1.00, 1.00, 26.72, 26.72, 26.72, 26.72, 26.72, 1.00, 1.00, 1.00, 1.00, 1.00]
  Objective : 92.810

[EVALUATION 81]
  Date/time : 2026-05-22 13:35:12
  x         : [259.83, 75.75, 75.75, 75.75, 75.75, 75.74, 3.21, 3.21, 3.21, 3.21, 3.21, 26.67, 26.67, 26.67, 26.67, 26.70, 1.00, 1.00, 1.00, 1.00, 1.00, 26.72, 26.72, 26.72, 26.72, 26.72, 1.00, 1.00, 1.00, 1.00, 1.00]
  Objective : 92.810

[EVALUATION 82]
  Date/time : 2026-05-22 13:35:16
  x         : [259.83, 75.75, 75.75, 75.75, 75.75, 75.74, 3.21, 3.21, 3.21, 3.21, 3.21, 26.67, 26.67, 26.67, 26.67, 26.67, 1.00, 1.00, 1.00, 1.00, 1.00, 26.72, 26.72, 26.72, 26.72, 26.72, 1.00, 1.00, 1.00, 1.00, 1.00]
  Objective : 92.810

[EVALUATION 83]
  Date/time : 2026-05-22 13:35:21
  x         : [259.83, 75.75, 75.75, 75.75, 75.75, 75.74, 3.21, 3.21, 3.21, 3.21, 3.21, 26.67, 26.67, 26.67, 26.67, 26.67, 1.00, 1.00, 1.00, 1.00, 1.00, 26.72, 26.72, 26.72, 26.72, 26.72, 1.00, 1.00, 1.00, 1.00, 1.00]
  Objective : 92.810

[EVALUATION 84]
  Date/time : 2026-05-22 13:35:25
  x         : [259.83, 75.75, 75.75, 75.75, 75.75, 75.74, 3.21, 3.21, 3.21, 3.21, 3.21, 26.67, 26.67, 26.67, 26.67, 26.67, 1.00, 1.00, 1.00, 1.00, 1.00, 26.72, 26.72, 26.72, 26.72, 26.72, 1.00, 1.00, 1.00, 1.00, 1.00]
  Objective : 92.810

[EVALUATION 85]
  Date/time : 2026-05-22 13:35:30
  x         : [259.83, 75.75, 75.75, 75.75, 75.75, 75.74, 3.21, 3.21, 3.21, 3.21, 3.21, 26.67, 26.67, 26.67, 26.67, 26.67, 1.00, 1.00, 1.00, 1.00, 1.00, 26.72, 26.72, 26.72, 26.72, 26.72, 1.00, 1.00, 1.00, 1.00, 1.00]
  Objective : 92.810

[EVALUATION 86]
  Date/time : 2026-05-22 13:35:34
  x         : [259.83, 75.75, 75.75, 75.75, 75.75, 75.74, 3.21, 3.21, 3.21, 3.21, 3.21, 26.67, 26.67, 26.67, 26.67, 26.67, 1.00, 1.00, 1.00, 1.00, 1.00, 26.72, 26.72, 26.72, 26.72, 26.72, 1.00, 1.00, 1.00, 1.00, 1.00]
  Objective : 92.810

[EVALUATION 87]
  Date/time : 2026-05-22 13:35:38
  x         : [259.83, 75.75, 75.75, 75.75, 75.75, 75.74, 3.21, 3.21, 3.21, 3.21, 3.21, 26.67, 26.67, 26.67, 26.67, 26.67, 1.00, 1.00, 1.00, 1.00, 1.00, 26.74, 26.72, 26.72, 26.72, 26.72, 1.00, 1.00, 1.00, 1.00, 1.00]
  Objective : 92.809

[EVALUATION 88]
  Date/time : 2026-05-22 13:35:45
  x         : [259.83, 75.75, 75.75, 75.75, 75.75, 75.74, 3.21, 3.21, 3.21, 3.21, 3.21, 26.67, 26.67, 26.67, 26.67, 26.67, 1.00, 1.00, 1.00, 1.00, 1.00, 26.72, 26.74, 26.72, 26.72, 26.72, 1.00, 1.00, 1.00, 1.00, 1.00]
  Objective : 92.809

[EVALUATION 89]
  Date/time : 2026-05-22 13:35:51
  x         : [259.83, 75.75, 75.75, 75.75, 75.75, 75.74, 3.21, 3.21, 3.21, 3.21, 3.21, 26.67, 26.67, 26.67, 26.67, 26.67, 1.00, 1.00, 1.00, 1.00, 1.00, 26.72, 26.72, 26.74, 26.72, 26.72, 1.00, 1.00, 1.00, 1.00, 1.00]
  Objective : 92.809

[EVALUATION 90]
  Date/time : 2026-05-22 13:35:55
  x         : [259.83, 75.75, 75.75, 75.75, 75.75, 75.74, 3.21, 3.21, 3.21, 3.21, 3.21, 26.67, 26.67, 26.67, 26.67, 26.67, 1.00, 1.00, 1.00, 1.00, 1.00, 26.72, 26.72, 26.72, 26.74, 26.72, 1.00, 1.00, 1.00, 1.00, 1.00]
  Objective : 92.809

[EVALUATION 91]
  Date/time : 2026-05-22 13:36:02
  x         : [259.83, 75.75, 75.75, 75.75, 75.75, 75.74, 3.21, 3.21, 3.21, 3.21, 3.21, 26.67, 26.67, 26.67, 26.67, 26.67, 1.00, 1.00, 1.00, 1.00, 1.00, 26.72, 26.72, 26.72, 26.72, 26.74, 1.00, 1.00, 1.00, 1.00, 1.00]
  Objective : 92.809

[EVALUATION 92]
  Date/time : 2026-05-22 13:36:07
  x         : [259.83, 75.75, 75.75, 75.75, 75.75, 75.74, 3.21, 3.21, 3.21, 3.21, 3.21, 26.67, 26.67, 26.67, 26.67, 26.67, 1.00, 1.00, 1.00, 1.00, 1.00, 26.72, 26.72, 26.72, 26.72, 26.72, 1.00, 1.00, 1.00, 1.00, 1.00]
  Objective : 92.809

[EVALUATION 93]
  Date/time : 2026-05-22 13:36:11
  x         : [259.83, 75.75, 75.75, 75.75, 75.75, 75.74, 3.21, 3.21, 3.21, 3.21, 3.21, 26.67, 26.67, 26.67, 26.67, 26.67, 1.00, 1.00, 1.00, 1.00, 1.00, 26.72, 26.72, 26.72, 26.72, 26.72, 1.00, 1.00, 1.00, 1.00, 1.00]
  Objective : 92.809

[EVALUATION 94]
  Date/time : 2026-05-22 13:36:16
  x         : [259.83, 75.75, 75.75, 75.75, 75.75, 75.74, 3.21, 3.21, 3.21, 3.21, 3.21, 26.67, 26.67, 26.67, 26.67, 26.67, 1.00, 1.00, 1.00, 1.00, 1.00, 26.72, 26.72, 26.72, 26.72, 26.72, 1.00, 1.00, 1.00, 1.00, 1.00]
  Objective : 92.809

[EVALUATION 95]
  Date/time : 2026-05-22 13:36:20
  x         : [259.83, 75.75, 75.75, 75.75, 75.75, 75.74, 3.21, 3.21, 3.21, 3.21, 3.21, 26.67, 26.67, 26.67, 26.67, 26.67, 1.00, 1.00, 1.00, 1.00, 1.00, 26.72, 26.72, 26.72, 26.72, 26.72, 1.00, 1.00, 1.00, 1.00, 1.00]
  Objective : 92.809

[EVALUATION 96]
  Date/time : 2026-05-22 13:36:25
  x         : [259.83, 75.75, 75.75, 75.75, 75.75, 75.74, 3.21, 3.21, 3.21, 3.21, 3.21, 26.67, 26.67, 26.67, 26.67, 26.67, 1.00, 1.00, 1.00, 1.00, 1.00, 26.72, 26.72, 26.72, 26.72, 26.72, 1.00, 1.00, 1.00, 1.00, 1.00]
  Objective : 92.809

[EVALUATION 97]
  Date/time : 2026-05-22 13:36:29
  x         : [259.83, 75.75, 75.75, 75.75, 75.75, 75.74, 3.21, 3.21, 3.21, 3.21, 3.21, 26.67, 26.67, 26.67, 26.67, 26.67, 1.00, 1.00, 1.00, 1.00, 1.00, 26.72, 26.72, 26.72, 26.72, 26.72, 1.00, 1.00, 1.00, 1.00, 1.00]
  Objective : 92.807

[EVALUATION 98]
  Date/time : 2026-05-22 13:36:34
  x         : [260.09, 75.75, 75.75, 75.75, 75.75, 75.74, 3.21, 3.21, 3.21, 3.21, 3.21, 26.67, 26.67, 26.67, 26.67, 26.67, 1.00, 1.00, 1.00, 1.00, 1.00, 26.72, 26.72, 26.72, 26.72, 26.72, 1.00, 1.00, 1.00, 1.00, 1.00]
  Objective : 92.827

[EVALUATION 99]
  Date/time : 2026-05-22 13:36:38
  x         : [259.83, 75.82, 75.75, 75.75, 75.75, 75.74, 3.21, 3.21, 3.21, 3.21, 3.21, 26.67, 26.67, 26.67, 26.67, 26.67, 1.00, 1.00, 1.00, 1.00, 1.00, 26.72, 26.72, 26.72, 26.72, 26.72, 1.00, 1.00, 1.00, 1.00, 1.00]
  Objective : 92.822

[EVALUATION 100]
  Date/time : 2026-05-22 13:36:42
  x         : [259.83, 75.75, 75.82, 75.75, 75.75, 75.74, 3.21, 3.21, 3.21, 3.21, 3.21, 26.67, 26.67, 26.67, 26.67, 26.67, 1.00, 1.00, 1.00, 1.00, 1.00, 26.72, 26.72, 26.72, 26.72, 26.72, 1.00, 1.00, 1.00, 1.00, 1.00]
  Objective : 92.822

[EVALUATION 101]
  Date/time : 2026-05-22 13:36:46
  x         : [259.83, 75.75, 75.75, 75.82, 75.75, 75.74, 3.21, 3.21, 3.21, 3.21, 3.21, 26.67, 26.67, 26.67, 26.67, 26.67, 1.00, 1.00, 1.00, 1.00, 1.00, 26.72, 26.72, 26.72, 26.72, 26.72, 1.00, 1.00, 1.00, 1.00, 1.00]
  Objective : 92.822

[EVALUATION 102]
  Date/time : 2026-05-22 13:36:50
  x         : [259.83, 75.75, 75.75, 75.75, 75.82, 75.74, 3.21, 3.21, 3.21, 3.21, 3.21, 26.67, 26.67, 26.67, 26.67, 26.67, 1.00, 1.00, 1.00, 1.00, 1.00, 26.72, 26.72, 26.72, 26.72, 26.72, 1.00, 1.00, 1.00, 1.00, 1.00]
  Objective : 92.822

[EVALUATION 103]
  Date/time : 2026-05-22 13:36:55
  x         : [259.83, 75.75, 75.75, 75.75, 75.75, 75.82, 3.21, 3.21, 3.21, 3.21, 3.21, 26.67, 26.67, 26.67, 26.67, 26.67, 1.00, 1.00, 1.00, 1.00, 1.00, 26.72, 26.72, 26.72, 26.72, 26.72, 1.00, 1.00, 1.00, 1.00, 1.00]
  Objective : 92.822

[EVALUATION 104]
  Date/time : 2026-05-22 13:36:59
  x         : [259.83, 75.75, 75.75, 75.75, 75.75, 75.74, 3.21, 3.21, 3.21, 3.21, 3.21, 26.67, 26.67, 26.67, 26.67, 26.67, 1.00, 1.00, 1.00, 1.00, 1.00, 26.72, 26.72, 26.72, 26.72, 26.72, 1.00, 1.00, 1.00, 1.00, 1.00]
  Objective : 92.820

[EVALUATION 105]
  Date/time : 2026-05-22 13:37:03
  x         : [259.83, 75.75, 75.75, 75.75, 75.75, 75.74, 3.21, 3.21, 3.21, 3.21, 3.21, 26.67, 26.67, 26.67, 26.67, 26.67, 1.00, 1.00, 1.00, 1.00, 1.00, 26.72, 26.72, 26.72, 26.72, 26.72, 1.00, 1.00, 1.00, 1.00, 1.00]
  Objective : 92.820

[EVALUATION 106]
  Date/time : 2026-05-22 13:37:07
  x         : [259.83, 75.75, 75.75, 75.75, 75.75, 75.74, 3.21, 3.21, 3.21, 3.21, 3.21, 26.67, 26.67, 26.67, 26.67, 26.67, 1.00, 1.00, 1.00, 1.00, 1.00, 26.72, 26.72, 26.72, 26.72, 26.72, 1.00, 1.00, 1.00, 1.00, 1.00]
  Objective : 92.820

[EVALUATION 107]
  Date/time : 2026-05-22 13:37:11
  x         : [259.83, 75.75, 75.75, 75.75, 75.75, 75.74, 3.21, 3.21, 3.21, 3.21, 3.21, 26.67, 26.67, 26.67, 26.67, 26.67, 1.00, 1.00, 1.00, 1.00, 1.00, 26.72, 26.72, 26.72, 26.72, 26.72, 1.00, 1.00, 1.00, 1.00, 1.00]
  Objective : 92.820

[EVALUATION 108]
  Date/time : 2026-05-22 13:37:15
  x         : [259.83, 75.75, 75.75, 75.75, 75.75, 75.74, 3.21, 3.21, 3.21, 3.21, 3.21, 26.67, 26.67, 26.67, 26.67, 26.67, 1.00, 1.00, 1.00, 1.00, 1.00, 26.72, 26.72, 26.72, 26.72, 26.72, 1.00, 1.00, 1.00, 1.00, 1.00]
  Objective : 92.820

[EVALUATION 109]
  Date/time : 2026-05-22 13:37:19
  x         : [259.83, 75.75, 75.75, 75.75, 75.75, 75.74, 3.21, 3.21, 3.21, 3.21, 3.21, 26.70, 26.67, 26.67, 26.67, 26.67, 1.00, 1.00, 1.00, 1.00, 1.00, 26.72, 26.72, 26.72, 26.72, 26.72, 1.00, 1.00, 1.00, 1.00, 1.00]
  Objective : 92.810

[EVALUATION 110]
  Date/time : 2026-05-22 13:37:23
  x         : [259.83, 75.75, 75.75, 75.75, 75.75, 75.74, 3.21, 3.21, 3.21, 3.21, 3.21, 26.67, 26.70, 26.67, 26.67, 26.67, 1.00, 1.00, 1.00, 1.00, 1.00, 26.72, 26.72, 26.72, 26.72, 26.72, 1.00, 1.00, 1.00, 1.00, 1.00]
  Objective : 92.810

[EVALUATION 111]
  Date/time : 2026-05-22 13:37:27
  x         : [259.83, 75.75, 75.75, 75.75, 75.75, 75.74, 3.21, 3.21, 3.21, 3.21, 3.21, 26.67, 26.67, 26.70, 26.67, 26.67, 1.00, 1.00, 1.00, 1.00, 1.00, 26.72, 26.72, 26.72, 26.72, 26.72, 1.00, 1.00, 1.00, 1.00, 1.00]
  Objective : 92.810

[EVALUATION 112]
  Date/time : 2026-05-22 13:37:32
  x         : [259.83, 75.75, 75.75, 75.75, 75.75, 75.74, 3.21, 3.21, 3.21, 3.21, 3.21, 26.67, 26.67, 26.67, 26.70, 26.67, 1.00, 1.00, 1.00, 1.00, 1.00, 26.72, 26.72, 26.72, 26.72, 26.72, 1.00, 1.00, 1.00, 1.00, 1.00]
  Objective : 92.810

[EVALUATION 113]
  Date/time : 2026-05-22 13:37:36
  x         : [259.83, 75.75, 75.75, 75.75, 75.75, 75.74, 3.21, 3.21, 3.21, 3.21, 3.21, 26.67, 26.67, 26.67, 26.67, 26.70, 1.00, 1.00, 1.00, 1.00, 1.00, 26.72, 26.72, 26.72, 26.72, 26.72, 1.00, 1.00, 1.00, 1.00, 1.00]
  Objective : 92.810

[EVALUATION 114]
  Date/time : 2026-05-22 13:37:40
  x         : [259.83, 75.75, 75.75, 75.75, 75.75, 75.74, 3.21, 3.21, 3.21, 3.21, 3.21, 26.67, 26.67, 26.67, 26.67, 26.67, 1.00, 1.00, 1.00, 1.00, 1.00, 26.72, 26.72, 26.72, 26.72, 26.72, 1.00, 1.00, 1.00, 1.00, 1.00]
  Objective : 92.810

[EVALUATION 115]
  Date/time : 2026-05-22 13:37:44
  x         : [259.83, 75.75, 75.75, 75.75, 75.75, 75.74, 3.21, 3.21, 3.21, 3.21, 3.21, 26.67, 26.67, 26.67, 26.67, 26.67, 1.00, 1.00, 1.00, 1.00, 1.00, 26.72, 26.72, 26.72, 26.72, 26.72, 1.00, 1.00, 1.00, 1.00, 1.00]
  Objective : 92.810

[EVALUATION 116]
  Date/time : 2026-05-22 13:37:49
  x         : [259.83, 75.75, 75.75, 75.75, 75.75, 75.74, 3.21, 3.21, 3.21, 3.21, 3.21, 26.67, 26.67, 26.67, 26.67, 26.67, 1.00, 1.00, 1.00, 1.00, 1.00, 26.72, 26.72, 26.72, 26.72, 26.72, 1.00, 1.00, 1.00, 1.00, 1.00]
  Objective : 92.810

[EVALUATION 117]
  Date/time : 2026-05-22 13:37:53
  x         : [259.83, 75.75, 75.75, 75.75, 75.75, 75.74, 3.21, 3.21, 3.21, 3.21, 3.21, 26.67, 26.67, 26.67, 26.67, 26.67, 1.00, 1.00, 1.00, 1.00, 1.00, 26.72, 26.72, 26.72, 26.72, 26.72, 1.00, 1.00, 1.00, 1.00, 1.00]
  Objective : 92.810

[EVALUATION 118]
  Date/time : 2026-05-22 13:37:57
  x         : [259.83, 75.75, 75.75, 75.75, 75.75, 75.74, 3.21, 3.21, 3.21, 3.21, 3.21, 26.67, 26.67, 26.67, 26.67, 26.67, 1.00, 1.00, 1.00, 1.00, 1.00, 26.72, 26.72, 26.72, 26.72, 26.72, 1.00, 1.00, 1.00, 1.00, 1.00]
  Objective : 92.810

[EVALUATION 119]
  Date/time : 2026-05-22 13:38:01
  x         : [259.83, 75.75, 75.75, 75.75, 75.75, 75.74, 3.21, 3.21, 3.21, 3.21, 3.21, 26.67, 26.67, 26.67, 26.67, 26.67, 1.00, 1.00, 1.00, 1.00, 1.00, 26.74, 26.72, 26.72, 26.72, 26.72, 1.00, 1.00, 1.00, 1.00, 1.00]
  Objective : 92.809

[EVALUATION 120]
  Date/time : 2026-05-22 13:38:05
  x         : [259.83, 75.75, 75.75, 75.75, 75.75, 75.74, 3.21, 3.21, 3.21, 3.21, 3.21, 26.67, 26.67, 26.67, 26.67, 26.67, 1.00, 1.00, 1.00, 1.00, 1.00, 26.72, 26.74, 26.72, 26.72, 26.72, 1.00, 1.00, 1.00, 1.00, 1.00]
  Objective : 92.809

[EVALUATION 121]
  Date/time : 2026-05-22 13:38:10
  x         : [259.83, 75.75, 75.75, 75.75, 75.75, 75.74, 3.21, 3.21, 3.21, 3.21, 3.21, 26.67, 26.67, 26.67, 26.67, 26.67, 1.00, 1.00, 1.00, 1.00, 1.00, 26.72, 26.72, 26.74, 26.72, 26.72, 1.00, 1.00, 1.00, 1.00, 1.00]
  Objective : 92.809

[EVALUATION 122]
  Date/time : 2026-05-22 13:38:14
  x         : [259.83, 75.75, 75.75, 75.75, 75.75, 75.74, 3.21, 3.21, 3.21, 3.21, 3.21, 26.67, 26.67, 26.67, 26.67, 26.67, 1.00, 1.00, 1.00, 1.00, 1.00, 26.72, 26.72, 26.72, 26.74, 26.72, 1.00, 1.00, 1.00, 1.00, 1.00]
  Objective : 92.809

[EVALUATION 123]
  Date/time : 2026-05-22 13:38:18
  x         : [259.83, 75.75, 75.75, 75.75, 75.75, 75.74, 3.21, 3.21, 3.21, 3.21, 3.21, 26.67, 26.67, 26.67, 26.67, 26.67, 1.00, 1.00, 1.00, 1.00, 1.00, 26.72, 26.72, 26.72, 26.72, 26.74, 1.00, 1.00, 1.00, 1.00, 1.00]
  Objective : 92.809

[EVALUATION 124]
  Date/time : 2026-05-22 13:38:22
  x         : [259.83, 75.75, 75.75, 75.75, 75.75, 75.74, 3.21, 3.21, 3.21, 3.21, 3.21, 26.67, 26.67, 26.67, 26.67, 26.67, 1.00, 1.00, 1.00, 1.00, 1.00, 26.72, 26.72, 26.72, 26.72, 26.72, 1.00, 1.00, 1.00, 1.00, 1.00]
  Objective : 92.809

[EVALUATION 125]
  Date/time : 2026-05-22 13:38:26
  x         : [259.83, 75.75, 75.75, 75.75, 75.75, 75.74, 3.21, 3.21, 3.21, 3.21, 3.21, 26.67, 26.67, 26.67, 26.67, 26.67, 1.00, 1.00, 1.00, 1.00, 1.00, 26.72, 26.72, 26.72, 26.72, 26.72, 1.00, 1.00, 1.00, 1.00, 1.00]
  Objective : 92.809

[EVALUATION 126]
  Date/time : 2026-05-22 13:38:30
  x         : [259.83, 75.75, 75.75, 75.75, 75.75, 75.74, 3.21, 3.21, 3.21, 3.21, 3.21, 26.67, 26.67, 26.67, 26.67, 26.67, 1.00, 1.00, 1.00, 1.00, 1.00, 26.72, 26.72, 26.72, 26.72, 26.72, 1.00, 1.00, 1.00, 1.00, 1.00]
  Objective : 92.809

[EVALUATION 127]
  Date/time : 2026-05-22 13:38:35
  x         : [259.83, 75.75, 75.75, 75.75, 75.75, 75.74, 3.21, 3.21, 3.21, 3.21, 3.21, 26.67, 26.67, 26.67, 26.67, 26.67, 1.00, 1.00, 1.00, 1.00, 1.00, 26.72, 26.72, 26.72, 26.72, 26.72, 1.00, 1.00, 1.00, 1.00, 1.00]
  Objective : 92.809

[EVALUATION 128]
  Date/time : 2026-05-22 13:38:39
  x         : [259.83, 75.75, 75.75, 75.75, 75.75, 75.74, 3.21, 3.21, 3.21, 3.21, 3.21, 26.67, 26.67, 26.67, 26.67, 26.67, 1.00, 1.00, 1.00, 1.00, 1.00, 26.72, 26.72, 26.72, 26.72, 26.72, 1.00, 1.00, 1.00, 1.00, 1.00]
  Objective : 92.809

[EVALUATION 129]
  Date/time : 2026-05-22 13:38:43
  x         : [259.76, 75.37, 75.37, 75.37, 75.37, 75.36, 3.21, 3.21, 3.21, 3.21, 3.21, 26.57, 26.57, 26.57, 26.57, 26.57, 1.00, 1.00, 1.00, 1.00, 1.00, 26.64, 26.64, 26.64, 26.64, 26.64, 1.00, 1.00, 1.00, 1.00, 1.00]
  Objective : 92.361

[ITERATION 2]
  Date/time : 2026-05-22 13:38:43
  x         : [259.755402,  75.367394,  75.369135,  75.369135,  75.369135,  75.362325,
   3.207123,   3.207197,   3.207197,   3.207197,   3.206907,  26.573113,
  26.573113,  26.573113,  26.573113,  26.573113,   1.      ,   1.      ,
   1.      ,   1.      ,   1.      ,  26.640848,  26.640848,  26.640848,
  26.640848,  26.640848,   1.      ,   1.      ,   1.      ,   1.      ,
   1.      ]

Util_LB     Column:    0.024  Brace:    0.006
Util_NF     Column:    0.374  Brace:    0.228
Util_S      Column:    0.016  Brace:    0.007
Util_T      Column:    0.024  Brace:    0.029
Util_BR     Column:    0.433  Brace:    0.290
Util_IN     Column:    0.499  Brace:    0.363
Util_BS_sig  Column:    N/A    Brace:    0.725
Util_BS_defl  Column:    N/A    Brace:    0.236
[EVALUATION 130]
  Date/time : 2026-05-22 13:38:47
  x         : [260.02, 75.37, 75.37, 75.37, 75.37, 75.36, 3.21, 3.21, 3.21, 3.21, 3.21, 26.57, 26.57, 26.57, 26.57, 26.57, 1.00, 1.00, 1.00, 1.00, 1.00, 26.64, 26.64, 26.64, 26.64, 26.64, 1.00, 1.00, 1.00, 1.00, 1.00]
  Objective : 92.381

[EVALUATION 131]
  Date/time : 2026-05-22 13:38:52
  x         : [259.76, 75.44, 75.37, 75.37, 75.37, 75.36, 3.21, 3.21, 3.21, 3.21, 3.21, 26.57, 26.57, 26.57, 26.57, 26.57, 1.00, 1.00, 1.00, 1.00, 1.00, 26.64, 26.64, 26.64, 26.64, 26.64, 1.00, 1.00, 1.00, 1.00, 1.00]
  Objective : 92.375

[EVALUATION 132]
  Date/time : 2026-05-22 13:38:56
  x         : [259.76, 75.37, 75.44, 75.37, 75.37, 75.36, 3.21, 3.21, 3.21, 3.21, 3.21, 26.57, 26.57, 26.57, 26.57, 26.57, 1.00, 1.00, 1.00, 1.00, 1.00, 26.64, 26.64, 26.64, 26.64, 26.64, 1.00, 1.00, 1.00, 1.00, 1.00]
  Objective : 92.375

[EVALUATION 133]
  Date/time : 2026-05-22 13:39:00
  x         : [259.76, 75.37, 75.37, 75.44, 75.37, 75.36, 3.21, 3.21, 3.21, 3.21, 3.21, 26.57, 26.57, 26.57, 26.57, 26.57, 1.00, 1.00, 1.00, 1.00, 1.00, 26.64, 26.64, 26.64, 26.64, 26.64, 1.00, 1.00, 1.00, 1.00, 1.00]
  Objective : 92.375

[EVALUATION 134]
  Date/time : 2026-05-22 13:39:04
  x         : [259.76, 75.37, 75.37, 75.37, 75.44, 75.36, 3.21, 3.21, 3.21, 3.21, 3.21, 26.57, 26.57, 26.57, 26.57, 26.57, 1.00, 1.00, 1.00, 1.00, 1.00, 26.64, 26.64, 26.64, 26.64, 26.64, 1.00, 1.00, 1.00, 1.00, 1.00]
  Objective : 92.375

[EVALUATION 135]
  Date/time : 2026-05-22 13:39:08
  x         : [259.76, 75.37, 75.37, 75.37, 75.37, 75.44, 3.21, 3.21, 3.21, 3.21, 3.21, 26.57, 26.57, 26.57, 26.57, 26.57, 1.00, 1.00, 1.00, 1.00, 1.00, 26.64, 26.64, 26.64, 26.64, 26.64, 1.00, 1.00, 1.00, 1.00, 1.00]
  Objective : 92.375

[EVALUATION 136]
  Date/time : 2026-05-22 13:39:12
  x         : [259.76, 75.37, 75.37, 75.37, 75.37, 75.36, 3.21, 3.21, 3.21, 3.21, 3.21, 26.57, 26.57, 26.57, 26.57, 26.57, 1.00, 1.00, 1.00, 1.00, 1.00, 26.64, 26.64, 26.64, 26.64, 26.64, 1.00, 1.00, 1.00, 1.00, 1.00]
  Objective : 92.374

[EVALUATION 137]
  Date/time : 2026-05-22 13:39:16
  x         : [259.76, 75.37, 75.37, 75.37, 75.37, 75.36, 3.21, 3.21, 3.21, 3.21, 3.21, 26.57, 26.57, 26.57, 26.57, 26.57, 1.00, 1.00, 1.00, 1.00, 1.00, 26.64, 26.64, 26.64, 26.64, 26.64, 1.00, 1.00, 1.00, 1.00, 1.00]
  Objective : 92.374

[EVALUATION 138]
  Date/time : 2026-05-22 13:39:20
  x         : [259.76, 75.37, 75.37, 75.37, 75.37, 75.36, 3.21, 3.21, 3.21, 3.21, 3.21, 26.57, 26.57, 26.57, 26.57, 26.57, 1.00, 1.00, 1.00, 1.00, 1.00, 26.64, 26.64, 26.64, 26.64, 26.64, 1.00, 1.00, 1.00, 1.00, 1.00]
  Objective : 92.374

[EVALUATION 139]
  Date/time : 2026-05-22 13:39:24
  x         : [259.76, 75.37, 75.37, 75.37, 75.37, 75.36, 3.21, 3.21, 3.21, 3.21, 3.21, 26.57, 26.57, 26.57, 26.57, 26.57, 1.00, 1.00, 1.00, 1.00, 1.00, 26.64, 26.64, 26.64, 26.64, 26.64, 1.00, 1.00, 1.00, 1.00, 1.00]
  Objective : 92.374

[EVALUATION 140]
  Date/time : 2026-05-22 13:39:28
  x         : [259.76, 75.37, 75.37, 75.37, 75.37, 75.36, 3.21, 3.21, 3.21, 3.21, 3.21, 26.57, 26.57, 26.57, 26.57, 26.57, 1.00, 1.00, 1.00, 1.00, 1.00, 26.64, 26.64, 26.64, 26.64, 26.64, 1.00, 1.00, 1.00, 1.00, 1.00]
  Objective : 92.374

[EVALUATION 141]
  Date/time : 2026-05-22 13:39:32
  x         : [259.76, 75.37, 75.37, 75.37, 75.37, 75.36, 3.21, 3.21, 3.21, 3.21, 3.21, 26.60, 26.57, 26.57, 26.57, 26.57, 1.00, 1.00, 1.00, 1.00, 1.00, 26.64, 26.64, 26.64, 26.64, 26.64, 1.00, 1.00, 1.00, 1.00, 1.00]
  Objective : 92.363

[EVALUATION 142]
  Date/time : 2026-05-22 13:39:36
  x         : [259.76, 75.37, 75.37, 75.37, 75.37, 75.36, 3.21, 3.21, 3.21, 3.21, 3.21, 26.57, 26.60, 26.57, 26.57, 26.57, 1.00, 1.00, 1.00, 1.00, 1.00, 26.64, 26.64, 26.64, 26.64, 26.64, 1.00, 1.00, 1.00, 1.00, 1.00]
  Objective : 92.363

[EVALUATION 143]
  Date/time : 2026-05-22 13:39:41
  x         : [259.76, 75.37, 75.37, 75.37, 75.37, 75.36, 3.21, 3.21, 3.21, 3.21, 3.21, 26.57, 26.57, 26.60, 26.57, 26.57, 1.00, 1.00, 1.00, 1.00, 1.00, 26.64, 26.64, 26.64, 26.64, 26.64, 1.00, 1.00, 1.00, 1.00, 1.00]
  Objective : 92.363

[EVALUATION 144]
  Date/time : 2026-05-22 13:39:45
  x         : [259.76, 75.37, 75.37, 75.37, 75.37, 75.36, 3.21, 3.21, 3.21, 3.21, 3.21, 26.57, 26.57, 26.57, 26.60, 26.57, 1.00, 1.00, 1.00, 1.00, 1.00, 26.64, 26.64, 26.64, 26.64, 26.64, 1.00, 1.00, 1.00, 1.00, 1.00]
  Objective : 92.363

[EVALUATION 145]
  Date/time : 2026-05-22 13:39:49
  x         : [259.76, 75.37, 75.37, 75.37, 75.37, 75.36, 3.21, 3.21, 3.21, 3.21, 3.21, 26.57, 26.57, 26.57, 26.57, 26.60, 1.00, 1.00, 1.00, 1.00, 1.00, 26.64, 26.64, 26.64, 26.64, 26.64, 1.00, 1.00, 1.00, 1.00, 1.00]
  Objective : 92.363

[EVALUATION 146]
  Date/time : 2026-05-22 13:39:54
  x         : [259.76, 75.37, 75.37, 75.37, 75.37, 75.36, 3.21, 3.21, 3.21, 3.21, 3.21, 26.57, 26.57, 26.57, 26.57, 26.57, 1.00, 1.00, 1.00, 1.00, 1.00, 26.64, 26.64, 26.64, 26.64, 26.64, 1.00, 1.00, 1.00, 1.00, 1.00]
  Objective : 92.363

[EVALUATION 147]
  Date/time : 2026-05-22 13:39:59
  x         : [259.76, 75.37, 75.37, 75.37, 75.37, 75.36, 3.21, 3.21, 3.21, 3.21, 3.21, 26.57, 26.57, 26.57, 26.57, 26.57, 1.00, 1.00, 1.00, 1.00, 1.00, 26.64, 26.64, 26.64, 26.64, 26.64, 1.00, 1.00, 1.00, 1.00, 1.00]
  Objective : 92.363

[EVALUATION 148]
  Date/time : 2026-05-22 13:40:03
  x         : [259.76, 75.37, 75.37, 75.37, 75.37, 75.36, 3.21, 3.21, 3.21, 3.21, 3.21, 26.57, 26.57, 26.57, 26.57, 26.57, 1.00, 1.00, 1.00, 1.00, 1.00, 26.64, 26.64, 26.64, 26.64, 26.64, 1.00, 1.00, 1.00, 1.00, 1.00]
  Objective : 92.363

[EVALUATION 149]
  Date/time : 2026-05-22 13:40:07
  x         : [259.76, 75.37, 75.37, 75.37, 75.37, 75.36, 3.21, 3.21, 3.21, 3.21, 3.21, 26.57, 26.57, 26.57, 26.57, 26.57, 1.00, 1.00, 1.00, 1.00, 1.00, 26.64, 26.64, 26.64, 26.64, 26.64, 1.00, 1.00, 1.00, 1.00, 1.00]
  Objective : 92.363

[EVALUATION 150]
  Date/time : 2026-05-22 13:40:12
  x         : [259.76, 75.37, 75.37, 75.37, 75.37, 75.36, 3.21, 3.21, 3.21, 3.21, 3.21, 26.57, 26.57, 26.57, 26.57, 26.57, 1.00, 1.00, 1.00, 1.00, 1.00, 26.64, 26.64, 26.64, 26.64, 26.64, 1.00, 1.00, 1.00, 1.00, 1.00]
  Objective : 92.363

[EVALUATION 151]
  Date/time : 2026-05-22 13:40:16
  x         : [259.76, 75.37, 75.37, 75.37, 75.37, 75.36, 3.21, 3.21, 3.21, 3.21, 3.21, 26.57, 26.57, 26.57, 26.57, 26.57, 1.00, 1.00, 1.00, 1.00, 1.00, 26.67, 26.64, 26.64, 26.64, 26.64, 1.00, 1.00, 1.00, 1.00, 1.00]
  Objective : 92.363

[EVALUATION 152]
  Date/time : 2026-05-22 13:40:21
  x         : [259.76, 75.37, 75.37, 75.37, 75.37, 75.36, 3.21, 3.21, 3.21, 3.21, 3.21, 26.57, 26.57, 26.57, 26.57, 26.57, 1.00, 1.00, 1.00, 1.00, 1.00, 26.64, 26.67, 26.64, 26.64, 26.64, 1.00, 1.00, 1.00, 1.00, 1.00]
  Objective : 92.363

[EVALUATION 153]
  Date/time : 2026-05-22 13:40:25
  x         : [259.76, 75.37, 75.37, 75.37, 75.37, 75.36, 3.21, 3.21, 3.21, 3.21, 3.21, 26.57, 26.57, 26.57, 26.57, 26.57, 1.00, 1.00, 1.00, 1.00, 1.00, 26.64, 26.64, 26.67, 26.64, 26.64, 1.00, 1.00, 1.00, 1.00, 1.00]
  Objective : 92.363

[EVALUATION 154]
  Date/time : 2026-05-22 13:40:30
  x         : [259.76, 75.37, 75.37, 75.37, 75.37, 75.36, 3.21, 3.21, 3.21, 3.21, 3.21, 26.57, 26.57, 26.57, 26.57, 26.57, 1.00, 1.00, 1.00, 1.00, 1.00, 26.64, 26.64, 26.64, 26.67, 26.64, 1.00, 1.00, 1.00, 1.00, 1.00]
  Objective : 92.363

[EVALUATION 155]
  Date/time : 2026-05-22 13:40:34
  x         : [259.76, 75.37, 75.37, 75.37, 75.37, 75.36, 3.21, 3.21, 3.21, 3.21, 3.21, 26.57, 26.57, 26.57, 26.57, 26.57, 1.00, 1.00, 1.00, 1.00, 1.00, 26.64, 26.64, 26.64, 26.64, 26.67, 1.00, 1.00, 1.00, 1.00, 1.00]
  Objective : 92.363

[EVALUATION 156]
  Date/time : 2026-05-22 13:40:38
  x         : [259.76, 75.37, 75.37, 75.37, 75.37, 75.36, 3.21, 3.21, 3.21, 3.21, 3.21, 26.57, 26.57, 26.57, 26.57, 26.57, 1.00, 1.00, 1.00, 1.00, 1.00, 26.64, 26.64, 26.64, 26.64, 26.64, 1.00, 1.00, 1.00, 1.00, 1.00]
  Objective : 92.363

[EVALUATION 157]
  Date/time : 2026-05-22 13:40:43
  x         : [259.76, 75.37, 75.37, 75.37, 75.37, 75.36, 3.21, 3.21, 3.21, 3.21, 3.21, 26.57, 26.57, 26.57, 26.57, 26.57, 1.00, 1.00, 1.00, 1.00, 1.00, 26.64, 26.64, 26.64, 26.64, 26.64, 1.00, 1.00, 1.00, 1.00, 1.00]
  Objective : 92.363

[EVALUATION 158]
  Date/time : 2026-05-22 13:40:47
  x         : [259.76, 75.37, 75.37, 75.37, 75.37, 75.36, 3.21, 3.21, 3.21, 3.21, 3.21, 26.57, 26.57, 26.57, 26.57, 26.57, 1.00, 1.00, 1.00, 1.00, 1.00, 26.64, 26.64, 26.64, 26.64, 26.64, 1.00, 1.00, 1.00, 1.00, 1.00]
  Objective : 92.363

[EVALUATION 159]
  Date/time : 2026-05-22 13:40:51
  x         : [259.76, 75.37, 75.37, 75.37, 75.37, 75.36, 3.21, 3.21, 3.21, 3.21, 3.21, 26.57, 26.57, 26.57, 26.57, 26.57, 1.00, 1.00, 1.00, 1.00, 1.00, 26.64, 26.64, 26.64, 26.64, 26.64, 1.00, 1.00, 1.00, 1.00, 1.00]
  Objective : 92.363

[EVALUATION 160]
  Date/time : 2026-05-22 13:40:55
  x         : [259.76, 75.37, 75.37, 75.37, 75.37, 75.36, 3.21, 3.21, 3.21, 3.21, 3.21, 26.57, 26.57, 26.57, 26.57, 26.57, 1.00, 1.00, 1.00, 1.00, 1.00, 26.64, 26.64, 26.64, 26.64, 26.64, 1.00, 1.00, 1.00, 1.00, 1.00]
  Objective : 92.363

[EVALUATION 161]
  Date/time : 2026-05-22 13:41:00
  x         : [259.76, 75.37, 75.37, 75.37, 75.37, 75.36, 3.21, 3.21, 3.21, 3.21, 3.21, 26.57, 26.57, 26.57, 26.57, 26.57, 1.00, 1.00, 1.00, 1.00, 1.00, 26.64, 26.64, 26.64, 26.64, 26.64, 1.00, 1.00, 1.00, 1.00, 1.00]
  Objective : 92.361

[EVALUATION 162]
  Date/time : 2026-05-22 13:41:04
  x         : [260.02, 75.37, 75.37, 75.37, 75.37, 75.36, 3.21, 3.21, 3.21, 3.21, 3.21, 26.57, 26.57, 26.57, 26.57, 26.57, 1.00, 1.00, 1.00, 1.00, 1.00, 26.64, 26.64, 26.64, 26.64, 26.64, 1.00, 1.00, 1.00, 1.00, 1.00]
  Objective : 92.381

[EVALUATION 163]
  Date/time : 2026-05-22 13:41:08
  x         : [259.76, 75.44, 75.37, 75.37, 75.37, 75.36, 3.21, 3.21, 3.21, 3.21, 3.21, 26.57, 26.57, 26.57, 26.57, 26.57, 1.00, 1.00, 1.00, 1.00, 1.00, 26.64, 26.64, 26.64, 26.64, 26.64, 1.00, 1.00, 1.00, 1.00, 1.00]
  Objective : 92.375

[EVALUATION 164]
  Date/time : 2026-05-22 13:41:12
  x         : [259.76, 75.37, 75.44, 75.37, 75.37, 75.36, 3.21, 3.21, 3.21, 3.21, 3.21, 26.57, 26.57, 26.57, 26.57, 26.57, 1.00, 1.00, 1.00, 1.00, 1.00, 26.64, 26.64, 26.64, 26.64, 26.64, 1.00, 1.00, 1.00, 1.00, 1.00]
  Objective : 92.375

[EVALUATION 165]
  Date/time : 2026-05-22 13:41:16
  x         : [259.76, 75.37, 75.37, 75.44, 75.37, 75.36, 3.21, 3.21, 3.21, 3.21, 3.21, 26.57, 26.57, 26.57, 26.57, 26.57, 1.00, 1.00, 1.00, 1.00, 1.00, 26.64, 26.64, 26.64, 26.64, 26.64, 1.00, 1.00, 1.00, 1.00, 1.00]
  Objective : 92.375

[EVALUATION 166]
  Date/time : 2026-05-22 13:41:20
  x         : [259.76, 75.37, 75.37, 75.37, 75.44, 75.36, 3.21, 3.21, 3.21, 3.21, 3.21, 26.57, 26.57, 26.57, 26.57, 26.57, 1.00, 1.00, 1.00, 1.00, 1.00, 26.64, 26.64, 26.64, 26.64, 26.64, 1.00, 1.00, 1.00, 1.00, 1.00]
  Objective : 92.375

[EVALUATION 167]
  Date/time : 2026-05-22 13:41:25
  x         : [259.76, 75.37, 75.37, 75.37, 75.37, 75.44, 3.21, 3.21, 3.21, 3.21, 3.21, 26.57, 26.57, 26.57, 26.57, 26.57, 1.00, 1.00, 1.00, 1.00, 1.00, 26.64, 26.64, 26.64, 26.64, 26.64, 1.00, 1.00, 1.00, 1.00, 1.00]
  Objective : 92.375

[EVALUATION 168]
  Date/time : 2026-05-22 13:41:29
  x         : [259.76, 75.37, 75.37, 75.37, 75.37, 75.36, 3.21, 3.21, 3.21, 3.21, 3.21, 26.57, 26.57, 26.57, 26.57, 26.57, 1.00, 1.00, 1.00, 1.00, 1.00, 26.64, 26.64, 26.64, 26.64, 26.64, 1.00, 1.00, 1.00, 1.00, 1.00]
  Objective : 92.374

[EVALUATION 169]
  Date/time : 2026-05-22 13:41:33
  x         : [259.76, 75.37, 75.37, 75.37, 75.37, 75.36, 3.21, 3.21, 3.21, 3.21, 3.21, 26.57, 26.57, 26.57, 26.57, 26.57, 1.00, 1.00, 1.00, 1.00, 1.00, 26.64, 26.64, 26.64, 26.64, 26.64, 1.00, 1.00, 1.00, 1.00, 1.00]
  Objective : 92.374

[EVALUATION 170]
  Date/time : 2026-05-22 13:41:38
  x         : [259.76, 75.37, 75.37, 75.37, 75.37, 75.36, 3.21, 3.21, 3.21, 3.21, 3.21, 26.57, 26.57, 26.57, 26.57, 26.57, 1.00, 1.00, 1.00, 1.00, 1.00, 26.64, 26.64, 26.64, 26.64, 26.64, 1.00, 1.00, 1.00, 1.00, 1.00]
  Objective : 92.374

[EVALUATION 171]
  Date/time : 2026-05-22 13:41:42
  x         : [259.76, 75.37, 75.37, 75.37, 75.37, 75.36, 3.21, 3.21, 3.21, 3.21, 3.21, 26.57, 26.57, 26.57, 26.57, 26.57, 1.00, 1.00, 1.00, 1.00, 1.00, 26.64, 26.64, 26.64, 26.64, 26.64, 1.00, 1.00, 1.00, 1.00, 1.00]
  Objective : 92.374

[EVALUATION 172]
  Date/time : 2026-05-22 13:41:46
  x         : [259.76, 75.37, 75.37, 75.37, 75.37, 75.36, 3.21, 3.21, 3.21, 3.21, 3.21, 26.57, 26.57, 26.57, 26.57, 26.57, 1.00, 1.00, 1.00, 1.00, 1.00, 26.64, 26.64, 26.64, 26.64, 26.64, 1.00, 1.00, 1.00, 1.00, 1.00]
  Objective : 92.374

[EVALUATION 173]
  Date/time : 2026-05-22 13:41:51
  x         : [259.76, 75.37, 75.37, 75.37, 75.37, 75.36, 3.21, 3.21, 3.21, 3.21, 3.21, 26.60, 26.57, 26.57, 26.57, 26.57, 1.00, 1.00, 1.00, 1.00, 1.00, 26.64, 26.64, 26.64, 26.64, 26.64, 1.00, 1.00, 1.00, 1.00, 1.00]
  Objective : 92.363

[EVALUATION 174]
  Date/time : 2026-05-22 13:41:55
  x         : [259.76, 75.37, 75.37, 75.37, 75.37, 75.36, 3.21, 3.21, 3.21, 3.21, 3.21, 26.57, 26.60, 26.57, 26.57, 26.57, 1.00, 1.00, 1.00, 1.00, 1.00, 26.64, 26.64, 26.64, 26.64, 26.64, 1.00, 1.00, 1.00, 1.00, 1.00]
  Objective : 92.363

[EVALUATION 175]
  Date/time : 2026-05-22 13:42:00
  x         : [259.76, 75.37, 75.37, 75.37, 75.37, 75.36, 3.21, 3.21, 3.21, 3.21, 3.21, 26.57, 26.57, 26.60, 26.57, 26.57, 1.00, 1.00, 1.00, 1.00, 1.00, 26.64, 26.64, 26.64, 26.64, 26.64, 1.00, 1.00, 1.00, 1.00, 1.00]
  Objective : 92.363

[EVALUATION 176]
  Date/time : 2026-05-22 13:42:04
  x         : [259.76, 75.37, 75.37, 75.37, 75.37, 75.36, 3.21, 3.21, 3.21, 3.21, 3.21, 26.57, 26.57, 26.57, 26.60, 26.57, 1.00, 1.00, 1.00, 1.00, 1.00, 26.64, 26.64, 26.64, 26.64, 26.64, 1.00, 1.00, 1.00, 1.00, 1.00]
  Objective : 92.363

[EVALUATION 177]
  Date/time : 2026-05-22 13:42:08
  x         : [259.76, 75.37, 75.37, 75.37, 75.37, 75.36, 3.21, 3.21, 3.21, 3.21, 3.21, 26.57, 26.57, 26.57, 26.57, 26.60, 1.00, 1.00, 1.00, 1.00, 1.00, 26.64, 26.64, 26.64, 26.64, 26.64, 1.00, 1.00, 1.00, 1.00, 1.00]
  Objective : 92.363

[EVALUATION 178]
  Date/time : 2026-05-22 13:42:13
  x         : [259.76, 75.37, 75.37, 75.37, 75.37, 75.36, 3.21, 3.21, 3.21, 3.21, 3.21, 26.57, 26.57, 26.57, 26.57, 26.57, 1.00, 1.00, 1.00, 1.00, 1.00, 26.64, 26.64, 26.64, 26.64, 26.64, 1.00, 1.00, 1.00, 1.00, 1.00]
  Objective : 92.363

[EVALUATION 179]
  Date/time : 2026-05-22 13:42:17
  x         : [259.76, 75.37, 75.37, 75.37, 75.37, 75.36, 3.21, 3.21, 3.21, 3.21, 3.21, 26.57, 26.57, 26.57, 26.57, 26.57, 1.00, 1.00, 1.00, 1.00, 1.00, 26.64, 26.64, 26.64, 26.64, 26.64, 1.00, 1.00, 1.00, 1.00, 1.00]
  Objective : 92.363

[EVALUATION 180]
  Date/time : 2026-05-22 13:42:21
  x         : [259.76, 75.37, 75.37, 75.37, 75.37, 75.36, 3.21, 3.21, 3.21, 3.21, 3.21, 26.57, 26.57, 26.57, 26.57, 26.57, 1.00, 1.00, 1.00, 1.00, 1.00, 26.64, 26.64, 26.64, 26.64, 26.64, 1.00, 1.00, 1.00, 1.00, 1.00]
  Objective : 92.363

[EVALUATION 181]
  Date/time : 2026-05-22 13:42:25
  x         : [259.76, 75.37, 75.37, 75.37, 75.37, 75.36, 3.21, 3.21, 3.21, 3.21, 3.21, 26.57, 26.57, 26.57, 26.57, 26.57, 1.00, 1.00, 1.00, 1.00, 1.00, 26.64, 26.64, 26.64, 26.64, 26.64, 1.00, 1.00, 1.00, 1.00, 1.00]
  Objective : 92.363

[EVALUATION 182]
  Date/time : 2026-05-22 13:42:29
  x         : [259.76, 75.37, 75.37, 75.37, 75.37, 75.36, 3.21, 3.21, 3.21, 3.21, 3.21, 26.57, 26.57, 26.57, 26.57, 26.57, 1.00, 1.00, 1.00, 1.00, 1.00, 26.64, 26.64, 26.64, 26.64, 26.64, 1.00, 1.00, 1.00, 1.00, 1.00]
  Objective : 92.363

[EVALUATION 183]
  Date/time : 2026-05-22 13:42:33
  x         : [259.76, 75.37, 75.37, 75.37, 75.37, 75.36, 3.21, 3.21, 3.21, 3.21, 3.21, 26.57, 26.57, 26.57, 26.57, 26.57, 1.00, 1.00, 1.00, 1.00, 1.00, 26.67, 26.64, 26.64, 26.64, 26.64, 1.00, 1.00, 1.00, 1.00, 1.00]
  Objective : 92.363

[EVALUATION 184]
  Date/time : 2026-05-22 13:42:38
  x         : [259.76, 75.37, 75.37, 75.37, 75.37, 75.36, 3.21, 3.21, 3.21, 3.21, 3.21, 26.57, 26.57, 26.57, 26.57, 26.57, 1.00, 1.00, 1.00, 1.00, 1.00, 26.64, 26.67, 26.64, 26.64, 26.64, 1.00, 1.00, 1.00, 1.00, 1.00]
  Objective : 92.363

[EVALUATION 185]
  Date/time : 2026-05-22 13:42:42
  x         : [259.76, 75.37, 75.37, 75.37, 75.37, 75.36, 3.21, 3.21, 3.21, 3.21, 3.21, 26.57, 26.57, 26.57, 26.57, 26.57, 1.00, 1.00, 1.00, 1.00, 1.00, 26.64, 26.64, 26.67, 26.64, 26.64, 1.00, 1.00, 1.00, 1.00, 1.00]
  Objective : 92.363

[EVALUATION 186]
  Date/time : 2026-05-22 13:42:47
  x         : [259.76, 75.37, 75.37, 75.37, 75.37, 75.36, 3.21, 3.21, 3.21, 3.21, 3.21, 26.57, 26.57, 26.57, 26.57, 26.57, 1.00, 1.00, 1.00, 1.00, 1.00, 26.64, 26.64, 26.64, 26.67, 26.64, 1.00, 1.00, 1.00, 1.00, 1.00]
  Objective : 92.363

[EVALUATION 187]
  Date/time : 2026-05-22 13:42:52
  x         : [259.76, 75.37, 75.37, 75.37, 75.37, 75.36, 3.21, 3.21, 3.21, 3.21, 3.21, 26.57, 26.57, 26.57, 26.57, 26.57, 1.00, 1.00, 1.00, 1.00, 1.00, 26.64, 26.64, 26.64, 26.64, 26.67, 1.00, 1.00, 1.00, 1.00, 1.00]
  Objective : 92.363

[EVALUATION 188]
  Date/time : 2026-05-22 13:42:56
  x         : [259.76, 75.37, 75.37, 75.37, 75.37, 75.36, 3.21, 3.21, 3.21, 3.21, 3.21, 26.57, 26.57, 26.57, 26.57, 26.57, 1.00, 1.00, 1.00, 1.00, 1.00, 26.64, 26.64, 26.64, 26.64, 26.64, 1.00, 1.00, 1.00, 1.00, 1.00]
  Objective : 92.363

[EVALUATION 189]
  Date/time : 2026-05-22 13:43:00
  x         : [259.76, 75.37, 75.37, 75.37, 75.37, 75.36, 3.21, 3.21, 3.21, 3.21, 3.21, 26.57, 26.57, 26.57, 26.57, 26.57, 1.00, 1.00, 1.00, 1.00, 1.00, 26.64, 26.64, 26.64, 26.64, 26.64, 1.00, 1.00, 1.00, 1.00, 1.00]
  Objective : 92.363

[EVALUATION 190]
  Date/time : 2026-05-22 13:43:05
  x         : [259.76, 75.37, 75.37, 75.37, 75.37, 75.36, 3.21, 3.21, 3.21, 3.21, 3.21, 26.57, 26.57, 26.57, 26.57, 26.57, 1.00, 1.00, 1.00, 1.00, 1.00, 26.64, 26.64, 26.64, 26.64, 26.64, 1.00, 1.00, 1.00, 1.00, 1.00]
  Objective : 92.363

[EVALUATION 191]
  Date/time : 2026-05-22 13:43:09
  x         : [259.76, 75.37, 75.37, 75.37, 75.37, 75.36, 3.21, 3.21, 3.21, 3.21, 3.21, 26.57, 26.57, 26.57, 26.57, 26.57, 1.00, 1.00, 1.00, 1.00, 1.00, 26.64, 26.64, 26.64, 26.64, 26.64, 1.00, 1.00, 1.00, 1.00, 1.00]
  Objective : 92.363

[EVALUATION 192]
  Date/time : 2026-05-22 13:43:14
  x         : [259.76, 75.37, 75.37, 75.37, 75.37, 75.36, 3.21, 3.21, 3.21, 3.21, 3.21, 26.57, 26.57, 26.57, 26.57, 26.57, 1.00, 1.00, 1.00, 1.00, 1.00, 26.64, 26.64, 26.64, 26.64, 26.64, 1.00, 1.00, 1.00, 1.00, 1.00]
  Objective : 92.363

[EVALUATION 193]
  Date/time : 2026-05-22 13:43:18
  x         : [259.38, 73.50, 73.51, 73.51, 73.51, 73.48, 3.13, 3.13, 3.13, 3.13, 3.13, 26.09, 26.09, 26.09, 26.09, 26.09, 1.00, 1.00, 1.00, 1.00, 1.00, 26.26, 26.26, 26.26, 26.26, 26.26, 1.00, 1.00, 1.00, 1.00, 1.00]
  Objective : 88.537

[ITERATION 3]
  Date/time : 2026-05-22 13:43:19
  x         : [259.381403,  73.499403,  73.505905,  73.505905,  73.505905,  73.481456,
   3.127555,   3.127832,   3.127832,   3.127832,   3.12679 ,  26.088474,
  26.088474,  26.088474,  26.088474,  26.088474,   1.      ,   1.      ,
   1.      ,   1.      ,   1.      ,  26.255943,  26.255943,  26.255943,
  26.255943,  26.255943,   1.      ,   1.      ,   1.      ,   1.      ,
   1.      ]

Util_LB     Column:    0.026  Brace:    0.006
Util_NF     Column:    0.394  Brace:    0.240
Util_S      Column:    0.018  Brace:    0.007
Util_T      Column:    0.025  Brace:    0.030
Util_BR     Column:    0.457  Brace:    0.305
Util_IN     Column:    0.525  Brace:    0.384
Util_BS_sig  Column:    N/A    Brace:    0.752
Util_BS_defl  Column:    N/A    Brace:    0.249
[EVALUATION 194]
  Date/time : 2026-05-22 13:43:23
  x         : [259.64, 73.50, 73.51, 73.51, 73.51, 73.48, 3.13, 3.13, 3.13, 3.13, 3.13, 26.09, 26.09, 26.09, 26.09, 26.09, 1.00, 1.00, 1.00, 1.00, 1.00, 26.26, 26.26, 26.26, 26.26, 26.26, 1.00, 1.00, 1.00, 1.00, 1.00]
  Objective : 88.557

[EVALUATION 195]
  Date/time : 2026-05-22 13:43:27
  x         : [259.38, 73.57, 73.51, 73.51, 73.51, 73.48, 3.13, 3.13, 3.13, 3.13, 3.13, 26.09, 26.09, 26.09, 26.09, 26.09, 1.00, 1.00, 1.00, 1.00, 1.00, 26.26, 26.26, 26.26, 26.26, 26.26, 1.00, 1.00, 1.00, 1.00, 1.00]
  Objective : 88.551

[EVALUATION 196]
  Date/time : 2026-05-22 13:43:32
  x         : [259.38, 73.50, 73.58, 73.51, 73.51, 73.48, 3.13, 3.13, 3.13, 3.13, 3.13, 26.09, 26.09, 26.09, 26.09, 26.09, 1.00, 1.00, 1.00, 1.00, 1.00, 26.26, 26.26, 26.26, 26.26, 26.26, 1.00, 1.00, 1.00, 1.00, 1.00]
  Objective : 88.551

[EVALUATION 197]
  Date/time : 2026-05-22 13:43:36
  x         : [259.38, 73.50, 73.51, 73.58, 73.51, 73.48, 3.13, 3.13, 3.13, 3.13, 3.13, 26.09, 26.09, 26.09, 26.09, 26.09, 1.00, 1.00, 1.00, 1.00, 1.00, 26.26, 26.26, 26.26, 26.26, 26.26, 1.00, 1.00, 1.00, 1.00, 1.00]
  Objective : 88.551

[EVALUATION 198]
  Date/time : 2026-05-22 13:43:41
  x         : [259.38, 73.50, 73.51, 73.51, 73.58, 73.48, 3.13, 3.13, 3.13, 3.13, 3.13, 26.09, 26.09, 26.09, 26.09, 26.09, 1.00, 1.00, 1.00, 1.00, 1.00, 26.26, 26.26, 26.26, 26.26, 26.26, 1.00, 1.00, 1.00, 1.00, 1.00]
  Objective : 88.551

[EVALUATION 199]
  Date/time : 2026-05-22 13:43:45
  x         : [259.38, 73.50, 73.51, 73.51, 73.51, 73.55, 3.13, 3.13, 3.13, 3.13, 3.13, 26.09, 26.09, 26.09, 26.09, 26.09, 1.00, 1.00, 1.00, 1.00, 1.00, 26.26, 26.26, 26.26, 26.26, 26.26, 1.00, 1.00, 1.00, 1.00, 1.00]
  Objective : 88.551

[EVALUATION 200]
  Date/time : 2026-05-22 13:43:49
  x         : [259.38, 73.50, 73.51, 73.51, 73.51, 73.48, 3.13, 3.13, 3.13, 3.13, 3.13, 26.09, 26.09, 26.09, 26.09, 26.09, 1.00, 1.00, 1.00, 1.00, 1.00, 26.26, 26.26, 26.26, 26.26, 26.26, 1.00, 1.00, 1.00, 1.00, 1.00]
  Objective : 88.550

[EVALUATION 201]
  Date/time : 2026-05-22 13:43:54
  x         : [259.38, 73.50, 73.51, 73.51, 73.51, 73.48, 3.13, 3.13, 3.13, 3.13, 3.13, 26.09, 26.09, 26.09, 26.09, 26.09, 1.00, 1.00, 1.00, 1.00, 1.00, 26.26, 26.26, 26.26, 26.26, 26.26, 1.00, 1.00, 1.00, 1.00, 1.00]
  Objective : 88.550

[EVALUATION 202]
  Date/time : 2026-05-22 13:43:58
  x         : [259.38, 73.50, 73.51, 73.51, 73.51, 73.48, 3.13, 3.13, 3.13, 3.13, 3.13, 26.09, 26.09, 26.09, 26.09, 26.09, 1.00, 1.00, 1.00, 1.00, 1.00, 26.26, 26.26, 26.26, 26.26, 26.26, 1.00, 1.00, 1.00, 1.00, 1.00]
  Objective : 88.550

[EVALUATION 203]
  Date/time : 2026-05-22 13:44:03
  x         : [259.38, 73.50, 73.51, 73.51, 73.51, 73.48, 3.13, 3.13, 3.13, 3.13, 3.13, 26.09, 26.09, 26.09, 26.09, 26.09, 1.00, 1.00, 1.00, 1.00, 1.00, 26.26, 26.26, 26.26, 26.26, 26.26, 1.00, 1.00, 1.00, 1.00, 1.00]
  Objective : 88.550

[EVALUATION 204]
  Date/time : 2026-05-22 13:44:07
  x         : [259.38, 73.50, 73.51, 73.51, 73.51, 73.48, 3.13, 3.13, 3.13, 3.13, 3.13, 26.09, 26.09, 26.09, 26.09, 26.09, 1.00, 1.00, 1.00, 1.00, 1.00, 26.26, 26.26, 26.26, 26.26, 26.26, 1.00, 1.00, 1.00, 1.00, 1.00]
  Objective : 88.550

[EVALUATION 205]
  Date/time : 2026-05-22 13:44:11
  x         : [259.38, 73.50, 73.51, 73.51, 73.51, 73.48, 3.13, 3.13, 3.13, 3.13, 3.13, 26.11, 26.09, 26.09, 26.09, 26.09, 1.00, 1.00, 1.00, 1.00, 1.00, 26.26, 26.26, 26.26, 26.26, 26.26, 1.00, 1.00, 1.00, 1.00, 1.00]
  Objective : 88.540

[EVALUATION 206]
  Date/time : 2026-05-22 13:44:15
  x         : [259.38, 73.50, 73.51, 73.51, 73.51, 73.48, 3.13, 3.13, 3.13, 3.13, 3.13, 26.09, 26.11, 26.09, 26.09, 26.09, 1.00, 1.00, 1.00, 1.00, 1.00, 26.26, 26.26, 26.26, 26.26, 26.26, 1.00, 1.00, 1.00, 1.00, 1.00]
  Objective : 88.540

[EVALUATION 207]
  Date/time : 2026-05-22 13:44:20
  x         : [259.38, 73.50, 73.51, 73.51, 73.51, 73.48, 3.13, 3.13, 3.13, 3.13, 3.13, 26.09, 26.09, 26.11, 26.09, 26.09, 1.00, 1.00, 1.00, 1.00, 1.00, 26.26, 26.26, 26.26, 26.26, 26.26, 1.00, 1.00, 1.00, 1.00, 1.00]
  Objective : 88.540

[EVALUATION 208]
  Date/time : 2026-05-22 13:44:24
  x         : [259.38, 73.50, 73.51, 73.51, 73.51, 73.48, 3.13, 3.13, 3.13, 3.13, 3.13, 26.09, 26.09, 26.09, 26.11, 26.09, 1.00, 1.00, 1.00, 1.00, 1.00, 26.26, 26.26, 26.26, 26.26, 26.26, 1.00, 1.00, 1.00, 1.00, 1.00]
  Objective : 88.540

[EVALUATION 209]
  Date/time : 2026-05-22 13:44:28
  x         : [259.38, 73.50, 73.51, 73.51, 73.51, 73.48, 3.13, 3.13, 3.13, 3.13, 3.13, 26.09, 26.09, 26.09, 26.09, 26.11, 1.00, 1.00, 1.00, 1.00, 1.00, 26.26, 26.26, 26.26, 26.26, 26.26, 1.00, 1.00, 1.00, 1.00, 1.00]
  Objective : 88.540

[EVALUATION 210]
  Date/time : 2026-05-22 13:44:33
  x         : [259.38, 73.50, 73.51, 73.51, 73.51, 73.48, 3.13, 3.13, 3.13, 3.13, 3.13, 26.09, 26.09, 26.09, 26.09, 26.09, 1.00, 1.00, 1.00, 1.00, 1.00, 26.26, 26.26, 26.26, 26.26, 26.26, 1.00, 1.00, 1.00, 1.00, 1.00]
  Objective : 88.539

[EVALUATION 211]
  Date/time : 2026-05-22 13:44:37
  x         : [259.38, 73.50, 73.51, 73.51, 73.51, 73.48, 3.13, 3.13, 3.13, 3.13, 3.13, 26.09, 26.09, 26.09, 26.09, 26.09, 1.00, 1.00, 1.00, 1.00, 1.00, 26.26, 26.26, 26.26, 26.26, 26.26, 1.00, 1.00, 1.00, 1.00, 1.00]
  Objective : 88.539

[EVALUATION 212]
  Date/time : 2026-05-22 13:44:41
  x         : [259.38, 73.50, 73.51, 73.51, 73.51, 73.48, 3.13, 3.13, 3.13, 3.13, 3.13, 26.09, 26.09, 26.09, 26.09, 26.09, 1.00, 1.00, 1.00, 1.00, 1.00, 26.26, 26.26, 26.26, 26.26, 26.26, 1.00, 1.00, 1.00, 1.00, 1.00]
  Objective : 88.539

[EVALUATION 213]
  Date/time : 2026-05-22 13:44:46
  x         : [259.38, 73.50, 73.51, 73.51, 73.51, 73.48, 3.13, 3.13, 3.13, 3.13, 3.13, 26.09, 26.09, 26.09, 26.09, 26.09, 1.00, 1.00, 1.00, 1.00, 1.00, 26.26, 26.26, 26.26, 26.26, 26.26, 1.00, 1.00, 1.00, 1.00, 1.00]
  Objective : 88.539

[EVALUATION 214]
  Date/time : 2026-05-22 13:44:50
  x         : [259.38, 73.50, 73.51, 73.51, 73.51, 73.48, 3.13, 3.13, 3.13, 3.13, 3.13, 26.09, 26.09, 26.09, 26.09, 26.09, 1.00, 1.00, 1.00, 1.00, 1.00, 26.26, 26.26, 26.26, 26.26, 26.26, 1.00, 1.00, 1.00, 1.00, 1.00]
  Objective : 88.539

[EVALUATION 215]
  Date/time : 2026-05-22 13:44:54
  x         : [259.38, 73.50, 73.51, 73.51, 73.51, 73.48, 3.13, 3.13, 3.13, 3.13, 3.13, 26.09, 26.09, 26.09, 26.09, 26.09, 1.00, 1.00, 1.00, 1.00, 1.00, 26.28, 26.26, 26.26, 26.26, 26.26, 1.00, 1.00, 1.00, 1.00, 1.00]
  Objective : 88.539

[EVALUATION 216]
  Date/time : 2026-05-22 13:44:59
  x         : [259.38, 73.50, 73.51, 73.51, 73.51, 73.48, 3.13, 3.13, 3.13, 3.13, 3.13, 26.09, 26.09, 26.09, 26.09, 26.09, 1.00, 1.00, 1.00, 1.00, 1.00, 26.26, 26.28, 26.26, 26.26, 26.26, 1.00, 1.00, 1.00, 1.00, 1.00]
  Objective : 88.539

[EVALUATION 217]
  Date/time : 2026-05-22 13:45:03
  x         : [259.38, 73.50, 73.51, 73.51, 73.51, 73.48, 3.13, 3.13, 3.13, 3.13, 3.13, 26.09, 26.09, 26.09, 26.09, 26.09, 1.00, 1.00, 1.00, 1.00, 1.00, 26.26, 26.26, 26.28, 26.26, 26.26, 1.00, 1.00, 1.00, 1.00, 1.00]
  Objective : 88.539

[EVALUATION 218]
  Date/time : 2026-05-22 13:45:07
  x         : [259.38, 73.50, 73.51, 73.51, 73.51, 73.48, 3.13, 3.13, 3.13, 3.13, 3.13, 26.09, 26.09, 26.09, 26.09, 26.09, 1.00, 1.00, 1.00, 1.00, 1.00, 26.26, 26.26, 26.26, 26.28, 26.26, 1.00, 1.00, 1.00, 1.00, 1.00]
  Objective : 88.539

[EVALUATION 219]
  Date/time : 2026-05-22 13:45:12
  x         : [259.38, 73.50, 73.51, 73.51, 73.51, 73.48, 3.13, 3.13, 3.13, 3.13, 3.13, 26.09, 26.09, 26.09, 26.09, 26.09, 1.00, 1.00, 1.00, 1.00, 1.00, 26.26, 26.26, 26.26, 26.26, 26.28, 1.00, 1.00, 1.00, 1.00, 1.00]
  Objective : 88.539

[EVALUATION 220]
  Date/time : 2026-05-22 13:45:16
  x         : [259.38, 73.50, 73.51, 73.51, 73.51, 73.48, 3.13, 3.13, 3.13, 3.13, 3.13, 26.09, 26.09, 26.09, 26.09, 26.09, 1.00, 1.00, 1.00, 1.00, 1.00, 26.26, 26.26, 26.26, 26.26, 26.26, 1.00, 1.00, 1.00, 1.00, 1.00]
  Objective : 88.539

[EVALUATION 221]
  Date/time : 2026-05-22 13:45:20
  x         : [259.38, 73.50, 73.51, 73.51, 73.51, 73.48, 3.13, 3.13, 3.13, 3.13, 3.13, 26.09, 26.09, 26.09, 26.09, 26.09, 1.00, 1.00, 1.00, 1.00, 1.00, 26.26, 26.26, 26.26, 26.26, 26.26, 1.00, 1.00, 1.00, 1.00, 1.00]
  Objective : 88.539

[EVALUATION 222]
  Date/time : 2026-05-22 13:45:25
  x         : [259.38, 73.50, 73.51, 73.51, 73.51, 73.48, 3.13, 3.13, 3.13, 3.13, 3.13, 26.09, 26.09, 26.09, 26.09, 26.09, 1.00, 1.00, 1.00, 1.00, 1.00, 26.26, 26.26, 26.26, 26.26, 26.26, 1.00, 1.00, 1.00, 1.00, 1.00]
  Objective : 88.539

[EVALUATION 223]
  Date/time : 2026-05-22 13:45:29
  x         : [259.38, 73.50, 73.51, 73.51, 73.51, 73.48, 3.13, 3.13, 3.13, 3.13, 3.13, 26.09, 26.09, 26.09, 26.09, 26.09, 1.00, 1.00, 1.00, 1.00, 1.00, 26.26, 26.26, 26.26, 26.26, 26.26, 1.00, 1.00, 1.00, 1.00, 1.00]
  Objective : 88.539

[EVALUATION 224]
  Date/time : 2026-05-22 13:45:33
  x         : [259.38, 73.50, 73.51, 73.51, 73.51, 73.48, 3.13, 3.13, 3.13, 3.13, 3.13, 26.09, 26.09, 26.09, 26.09, 26.09, 1.00, 1.00, 1.00, 1.00, 1.00, 26.26, 26.26, 26.26, 26.26, 26.26, 1.00, 1.00, 1.00, 1.00, 1.00]
  Objective : 88.539

[EVALUATION 225]
  Date/time : 2026-05-22 13:45:37
  x         : [259.38, 73.50, 73.51, 73.51, 73.51, 73.48, 3.13, 3.13, 3.13, 3.13, 3.13, 26.09, 26.09, 26.09, 26.09, 26.09, 1.00, 1.00, 1.00, 1.00, 1.00, 26.26, 26.26, 26.26, 26.26, 26.26, 1.00, 1.00, 1.00, 1.00, 1.00]
  Objective : 88.537

[EVALUATION 226]
  Date/time : 2026-05-22 13:45:42
  x         : [259.64, 73.50, 73.51, 73.51, 73.51, 73.48, 3.13, 3.13, 3.13, 3.13, 3.13, 26.09, 26.09, 26.09, 26.09, 26.09, 1.00, 1.00, 1.00, 1.00, 1.00, 26.26, 26.26, 26.26, 26.26, 26.26, 1.00, 1.00, 1.00, 1.00, 1.00]
  Objective : 88.557

[EVALUATION 227]
  Date/time : 2026-05-22 13:45:47
  x         : [259.38, 73.57, 73.51, 73.51, 73.51, 73.48, 3.13, 3.13, 3.13, 3.13, 3.13, 26.09, 26.09, 26.09, 26.09, 26.09, 1.00, 1.00, 1.00, 1.00, 1.00, 26.26, 26.26, 26.26, 26.26, 26.26, 1.00, 1.00, 1.00, 1.00, 1.00]
  Objective : 88.551

[EVALUATION 228]
  Date/time : 2026-05-22 13:45:51
  x         : [259.38, 73.50, 73.58, 73.51, 73.51, 73.48, 3.13, 3.13, 3.13, 3.13, 3.13, 26.09, 26.09, 26.09, 26.09, 26.09, 1.00, 1.00, 1.00, 1.00, 1.00, 26.26, 26.26, 26.26, 26.26, 26.26, 1.00, 1.00, 1.00, 1.00, 1.00]
  Objective : 88.551

[EVALUATION 229]
  Date/time : 2026-05-22 13:45:56
  x         : [259.38, 73.50, 73.51, 73.58, 73.51, 73.48, 3.13, 3.13, 3.13, 3.13, 3.13, 26.09, 26.09, 26.09, 26.09, 26.09, 1.00, 1.00, 1.00, 1.00, 1.00, 26.26, 26.26, 26.26, 26.26, 26.26, 1.00, 1.00, 1.00, 1.00, 1.00]
  Objective : 88.551

[EVALUATION 230]
  Date/time : 2026-05-22 13:46:00
  x         : [259.38, 73.50, 73.51, 73.51, 73.58, 73.48, 3.13, 3.13, 3.13, 3.13, 3.13, 26.09, 26.09, 26.09, 26.09, 26.09, 1.00, 1.00, 1.00, 1.00, 1.00, 26.26, 26.26, 26.26, 26.26, 26.26, 1.00, 1.00, 1.00, 1.00, 1.00]
  Objective : 88.551

[EVALUATION 231]
  Date/time : 2026-05-22 13:46:05
  x         : [259.38, 73.50, 73.51, 73.51, 73.51, 73.55, 3.13, 3.13, 3.13, 3.13, 3.13, 26.09, 26.09, 26.09, 26.09, 26.09, 1.00, 1.00, 1.00, 1.00, 1.00, 26.26, 26.26, 26.26, 26.26, 26.26, 1.00, 1.00, 1.00, 1.00, 1.00]
  Objective : 88.551

[EVALUATION 232]
  Date/time : 2026-05-22 13:46:10
  x         : [259.38, 73.50, 73.51, 73.51, 73.51, 73.48, 3.13, 3.13, 3.13, 3.13, 3.13, 26.09, 26.09, 26.09, 26.09, 26.09, 1.00, 1.00, 1.00, 1.00, 1.00, 26.26, 26.26, 26.26, 26.26, 26.26, 1.00, 1.00, 1.00, 1.00, 1.00]
  Objective : 88.550

[EVALUATION 233]
  Date/time : 2026-05-22 13:46:14
  x         : [259.38, 73.50, 73.51, 73.51, 73.51, 73.48, 3.13, 3.13, 3.13, 3.13, 3.13, 26.09, 26.09, 26.09, 26.09, 26.09, 1.00, 1.00, 1.00, 1.00, 1.00, 26.26, 26.26, 26.26, 26.26, 26.26, 1.00, 1.00, 1.00, 1.00, 1.00]
  Objective : 88.550

[EVALUATION 234]
  Date/time : 2026-05-22 13:46:18
  x         : [259.38, 73.50, 73.51, 73.51, 73.51, 73.48, 3.13, 3.13, 3.13, 3.13, 3.13, 26.09, 26.09, 26.09, 26.09, 26.09, 1.00, 1.00, 1.00, 1.00, 1.00, 26.26, 26.26, 26.26, 26.26, 26.26, 1.00, 1.00, 1.00, 1.00, 1.00]
  Objective : 88.550

[EVALUATION 235]
  Date/time : 2026-05-22 13:46:23
  x         : [259.38, 73.50, 73.51, 73.51, 73.51, 73.48, 3.13, 3.13, 3.13, 3.13, 3.13, 26.09, 26.09, 26.09, 26.09, 26.09, 1.00, 1.00, 1.00, 1.00, 1.00, 26.26, 26.26, 26.26, 26.26, 26.26, 1.00, 1.00, 1.00, 1.00, 1.00]
  Objective : 88.550

[EVALUATION 236]
  Date/time : 2026-05-22 13:46:27
  x         : [259.38, 73.50, 73.51, 73.51, 73.51, 73.48, 3.13, 3.13, 3.13, 3.13, 3.13, 26.09, 26.09, 26.09, 26.09, 26.09, 1.00, 1.00, 1.00, 1.00, 1.00, 26.26, 26.26, 26.26, 26.26, 26.26, 1.00, 1.00, 1.00, 1.00, 1.00]
  Objective : 88.550

[EVALUATION 237]
  Date/time : 2026-05-22 13:46:32
  x         : [259.38, 73.50, 73.51, 73.51, 73.51, 73.48, 3.13, 3.13, 3.13, 3.13, 3.13, 26.11, 26.09, 26.09, 26.09, 26.09, 1.00, 1.00, 1.00, 1.00, 1.00, 26.26, 26.26, 26.26, 26.26, 26.26, 1.00, 1.00, 1.00, 1.00, 1.00]
  Objective : 88.540

[EVALUATION 238]
  Date/time : 2026-05-22 13:46:36
  x         : [259.38, 73.50, 73.51, 73.51, 73.51, 73.48, 3.13, 3.13, 3.13, 3.13, 3.13, 26.09, 26.11, 26.09, 26.09, 26.09, 1.00, 1.00, 1.00, 1.00, 1.00, 26.26, 26.26, 26.26, 26.26, 26.26, 1.00, 1.00, 1.00, 1.00, 1.00]
  Objective : 88.540

[EVALUATION 239]
  Date/time : 2026-05-22 13:46:41
  x         : [259.38, 73.50, 73.51, 73.51, 73.51, 73.48, 3.13, 3.13, 3.13, 3.13, 3.13, 26.09, 26.09, 26.11, 26.09, 26.09, 1.00, 1.00, 1.00, 1.00, 1.00, 26.26, 26.26, 26.26, 26.26, 26.26, 1.00, 1.00, 1.00, 1.00, 1.00]
  Objective : 88.540

[EVALUATION 240]
  Date/time : 2026-05-22 13:46:45
  x         : [259.38, 73.50, 73.51, 73.51, 73.51, 73.48, 3.13, 3.13, 3.13, 3.13, 3.13, 26.09, 26.09, 26.09, 26.11, 26.09, 1.00, 1.00, 1.00, 1.00, 1.00, 26.26, 26.26, 26.26, 26.26, 26.26, 1.00, 1.00, 1.00, 1.00, 1.00]
  Objective : 88.540

[EVALUATION 241]
  Date/time : 2026-05-22 13:46:50
  x         : [259.38, 73.50, 73.51, 73.51, 73.51, 73.48, 3.13, 3.13, 3.13, 3.13, 3.13, 26.09, 26.09, 26.09, 26.09, 26.11, 1.00, 1.00, 1.00, 1.00, 1.00, 26.26, 26.26, 26.26, 26.26, 26.26, 1.00, 1.00, 1.00, 1.00, 1.00]
  Objective : 88.540

[EVALUATION 242]
  Date/time : 2026-05-22 13:46:54
  x         : [259.38, 73.50, 73.51, 73.51, 73.51, 73.48, 3.13, 3.13, 3.13, 3.13, 3.13, 26.09, 26.09, 26.09, 26.09, 26.09, 1.00, 1.00, 1.00, 1.00, 1.00, 26.26, 26.26, 26.26, 26.26, 26.26, 1.00, 1.00, 1.00, 1.00, 1.00]
  Objective : 88.539

[EVALUATION 243]
  Date/time : 2026-05-22 13:46:59
  x         : [259.38, 73.50, 73.51, 73.51, 73.51, 73.48, 3.13, 3.13, 3.13, 3.13, 3.13, 26.09, 26.09, 26.09, 26.09, 26.09, 1.00, 1.00, 1.00, 1.00, 1.00, 26.26, 26.26, 26.26, 26.26, 26.26, 1.00, 1.00, 1.00, 1.00, 1.00]
  Objective : 88.539

[EVALUATION 244]
  Date/time : 2026-05-22 13:47:03
  x         : [259.38, 73.50, 73.51, 73.51, 73.51, 73.48, 3.13, 3.13, 3.13, 3.13, 3.13, 26.09, 26.09, 26.09, 26.09, 26.09, 1.00, 1.00, 1.00, 1.00, 1.00, 26.26, 26.26, 26.26, 26.26, 26.26, 1.00, 1.00, 1.00, 1.00, 1.00]
  Objective : 88.539

[EVALUATION 245]
  Date/time : 2026-05-22 13:47:07
  x         : [259.38, 73.50, 73.51, 73.51, 73.51, 73.48, 3.13, 3.13, 3.13, 3.13, 3.13, 26.09, 26.09, 26.09, 26.09, 26.09, 1.00, 1.00, 1.00, 1.00, 1.00, 26.26, 26.26, 26.26, 26.26, 26.26, 1.00, 1.00, 1.00, 1.00, 1.00]
  Objective : 88.539

[EVALUATION 246]
  Date/time : 2026-05-22 13:47:11
  x         : [259.38, 73.50, 73.51, 73.51, 73.51, 73.48, 3.13, 3.13, 3.13, 3.13, 3.13, 26.09, 26.09, 26.09, 26.09, 26.09, 1.00, 1.00, 1.00, 1.00, 1.00, 26.26, 26.26, 26.26, 26.26, 26.26, 1.00, 1.00, 1.00, 1.00, 1.00]
  Objective : 88.539

[EVALUATION 247]
  Date/time : 2026-05-22 13:47:16
  x         : [259.38, 73.50, 73.51, 73.51, 73.51, 73.48, 3.13, 3.13, 3.13, 3.13, 3.13, 26.09, 26.09, 26.09, 26.09, 26.09, 1.00, 1.00, 1.00, 1.00, 1.00, 26.28, 26.26, 26.26, 26.26, 26.26, 1.00, 1.00, 1.00, 1.00, 1.00]
  Objective : 88.539

[EVALUATION 248]
  Date/time : 2026-05-22 13:47:20
  x         : [259.38, 73.50, 73.51, 73.51, 73.51, 73.48, 3.13, 3.13, 3.13, 3.13, 3.13, 26.09, 26.09, 26.09, 26.09, 26.09, 1.00, 1.00, 1.00, 1.00, 1.00, 26.26, 26.28, 26.26, 26.26, 26.26, 1.00, 1.00, 1.00, 1.00, 1.00]
  Objective : 88.539

[EVALUATION 249]
  Date/time : 2026-05-22 13:47:24
  x         : [259.38, 73.50, 73.51, 73.51, 73.51, 73.48, 3.13, 3.13, 3.13, 3.13, 3.13, 26.09, 26.09, 26.09, 26.09, 26.09, 1.00, 1.00, 1.00, 1.00, 1.00, 26.26, 26.26, 26.28, 26.26, 26.26, 1.00, 1.00, 1.00, 1.00, 1.00]
  Objective : 88.539

[EVALUATION 250]
  Date/time : 2026-05-22 13:47:28
  x         : [259.38, 73.50, 73.51, 73.51, 73.51, 73.48, 3.13, 3.13, 3.13, 3.13, 3.13, 26.09, 26.09, 26.09, 26.09, 26.09, 1.00, 1.00, 1.00, 1.00, 1.00, 26.26, 26.26, 26.26, 26.28, 26.26, 1.00, 1.00, 1.00, 1.00, 1.00]
  Objective : 88.539

[EVALUATION 251]
  Date/time : 2026-05-22 13:47:33
  x         : [259.38, 73.50, 73.51, 73.51, 73.51, 73.48, 3.13, 3.13, 3.13, 3.13, 3.13, 26.09, 26.09, 26.09, 26.09, 26.09, 1.00, 1.00, 1.00, 1.00, 1.00, 26.26, 26.26, 26.26, 26.26, 26.28, 1.00, 1.00, 1.00, 1.00, 1.00]
  Objective : 88.539

[EVALUATION 252]
  Date/time : 2026-05-22 13:47:37
  x         : [259.38, 73.50, 73.51, 73.51, 73.51, 73.48, 3.13, 3.13, 3.13, 3.13, 3.13, 26.09, 26.09, 26.09, 26.09, 26.09, 1.00, 1.00, 1.00, 1.00, 1.00, 26.26, 26.26, 26.26, 26.26, 26.26, 1.00, 1.00, 1.00, 1.00, 1.00]
  Objective : 88.539

[EVALUATION 253]
  Date/time : 2026-05-22 13:47:41
  x         : [259.38, 73.50, 73.51, 73.51, 73.51, 73.48, 3.13, 3.13, 3.13, 3.13, 3.13, 26.09, 26.09, 26.09, 26.09, 26.09, 1.00, 1.00, 1.00, 1.00, 1.00, 26.26, 26.26, 26.26, 26.26, 26.26, 1.00, 1.00, 1.00, 1.00, 1.00]
  Objective : 88.539

[EVALUATION 254]
  Date/time : 2026-05-22 13:47:45
  x         : [259.38, 73.50, 73.51, 73.51, 73.51, 73.48, 3.13, 3.13, 3.13, 3.13, 3.13, 26.09, 26.09, 26.09, 26.09, 26.09, 1.00, 1.00, 1.00, 1.00, 1.00, 26.26, 26.26, 26.26, 26.26, 26.26, 1.00, 1.00, 1.00, 1.00, 1.00]
  Objective : 88.539

[EVALUATION 255]
  Date/time : 2026-05-22 13:47:49
  x         : [259.38, 73.50, 73.51, 73.51, 73.51, 73.48, 3.13, 3.13, 3.13, 3.13, 3.13, 26.09, 26.09, 26.09, 26.09, 26.09, 1.00, 1.00, 1.00, 1.00, 1.00, 26.26, 26.26, 26.26, 26.26, 26.26, 1.00, 1.00, 1.00, 1.00, 1.00]
  Objective : 88.539

[EVALUATION 256]
  Date/time : 2026-05-22 13:47:54
  x         : [259.38, 73.50, 73.51, 73.51, 73.51, 73.48, 3.13, 3.13, 3.13, 3.13, 3.13, 26.09, 26.09, 26.09, 26.09, 26.09, 1.00, 1.00, 1.00, 1.00, 1.00, 26.26, 26.26, 26.26, 26.26, 26.26, 1.00, 1.00, 1.00, 1.00, 1.00]
  Objective : 88.539

[EVALUATION 257]
  Date/time : 2026-05-22 13:47:58
  x         : [257.55, 64.37, 64.40, 64.40, 64.40, 64.29, 2.74, 2.74, 2.74, 2.74, 2.74, 23.71, 23.71, 23.71, 23.71, 23.71, 1.00, 1.00, 1.00, 1.00, 1.00, 24.37, 24.37, 24.37, 24.37, 24.37, 1.00, 1.00, 1.00, 1.00, 1.00]
  Objective : 71.089

[ITERATION 4]
  Date/time : 2026-05-22 13:47:58
  x         : [257.55156 ,  64.372293,  64.401729,  64.401729,  64.401729,  64.291834,
   2.738868,   2.740122,   2.740122,   2.740122,   2.735442,  23.708848,
  23.708848,  23.708848,  23.708848,  23.708848,   1.      ,   1.      ,
   1.      ,   1.      ,   1.      ,  24.367576,  24.367576,  24.367576,
  24.367576,  24.367576,   1.      ,   1.      ,   1.      ,   1.      ,
   1.      ]

Util_LB     Column:    0.034  Brace:    0.007
Util_NF     Column:    0.523  Brace:    0.310
Util_S      Column:    0.027  Brace:    0.009
Util_T      Column:    0.031  Brace:    0.040
Util_BR     Column:    0.607  Brace:    0.396
Util_IN     Column:    0.691  Brace:    0.505
Util_BS_sig  Column:    N/A    Brace:    0.912
Util_BS_defl  Column:    N/A    Brace:    0.331
[EVALUATION 258]
  Date/time : 2026-05-22 13:48:03
  x         : [257.81, 64.37, 64.40, 64.40, 64.40, 64.29, 2.74, 2.74, 2.74, 2.74, 2.74, 23.71, 23.71, 23.71, 23.71, 23.71, 1.00, 1.00, 1.00, 1.00, 1.00, 24.37, 24.37, 24.37, 24.37, 24.37, 1.00, 1.00, 1.00, 1.00, 1.00]
  Objective : 71.107

[EVALUATION 259]
  Date/time : 2026-05-22 13:48:07
  x         : [257.55, 64.44, 64.40, 64.40, 64.40, 64.29, 2.74, 2.74, 2.74, 2.74, 2.74, 23.71, 23.71, 23.71, 23.71, 23.71, 1.00, 1.00, 1.00, 1.00, 1.00, 24.37, 24.37, 24.37, 24.37, 24.37, 1.00, 1.00, 1.00, 1.00, 1.00]
  Objective : 71.100

[EVALUATION 260]
  Date/time : 2026-05-22 13:48:11
  x         : [257.55, 64.37, 64.47, 64.40, 64.40, 64.29, 2.74, 2.74, 2.74, 2.74, 2.74, 23.71, 23.71, 23.71, 23.71, 23.71, 1.00, 1.00, 1.00, 1.00, 1.00, 24.37, 24.37, 24.37, 24.37, 24.37, 1.00, 1.00, 1.00, 1.00, 1.00]
  Objective : 71.100

[EVALUATION 261]
  Date/time : 2026-05-22 13:48:16
  x         : [257.55, 64.37, 64.40, 64.47, 64.40, 64.29, 2.74, 2.74, 2.74, 2.74, 2.74, 23.71, 23.71, 23.71, 23.71, 23.71, 1.00, 1.00, 1.00, 1.00, 1.00, 24.37, 24.37, 24.37, 24.37, 24.37, 1.00, 1.00, 1.00, 1.00, 1.00]
  Objective : 71.100

[EVALUATION 262]
  Date/time : 2026-05-22 13:48:20
  x         : [257.55, 64.37, 64.40, 64.40, 64.47, 64.29, 2.74, 2.74, 2.74, 2.74, 2.74, 23.71, 23.71, 23.71, 23.71, 23.71, 1.00, 1.00, 1.00, 1.00, 1.00, 24.37, 24.37, 24.37, 24.37, 24.37, 1.00, 1.00, 1.00, 1.00, 1.00]
  Objective : 71.100

[EVALUATION 263]
  Date/time : 2026-05-22 13:48:25
  x         : [257.55, 64.37, 64.40, 64.40, 64.40, 64.36, 2.74, 2.74, 2.74, 2.74, 2.74, 23.71, 23.71, 23.71, 23.71, 23.71, 1.00, 1.00, 1.00, 1.00, 1.00, 24.37, 24.37, 24.37, 24.37, 24.37, 1.00, 1.00, 1.00, 1.00, 1.00]
  Objective : 71.100

[EVALUATION 264]
  Date/time : 2026-05-22 13:48:30
  x         : [257.55, 64.37, 64.40, 64.40, 64.40, 64.29, 2.74, 2.74, 2.74, 2.74, 2.74, 23.71, 23.71, 23.71, 23.71, 23.71, 1.00, 1.00, 1.00, 1.00, 1.00, 24.37, 24.37, 24.37, 24.37, 24.37, 1.00, 1.00, 1.00, 1.00, 1.00]
  Objective : 71.099

[EVALUATION 265]
  Date/time : 2026-05-22 13:48:34
  x         : [257.55, 64.37, 64.40, 64.40, 64.40, 64.29, 2.74, 2.74, 2.74, 2.74, 2.74, 23.71, 23.71, 23.71, 23.71, 23.71, 1.00, 1.00, 1.00, 1.00, 1.00, 24.37, 24.37, 24.37, 24.37, 24.37, 1.00, 1.00, 1.00, 1.00, 1.00]
  Objective : 71.099

[EVALUATION 266]
  Date/time : 2026-05-22 13:48:39
  x         : [257.55, 64.37, 64.40, 64.40, 64.40, 64.29, 2.74, 2.74, 2.74, 2.74, 2.74, 23.71, 23.71, 23.71, 23.71, 23.71, 1.00, 1.00, 1.00, 1.00, 1.00, 24.37, 24.37, 24.37, 24.37, 24.37, 1.00, 1.00, 1.00, 1.00, 1.00]
  Objective : 71.099

[EVALUATION 267]
  Date/time : 2026-05-22 13:48:43
  x         : [257.55, 64.37, 64.40, 64.40, 64.40, 64.29, 2.74, 2.74, 2.74, 2.74, 2.74, 23.71, 23.71, 23.71, 23.71, 23.71, 1.00, 1.00, 1.00, 1.00, 1.00, 24.37, 24.37, 24.37, 24.37, 24.37, 1.00, 1.00, 1.00, 1.00, 1.00]
  Objective : 71.099

[EVALUATION 268]
  Date/time : 2026-05-22 13:48:47
  x         : [257.55, 64.37, 64.40, 64.40, 64.40, 64.29, 2.74, 2.74, 2.74, 2.74, 2.74, 23.71, 23.71, 23.71, 23.71, 23.71, 1.00, 1.00, 1.00, 1.00, 1.00, 24.37, 24.37, 24.37, 24.37, 24.37, 1.00, 1.00, 1.00, 1.00, 1.00]
  Objective : 71.099

[EVALUATION 269]
  Date/time : 2026-05-22 13:48:52
  x         : [257.55, 64.37, 64.40, 64.40, 64.40, 64.29, 2.74, 2.74, 2.74, 2.74, 2.74, 23.73, 23.71, 23.71, 23.71, 23.71, 1.00, 1.00, 1.00, 1.00, 1.00, 24.37, 24.37, 24.37, 24.37, 24.37, 1.00, 1.00, 1.00, 1.00, 1.00]
  Objective : 71.091

[EVALUATION 270]
  Date/time : 2026-05-22 13:48:57
  x         : [257.55, 64.37, 64.40, 64.40, 64.40, 64.29, 2.74, 2.74, 2.74, 2.74, 2.74, 23.71, 23.73, 23.71, 23.71, 23.71, 1.00, 1.00, 1.00, 1.00, 1.00, 24.37, 24.37, 24.37, 24.37, 24.37, 1.00, 1.00, 1.00, 1.00, 1.00]
  Objective : 71.091

[EVALUATION 271]
  Date/time : 2026-05-22 13:49:01
  x         : [257.55, 64.37, 64.40, 64.40, 64.40, 64.29, 2.74, 2.74, 2.74, 2.74, 2.74, 23.71, 23.71, 23.73, 23.71, 23.71, 1.00, 1.00, 1.00, 1.00, 1.00, 24.37, 24.37, 24.37, 24.37, 24.37, 1.00, 1.00, 1.00, 1.00, 1.00]
  Objective : 71.091

[EVALUATION 272]
  Date/time : 2026-05-22 13:49:05
  x         : [257.55, 64.37, 64.40, 64.40, 64.40, 64.29, 2.74, 2.74, 2.74, 2.74, 2.74, 23.71, 23.71, 23.71, 23.73, 23.71, 1.00, 1.00, 1.00, 1.00, 1.00, 24.37, 24.37, 24.37, 24.37, 24.37, 1.00, 1.00, 1.00, 1.00, 1.00]
  Objective : 71.091

[EVALUATION 273]
  Date/time : 2026-05-22 13:49:10
  x         : [257.55, 64.37, 64.40, 64.40, 64.40, 64.29, 2.74, 2.74, 2.74, 2.74, 2.74, 23.71, 23.71, 23.71, 23.71, 23.73, 1.00, 1.00, 1.00, 1.00, 1.00, 24.37, 24.37, 24.37, 24.37, 24.37, 1.00, 1.00, 1.00, 1.00, 1.00]
  Objective : 71.091

[EVALUATION 274]
  Date/time : 2026-05-22 13:49:14
  x         : [257.55, 64.37, 64.40, 64.40, 64.40, 64.29, 2.74, 2.74, 2.74, 2.74, 2.74, 23.71, 23.71, 23.71, 23.71, 23.71, 1.00, 1.00, 1.00, 1.00, 1.00, 24.37, 24.37, 24.37, 24.37, 24.37, 1.00, 1.00, 1.00, 1.00, 1.00]
  Objective : 71.091

[EVALUATION 275]
  Date/time : 2026-05-22 13:49:19
  x         : [257.55, 64.37, 64.40, 64.40, 64.40, 64.29, 2.74, 2.74, 2.74, 2.74, 2.74, 23.71, 23.71, 23.71, 23.71, 23.71, 1.00, 1.00, 1.00, 1.00, 1.00, 24.37, 24.37, 24.37, 24.37, 24.37, 1.00, 1.00, 1.00, 1.00, 1.00]
  Objective : 71.091

[EVALUATION 276]
  Date/time : 2026-05-22 13:49:23
  x         : [257.55, 64.37, 64.40, 64.40, 64.40, 64.29, 2.74, 2.74, 2.74, 2.74, 2.74, 23.71, 23.71, 23.71, 23.71, 23.71, 1.00, 1.00, 1.00, 1.00, 1.00, 24.37, 24.37, 24.37, 24.37, 24.37, 1.00, 1.00, 1.00, 1.00, 1.00]
  Objective : 71.091

[EVALUATION 277]
  Date/time : 2026-05-22 13:49:28
  x         : [257.55, 64.37, 64.40, 64.40, 64.40, 64.29, 2.74, 2.74, 2.74, 2.74, 2.74, 23.71, 23.71, 23.71, 23.71, 23.71, 1.00, 1.00, 1.00, 1.00, 1.00, 24.37, 24.37, 24.37, 24.37, 24.37, 1.00, 1.00, 1.00, 1.00, 1.00]
  Objective : 71.091

[EVALUATION 278]
  Date/time : 2026-05-22 13:49:32
  x         : [257.55, 64.37, 64.40, 64.40, 64.40, 64.29, 2.74, 2.74, 2.74, 2.74, 2.74, 23.71, 23.71, 23.71, 23.71, 23.71, 1.00, 1.00, 1.00, 1.00, 1.00, 24.37, 24.37, 24.37, 24.37, 24.37, 1.00, 1.00, 1.00, 1.00, 1.00]
  Objective : 71.091

[EVALUATION 279]
  Date/time : 2026-05-22 13:49:37
  x         : [257.55, 64.37, 64.40, 64.40, 64.40, 64.29, 2.74, 2.74, 2.74, 2.74, 2.74, 23.71, 23.71, 23.71, 23.71, 23.71, 1.00, 1.00, 1.00, 1.00, 1.00, 24.39, 24.37, 24.37, 24.37, 24.37, 1.00, 1.00, 1.00, 1.00, 1.00]
  Objective : 71.091

[EVALUATION 280]
  Date/time : 2026-05-22 13:49:41
  x         : [257.55, 64.37, 64.40, 64.40, 64.40, 64.29, 2.74, 2.74, 2.74, 2.74, 2.74, 23.71, 23.71, 23.71, 23.71, 23.71, 1.00, 1.00, 1.00, 1.00, 1.00, 24.37, 24.39, 24.37, 24.37, 24.37, 1.00, 1.00, 1.00, 1.00, 1.00]
  Objective : 71.091

[EVALUATION 281]
  Date/time : 2026-05-22 13:49:46
  x         : [257.55, 64.37, 64.40, 64.40, 64.40, 64.29, 2.74, 2.74, 2.74, 2.74, 2.74, 23.71, 23.71, 23.71, 23.71, 23.71, 1.00, 1.00, 1.00, 1.00, 1.00, 24.37, 24.37, 24.39, 24.37, 24.37, 1.00, 1.00, 1.00, 1.00, 1.00]
  Objective : 71.091

[EVALUATION 282]
  Date/time : 2026-05-22 13:49:50
  x         : [257.55, 64.37, 64.40, 64.40, 64.40, 64.29, 2.74, 2.74, 2.74, 2.74, 2.74, 23.71, 23.71, 23.71, 23.71, 23.71, 1.00, 1.00, 1.00, 1.00, 1.00, 24.37, 24.37, 24.37, 24.39, 24.37, 1.00, 1.00, 1.00, 1.00, 1.00]
  Objective : 71.091

[EVALUATION 283]
  Date/time : 2026-05-22 13:49:55
  x         : [257.55, 64.37, 64.40, 64.40, 64.40, 64.29, 2.74, 2.74, 2.74, 2.74, 2.74, 23.71, 23.71, 23.71, 23.71, 23.71, 1.00, 1.00, 1.00, 1.00, 1.00, 24.37, 24.37, 24.37, 24.37, 24.39, 1.00, 1.00, 1.00, 1.00, 1.00]
  Objective : 71.091

[EVALUATION 284]
  Date/time : 2026-05-22 13:49:59
  x         : [257.55, 64.37, 64.40, 64.40, 64.40, 64.29, 2.74, 2.74, 2.74, 2.74, 2.74, 23.71, 23.71, 23.71, 23.71, 23.71, 1.00, 1.00, 1.00, 1.00, 1.00, 24.37, 24.37, 24.37, 24.37, 24.37, 1.00, 1.00, 1.00, 1.00, 1.00]
  Objective : 71.091

[EVALUATION 285]
  Date/time : 2026-05-22 13:50:04
  x         : [257.55, 64.37, 64.40, 64.40, 64.40, 64.29, 2.74, 2.74, 2.74, 2.74, 2.74, 23.71, 23.71, 23.71, 23.71, 23.71, 1.00, 1.00, 1.00, 1.00, 1.00, 24.37, 24.37, 24.37, 24.37, 24.37, 1.00, 1.00, 1.00, 1.00, 1.00]
  Objective : 71.091

[EVALUATION 286]
  Date/time : 2026-05-22 13:50:09
  x         : [257.55, 64.37, 64.40, 64.40, 64.40, 64.29, 2.74, 2.74, 2.74, 2.74, 2.74, 23.71, 23.71, 23.71, 23.71, 23.71, 1.00, 1.00, 1.00, 1.00, 1.00, 24.37, 24.37, 24.37, 24.37, 24.37, 1.00, 1.00, 1.00, 1.00, 1.00]
  Objective : 71.091

[EVALUATION 287]
  Date/time : 2026-05-22 13:50:14
  x         : [257.55, 64.37, 64.40, 64.40, 64.40, 64.29, 2.74, 2.74, 2.74, 2.74, 2.74, 23.71, 23.71, 23.71, 23.71, 23.71, 1.00, 1.00, 1.00, 1.00, 1.00, 24.37, 24.37, 24.37, 24.37, 24.37, 1.00, 1.00, 1.00, 1.00, 1.00]
  Objective : 71.091

[EVALUATION 288]
  Date/time : 2026-05-22 13:50:18
  x         : [257.55, 64.37, 64.40, 64.40, 64.40, 64.29, 2.74, 2.74, 2.74, 2.74, 2.74, 23.71, 23.71, 23.71, 23.71, 23.71, 1.00, 1.00, 1.00, 1.00, 1.00, 24.37, 24.37, 24.37, 24.37, 24.37, 1.00, 1.00, 1.00, 1.00, 1.00]
  Objective : 71.091

[EVALUATION 289]
  Date/time : 2026-05-22 13:50:23
  x         : [257.55, 64.37, 64.40, 64.40, 64.40, 64.29, 2.74, 2.74, 2.74, 2.74, 2.74, 23.71, 23.71, 23.71, 23.71, 23.71, 1.00, 1.00, 1.00, 1.00, 1.00, 24.37, 24.37, 24.37, 24.37, 24.37, 1.00, 1.00, 1.00, 1.00, 1.00]
  Objective : 71.089

[EVALUATION 290]
  Date/time : 2026-05-22 13:50:28
  x         : [257.81, 64.37, 64.40, 64.40, 64.40, 64.29, 2.74, 2.74, 2.74, 2.74, 2.74, 23.71, 23.71, 23.71, 23.71, 23.71, 1.00, 1.00, 1.00, 1.00, 1.00, 24.37, 24.37, 24.37, 24.37, 24.37, 1.00, 1.00, 1.00, 1.00, 1.00]
  Objective : 71.107

[EVALUATION 291]
  Date/time : 2026-05-22 13:50:32
  x         : [257.55, 64.44, 64.40, 64.40, 64.40, 64.29, 2.74, 2.74, 2.74, 2.74, 2.74, 23.71, 23.71, 23.71, 23.71, 23.71, 1.00, 1.00, 1.00, 1.00, 1.00, 24.37, 24.37, 24.37, 24.37, 24.37, 1.00, 1.00, 1.00, 1.00, 1.00]
  Objective : 71.100

[EVALUATION 292]
  Date/time : 2026-05-22 13:50:37
  x         : [257.55, 64.37, 64.47, 64.40, 64.40, 64.29, 2.74, 2.74, 2.74, 2.74, 2.74, 23.71, 23.71, 23.71, 23.71, 23.71, 1.00, 1.00, 1.00, 1.00, 1.00, 24.37, 24.37, 24.37, 24.37, 24.37, 1.00, 1.00, 1.00, 1.00, 1.00]
  Objective : 71.100

[EVALUATION 293]
  Date/time : 2026-05-22 13:50:42
  x         : [257.55, 64.37, 64.40, 64.47, 64.40, 64.29, 2.74, 2.74, 2.74, 2.74, 2.74, 23.71, 23.71, 23.71, 23.71, 23.71, 1.00, 1.00, 1.00, 1.00, 1.00, 24.37, 24.37, 24.37, 24.37, 24.37, 1.00, 1.00, 1.00, 1.00, 1.00]
  Objective : 71.100

[EVALUATION 294]
  Date/time : 2026-05-22 13:50:46
  x         : [257.55, 64.37, 64.40, 64.40, 64.47, 64.29, 2.74, 2.74, 2.74, 2.74, 2.74, 23.71, 23.71, 23.71, 23.71, 23.71, 1.00, 1.00, 1.00, 1.00, 1.00, 24.37, 24.37, 24.37, 24.37, 24.37, 1.00, 1.00, 1.00, 1.00, 1.00]
  Objective : 71.100

[EVALUATION 295]
  Date/time : 2026-05-22 13:50:51
  x         : [257.55, 64.37, 64.40, 64.40, 64.40, 64.36, 2.74, 2.74, 2.74, 2.74, 2.74, 23.71, 23.71, 23.71, 23.71, 23.71, 1.00, 1.00, 1.00, 1.00, 1.00, 24.37, 24.37, 24.37, 24.37, 24.37, 1.00, 1.00, 1.00, 1.00, 1.00]
  Objective : 71.100

[EVALUATION 296]
  Date/time : 2026-05-22 13:50:55
  x         : [257.55, 64.37, 64.40, 64.40, 64.40, 64.29, 2.74, 2.74, 2.74, 2.74, 2.74, 23.71, 23.71, 23.71, 23.71, 23.71, 1.00, 1.00, 1.00, 1.00, 1.00, 24.37, 24.37, 24.37, 24.37, 24.37, 1.00, 1.00, 1.00, 1.00, 1.00]
  Objective : 71.099

[EVALUATION 297]
  Date/time : 2026-05-22 13:51:00
  x         : [257.55, 64.37, 64.40, 64.40, 64.40, 64.29, 2.74, 2.74, 2.74, 2.74, 2.74, 23.71, 23.71, 23.71, 23.71, 23.71, 1.00, 1.00, 1.00, 1.00, 1.00, 24.37, 24.37, 24.37, 24.37, 24.37, 1.00, 1.00, 1.00, 1.00, 1.00]
  Objective : 71.099

[EVALUATION 298]
  Date/time : 2026-05-22 13:51:04
  x         : [257.55, 64.37, 64.40, 64.40, 64.40, 64.29, 2.74, 2.74, 2.74, 2.74, 2.74, 23.71, 23.71, 23.71, 23.71, 23.71, 1.00, 1.00, 1.00, 1.00, 1.00, 24.37, 24.37, 24.37, 24.37, 24.37, 1.00, 1.00, 1.00, 1.00, 1.00]
  Objective : 71.099

[EVALUATION 299]
  Date/time : 2026-05-22 13:51:09
  x         : [257.55, 64.37, 64.40, 64.40, 64.40, 64.29, 2.74, 2.74, 2.74, 2.74, 2.74, 23.71, 23.71, 23.71, 23.71, 23.71, 1.00, 1.00, 1.00, 1.00, 1.00, 24.37, 24.37, 24.37, 24.37, 24.37, 1.00, 1.00, 1.00, 1.00, 1.00]
  Objective : 71.099

[EVALUATION 300]
  Date/time : 2026-05-22 13:51:13
  x         : [257.55, 64.37, 64.40, 64.40, 64.40, 64.29, 2.74, 2.74, 2.74, 2.74, 2.74, 23.71, 23.71, 23.71, 23.71, 23.71, 1.00, 1.00, 1.00, 1.00, 1.00, 24.37, 24.37, 24.37, 24.37, 24.37, 1.00, 1.00, 1.00, 1.00, 1.00]
  Objective : 71.099

[EVALUATION 301]
  Date/time : 2026-05-22 13:51:18
  x         : [257.55, 64.37, 64.40, 64.40, 64.40, 64.29, 2.74, 2.74, 2.74, 2.74, 2.74, 23.73, 23.71, 23.71, 23.71, 23.71, 1.00, 1.00, 1.00, 1.00, 1.00, 24.37, 24.37, 24.37, 24.37, 24.37, 1.00, 1.00, 1.00, 1.00, 1.00]
  Objective : 71.091

[EVALUATION 302]
  Date/time : 2026-05-22 13:51:23
  x         : [257.55, 64.37, 64.40, 64.40, 64.40, 64.29, 2.74, 2.74, 2.74, 2.74, 2.74, 23.71, 23.73, 23.71, 23.71, 23.71, 1.00, 1.00, 1.00, 1.00, 1.00, 24.37, 24.37, 24.37, 24.37, 24.37, 1.00, 1.00, 1.00, 1.00, 1.00]
  Objective : 71.091

[EVALUATION 303]
  Date/time : 2026-05-22 13:51:28
  x         : [257.55, 64.37, 64.40, 64.40, 64.40, 64.29, 2.74, 2.74, 2.74, 2.74, 2.74, 23.71, 23.71, 23.73, 23.71, 23.71, 1.00, 1.00, 1.00, 1.00, 1.00, 24.37, 24.37, 24.37, 24.37, 24.37, 1.00, 1.00, 1.00, 1.00, 1.00]
  Objective : 71.091

[EVALUATION 304]
  Date/time : 2026-05-22 13:51:33
  x         : [257.55, 64.37, 64.40, 64.40, 64.40, 64.29, 2.74, 2.74, 2.74, 2.74, 2.74, 23.71, 23.71, 23.71, 23.73, 23.71, 1.00, 1.00, 1.00, 1.00, 1.00, 24.37, 24.37, 24.37, 24.37, 24.37, 1.00, 1.00, 1.00, 1.00, 1.00]
  Objective : 71.091

[EVALUATION 305]
  Date/time : 2026-05-22 13:51:38
  x         : [257.55, 64.37, 64.40, 64.40, 64.40, 64.29, 2.74, 2.74, 2.74, 2.74, 2.74, 23.71, 23.71, 23.71, 23.71, 23.73, 1.00, 1.00, 1.00, 1.00, 1.00, 24.37, 24.37, 24.37, 24.37, 24.37, 1.00, 1.00, 1.00, 1.00, 1.00]
  Objective : 71.091

[EVALUATION 306]
  Date/time : 2026-05-22 13:51:44
  x         : [257.55, 64.37, 64.40, 64.40, 64.40, 64.29, 2.74, 2.74, 2.74, 2.74, 2.74, 23.71, 23.71, 23.71, 23.71, 23.71, 1.00, 1.00, 1.00, 1.00, 1.00, 24.37, 24.37, 24.37, 24.37, 24.37, 1.00, 1.00, 1.00, 1.00, 1.00]
  Objective : 71.091

[EVALUATION 307]
  Date/time : 2026-05-22 13:51:49
  x         : [257.55, 64.37, 64.40, 64.40, 64.40, 64.29, 2.74, 2.74, 2.74, 2.74, 2.74, 23.71, 23.71, 23.71, 23.71, 23.71, 1.00, 1.00, 1.00, 1.00, 1.00, 24.37, 24.37, 24.37, 24.37, 24.37, 1.00, 1.00, 1.00, 1.00, 1.00]
  Objective : 71.091

[EVALUATION 308]
  Date/time : 2026-05-22 13:51:54
  x         : [257.55, 64.37, 64.40, 64.40, 64.40, 64.29, 2.74, 2.74, 2.74, 2.74, 2.74, 23.71, 23.71, 23.71, 23.71, 23.71, 1.00, 1.00, 1.00, 1.00, 1.00, 24.37, 24.37, 24.37, 24.37, 24.37, 1.00, 1.00, 1.00, 1.00, 1.00]
  Objective : 71.091

[EVALUATION 309]
  Date/time : 2026-05-22 13:51:59
  x         : [257.55, 64.37, 64.40, 64.40, 64.40, 64.29, 2.74, 2.74, 2.74, 2.74, 2.74, 23.71, 23.71, 23.71, 23.71, 23.71, 1.00, 1.00, 1.00, 1.00, 1.00, 24.37, 24.37, 24.37, 24.37, 24.37, 1.00, 1.00, 1.00, 1.00, 1.00]
  Objective : 71.091

[EVALUATION 310]
  Date/time : 2026-05-22 13:52:04
  x         : [257.55, 64.37, 64.40, 64.40, 64.40, 64.29, 2.74, 2.74, 2.74, 2.74, 2.74, 23.71, 23.71, 23.71, 23.71, 23.71, 1.00, 1.00, 1.00, 1.00, 1.00, 24.37, 24.37, 24.37, 24.37, 24.37, 1.00, 1.00, 1.00, 1.00, 1.00]
  Objective : 71.091

[EVALUATION 311]
  Date/time : 2026-05-22 13:52:08
  x         : [257.55, 64.37, 64.40, 64.40, 64.40, 64.29, 2.74, 2.74, 2.74, 2.74, 2.74, 23.71, 23.71, 23.71, 23.71, 23.71, 1.00, 1.00, 1.00, 1.00, 1.00, 24.39, 24.37, 24.37, 24.37, 24.37, 1.00, 1.00, 1.00, 1.00, 1.00]
  Objective : 71.091

[EVALUATION 312]
  Date/time : 2026-05-22 13:52:12
  x         : [257.55, 64.37, 64.40, 64.40, 64.40, 64.29, 2.74, 2.74, 2.74, 2.74, 2.74, 23.71, 23.71, 23.71, 23.71, 23.71, 1.00, 1.00, 1.00, 1.00, 1.00, 24.37, 24.39, 24.37, 24.37, 24.37, 1.00, 1.00, 1.00, 1.00, 1.00]
  Objective : 71.091

[EVALUATION 313]
  Date/time : 2026-05-22 13:52:17
  x         : [257.55, 64.37, 64.40, 64.40, 64.40, 64.29, 2.74, 2.74, 2.74, 2.74, 2.74, 23.71, 23.71, 23.71, 23.71, 23.71, 1.00, 1.00, 1.00, 1.00, 1.00, 24.37, 24.37, 24.39, 24.37, 24.37, 1.00, 1.00, 1.00, 1.00, 1.00]
  Objective : 71.091

[EVALUATION 314]
  Date/time : 2026-05-22 13:52:21
  x         : [257.55, 64.37, 64.40, 64.40, 64.40, 64.29, 2.74, 2.74, 2.74, 2.74, 2.74, 23.71, 23.71, 23.71, 23.71, 23.71, 1.00, 1.00, 1.00, 1.00, 1.00, 24.37, 24.37, 24.37, 24.39, 24.37, 1.00, 1.00, 1.00, 1.00, 1.00]
  Objective : 71.091

[EVALUATION 315]
  Date/time : 2026-05-22 13:52:26
  x         : [257.55, 64.37, 64.40, 64.40, 64.40, 64.29, 2.74, 2.74, 2.74, 2.74, 2.74, 23.71, 23.71, 23.71, 23.71, 23.71, 1.00, 1.00, 1.00, 1.00, 1.00, 24.37, 24.37, 24.37, 24.37, 24.39, 1.00, 1.00, 1.00, 1.00, 1.00]
  Objective : 71.091

[EVALUATION 316]
  Date/time : 2026-05-22 13:52:30
  x         : [257.55, 64.37, 64.40, 64.40, 64.40, 64.29, 2.74, 2.74, 2.74, 2.74, 2.74, 23.71, 23.71, 23.71, 23.71, 23.71, 1.00, 1.00, 1.00, 1.00, 1.00, 24.37, 24.37, 24.37, 24.37, 24.37, 1.00, 1.00, 1.00, 1.00, 1.00]
  Objective : 71.091

[EVALUATION 317]
  Date/time : 2026-05-22 13:52:34
  x         : [257.55, 64.37, 64.40, 64.40, 64.40, 64.29, 2.74, 2.74, 2.74, 2.74, 2.74, 23.71, 23.71, 23.71, 23.71, 23.71, 1.00, 1.00, 1.00, 1.00, 1.00, 24.37, 24.37, 24.37, 24.37, 24.37, 1.00, 1.00, 1.00, 1.00, 1.00]
  Objective : 71.091

[EVALUATION 318]
  Date/time : 2026-05-22 13:52:39
  x         : [257.55, 64.37, 64.40, 64.40, 64.40, 64.29, 2.74, 2.74, 2.74, 2.74, 2.74, 23.71, 23.71, 23.71, 23.71, 23.71, 1.00, 1.00, 1.00, 1.00, 1.00, 24.37, 24.37, 24.37, 24.37, 24.37, 1.00, 1.00, 1.00, 1.00, 1.00]
  Objective : 71.091

[EVALUATION 319]
  Date/time : 2026-05-22 13:52:43
  x         : [257.55, 64.37, 64.40, 64.40, 64.40, 64.29, 2.74, 2.74, 2.74, 2.74, 2.74, 23.71, 23.71, 23.71, 23.71, 23.71, 1.00, 1.00, 1.00, 1.00, 1.00, 24.37, 24.37, 24.37, 24.37, 24.37, 1.00, 1.00, 1.00, 1.00, 1.00]
  Objective : 71.091

[EVALUATION 320]
  Date/time : 2026-05-22 13:52:48
  x         : [257.55, 64.37, 64.40, 64.40, 64.40, 64.29, 2.74, 2.74, 2.74, 2.74, 2.74, 23.71, 23.71, 23.71, 23.71, 23.71, 1.00, 1.00, 1.00, 1.00, 1.00, 24.37, 24.37, 24.37, 24.37, 24.37, 1.00, 1.00, 1.00, 1.00, 1.00]
  Objective : 71.091

[EVALUATION 321]
  Date/time : 2026-05-22 13:52:53
  x         : [254.30, 48.30, 48.30, 48.30, 48.30, 48.30, 2.50, 2.50, 2.50, 2.50, 2.50, 19.46, 19.46, 19.46, 19.46, 19.46, 1.00, 1.00, 1.00, 1.00, 1.00, 21.00, 21.00, 21.00, 21.00, 21.00, 1.00, 1.00, 1.00, 1.00, 1.00]
  Objective : 51.177

[ITERATION 5]
  Date/time : 2026-05-22 13:52:53
  x         : [254.297193,  48.3     ,  48.3     ,  48.3     ,  48.3     ,  48.3     ,
   2.5     ,   2.5     ,   2.5     ,   2.5     ,   2.5     ,  19.461694,
  19.461694,  19.461694,  19.461694,  19.461694,   1.      ,   1.      ,
   1.      ,   1.      ,   1.      ,  20.996458,  20.996458,  20.996458,
  20.996458,  20.996458,   1.      ,   1.      ,   1.      ,   1.      ,
   1.      ]

Util_LB     Column:    0.042  Brace:    0.009
Util_NF     Column:    0.798  Brace:    0.471
Util_S      Column:    0.051  Brace:    0.014
Util_T      Column:    0.042  Brace:    0.064
Util_BR     Column:    0.941  Brace:    0.618
Util_IN     Column:    1.051  Brace:    0.791
Util_BS_sig  Column:    N/A    Brace:    1.368
Util_BS_defl  Column:    N/A    Brace:    0.601
[EVALUATION 322]
  Date/time : 2026-05-22 13:52:58
  x         : [254.55, 48.30, 48.30, 48.30, 48.30, 48.30, 2.50, 2.50, 2.50, 2.50, 2.50, 19.46, 19.46, 19.46, 19.46, 19.46, 1.00, 1.00, 1.00, 1.00, 1.00, 21.00, 21.00, 21.00, 21.00, 21.00, 1.00, 1.00, 1.00, 1.00, 1.00]
  Objective : 51.191

[EVALUATION 323]
  Date/time : 2026-05-22 13:53:03
  x         : [254.30, 48.35, 48.30, 48.30, 48.30, 48.30, 2.50, 2.50, 2.50, 2.50, 2.50, 19.46, 19.46, 19.46, 19.46, 19.46, 1.00, 1.00, 1.00, 1.00, 1.00, 21.00, 21.00, 21.00, 21.00, 21.00, 1.00, 1.00, 1.00, 1.00, 1.00]
  Objective : 51.184

[EVALUATION 324]
  Date/time : 2026-05-22 13:53:09
  x         : [254.30, 48.30, 48.35, 48.30, 48.30, 48.30, 2.50, 2.50, 2.50, 2.50, 2.50, 19.46, 19.46, 19.46, 19.46, 19.46, 1.00, 1.00, 1.00, 1.00, 1.00, 21.00, 21.00, 21.00, 21.00, 21.00, 1.00, 1.00, 1.00, 1.00, 1.00]
  Objective : 51.184

[EVALUATION 325]
  Date/time : 2026-05-22 13:53:15
  x         : [254.30, 48.30, 48.30, 48.35, 48.30, 48.30, 2.50, 2.50, 2.50, 2.50, 2.50, 19.46, 19.46, 19.46, 19.46, 19.46, 1.00, 1.00, 1.00, 1.00, 1.00, 21.00, 21.00, 21.00, 21.00, 21.00, 1.00, 1.00, 1.00, 1.00, 1.00]
  Objective : 51.184

[EVALUATION 326]
  Date/time : 2026-05-22 13:53:21
  x         : [254.30, 48.30, 48.30, 48.30, 48.35, 48.30, 2.50, 2.50, 2.50, 2.50, 2.50, 19.46, 19.46, 19.46, 19.46, 19.46, 1.00, 1.00, 1.00, 1.00, 1.00, 21.00, 21.00, 21.00, 21.00, 21.00, 1.00, 1.00, 1.00, 1.00, 1.00]
  Objective : 51.184

[EVALUATION 327]
  Date/time : 2026-05-22 13:53:27
  x         : [254.30, 48.30, 48.30, 48.30, 48.30, 48.35, 2.50, 2.50, 2.50, 2.50, 2.50, 19.46, 19.46, 19.46, 19.46, 19.46, 1.00, 1.00, 1.00, 1.00, 1.00, 21.00, 21.00, 21.00, 21.00, 21.00, 1.00, 1.00, 1.00, 1.00, 1.00]
  Objective : 51.184

[EVALUATION 328]
  Date/time : 2026-05-22 13:53:32
  x         : [254.30, 48.30, 48.30, 48.30, 48.30, 48.30, 2.50, 2.50, 2.50, 2.50, 2.50, 19.46, 19.46, 19.46, 19.46, 19.46, 1.00, 1.00, 1.00, 1.00, 1.00, 21.00, 21.00, 21.00, 21.00, 21.00, 1.00, 1.00, 1.00, 1.00, 1.00]
  Objective : 51.183

[EVALUATION 329]
  Date/time : 2026-05-22 13:53:37
  x         : [254.30, 48.30, 48.30, 48.30, 48.30, 48.30, 2.50, 2.50, 2.50, 2.50, 2.50, 19.46, 19.46, 19.46, 19.46, 19.46, 1.00, 1.00, 1.00, 1.00, 1.00, 21.00, 21.00, 21.00, 21.00, 21.00, 1.00, 1.00, 1.00, 1.00, 1.00]
  Objective : 51.183

[EVALUATION 330]
  Date/time : 2026-05-22 13:53:43
  x         : [254.30, 48.30, 48.30, 48.30, 48.30, 48.30, 2.50, 2.50, 2.50, 2.50, 2.50, 19.46, 19.46, 19.46, 19.46, 19.46, 1.00, 1.00, 1.00, 1.00, 1.00, 21.00, 21.00, 21.00, 21.00, 21.00, 1.00, 1.00, 1.00, 1.00, 1.00]
  Objective : 51.183

[EVALUATION 331]
  Date/time : 2026-05-22 13:53:48
  x         : [254.30, 48.30, 48.30, 48.30, 48.30, 48.30, 2.50, 2.50, 2.50, 2.50, 2.50, 19.46, 19.46, 19.46, 19.46, 19.46, 1.00, 1.00, 1.00, 1.00, 1.00, 21.00, 21.00, 21.00, 21.00, 21.00, 1.00, 1.00, 1.00, 1.00, 1.00]
  Objective : 51.183

[EVALUATION 332]
  Date/time : 2026-05-22 13:53:54
  x         : [254.30, 48.30, 48.30, 48.30, 48.30, 48.30, 2.50, 2.50, 2.50, 2.50, 2.50, 19.46, 19.46, 19.46, 19.46, 19.46, 1.00, 1.00, 1.00, 1.00, 1.00, 21.00, 21.00, 21.00, 21.00, 21.00, 1.00, 1.00, 1.00, 1.00, 1.00]
  Objective : 51.183

[EVALUATION 333]
  Date/time : 2026-05-22 13:53:59
  x         : [254.30, 48.30, 48.30, 48.30, 48.30, 48.30, 2.50, 2.50, 2.50, 2.50, 2.50, 19.48, 19.46, 19.46, 19.46, 19.46, 1.00, 1.00, 1.00, 1.00, 1.00, 21.00, 21.00, 21.00, 21.00, 21.00, 1.00, 1.00, 1.00, 1.00, 1.00]
  Objective : 51.178

[EVALUATION 334]
  Date/time : 2026-05-22 13:54:04
  x         : [254.30, 48.30, 48.30, 48.30, 48.30, 48.30, 2.50, 2.50, 2.50, 2.50, 2.50, 19.46, 19.48, 19.46, 19.46, 19.46, 1.00, 1.00, 1.00, 1.00, 1.00, 21.00, 21.00, 21.00, 21.00, 21.00, 1.00, 1.00, 1.00, 1.00, 1.00]
  Objective : 51.178

[EVALUATION 335]
  Date/time : 2026-05-22 13:54:09
  x         : [254.30, 48.30, 48.30, 48.30, 48.30, 48.30, 2.50, 2.50, 2.50, 2.50, 2.50, 19.46, 19.46, 19.48, 19.46, 19.46, 1.00, 1.00, 1.00, 1.00, 1.00, 21.00, 21.00, 21.00, 21.00, 21.00, 1.00, 1.00, 1.00, 1.00, 1.00]
  Objective : 51.178

[EVALUATION 336]
  Date/time : 2026-05-22 13:54:15
  x         : [254.30, 48.30, 48.30, 48.30, 48.30, 48.30, 2.50, 2.50, 2.50, 2.50, 2.50, 19.46, 19.46, 19.46, 19.48, 19.46, 1.00, 1.00, 1.00, 1.00, 1.00, 21.00, 21.00, 21.00, 21.00, 21.00, 1.00, 1.00, 1.00, 1.00, 1.00]
  Objective : 51.178

[EVALUATION 337]
  Date/time : 2026-05-22 13:54:20
  x         : [254.30, 48.30, 48.30, 48.30, 48.30, 48.30, 2.50, 2.50, 2.50, 2.50, 2.50, 19.46, 19.46, 19.46, 19.46, 19.48, 1.00, 1.00, 1.00, 1.00, 1.00, 21.00, 21.00, 21.00, 21.00, 21.00, 1.00, 1.00, 1.00, 1.00, 1.00]
  Objective : 51.178

[EVALUATION 338]
  Date/time : 2026-05-22 13:54:25
  x         : [254.30, 48.30, 48.30, 48.30, 48.30, 48.30, 2.50, 2.50, 2.50, 2.50, 2.50, 19.46, 19.46, 19.46, 19.46, 19.46, 1.00, 1.00, 1.00, 1.00, 1.00, 21.00, 21.00, 21.00, 21.00, 21.00, 1.00, 1.00, 1.00, 1.00, 1.00]
  Objective : 51.178

[EVALUATION 339]
  Date/time : 2026-05-22 13:54:30
  x         : [254.30, 48.30, 48.30, 48.30, 48.30, 48.30, 2.50, 2.50, 2.50, 2.50, 2.50, 19.46, 19.46, 19.46, 19.46, 19.46, 1.00, 1.00, 1.00, 1.00, 1.00, 21.00, 21.00, 21.00, 21.00, 21.00, 1.00, 1.00, 1.00, 1.00, 1.00]
  Objective : 51.178

[EVALUATION 340]
  Date/time : 2026-05-22 13:54:36
  x         : [254.30, 48.30, 48.30, 48.30, 48.30, 48.30, 2.50, 2.50, 2.50, 2.50, 2.50, 19.46, 19.46, 19.46, 19.46, 19.46, 1.00, 1.00, 1.00, 1.00, 1.00, 21.00, 21.00, 21.00, 21.00, 21.00, 1.00, 1.00, 1.00, 1.00, 1.00]
  Objective : 51.178

[EVALUATION 341]
  Date/time : 2026-05-22 13:54:41
  x         : [254.30, 48.30, 48.30, 48.30, 48.30, 48.30, 2.50, 2.50, 2.50, 2.50, 2.50, 19.46, 19.46, 19.46, 19.46, 19.46, 1.00, 1.00, 1.00, 1.00, 1.00, 21.00, 21.00, 21.00, 21.00, 21.00, 1.00, 1.00, 1.00, 1.00, 1.00]
  Objective : 51.178

[EVALUATION 342]
  Date/time : 2026-05-22 13:54:47
  x         : [254.30, 48.30, 48.30, 48.30, 48.30, 48.30, 2.50, 2.50, 2.50, 2.50, 2.50, 19.46, 19.46, 19.46, 19.46, 19.46, 1.00, 1.00, 1.00, 1.00, 1.00, 21.00, 21.00, 21.00, 21.00, 21.00, 1.00, 1.00, 1.00, 1.00, 1.00]
  Objective : 51.178

[EVALUATION 343]
  Date/time : 2026-05-22 13:54:53
  x         : [254.30, 48.30, 48.30, 48.30, 48.30, 48.30, 2.50, 2.50, 2.50, 2.50, 2.50, 19.46, 19.46, 19.46, 19.46, 19.46, 1.00, 1.00, 1.00, 1.00, 1.00, 21.02, 21.00, 21.00, 21.00, 21.00, 1.00, 1.00, 1.00, 1.00, 1.00]
  Objective : 51.178

[EVALUATION 344]
  Date/time : 2026-05-22 13:54:58
  x         : [254.30, 48.30, 48.30, 48.30, 48.30, 48.30, 2.50, 2.50, 2.50, 2.50, 2.50, 19.46, 19.46, 19.46, 19.46, 19.46, 1.00, 1.00, 1.00, 1.00, 1.00, 21.00, 21.02, 21.00, 21.00, 21.00, 1.00, 1.00, 1.00, 1.00, 1.00]
  Objective : 51.178

[EVALUATION 345]
  Date/time : 2026-05-22 13:55:04
  x         : [254.30, 48.30, 48.30, 48.30, 48.30, 48.30, 2.50, 2.50, 2.50, 2.50, 2.50, 19.46, 19.46, 19.46, 19.46, 19.46, 1.00, 1.00, 1.00, 1.00, 1.00, 21.00, 21.00, 21.02, 21.00, 21.00, 1.00, 1.00, 1.00, 1.00, 1.00]
  Objective : 51.178

[EVALUATION 346]
  Date/time : 2026-05-22 13:55:10
  x         : [254.30, 48.30, 48.30, 48.30, 48.30, 48.30, 2.50, 2.50, 2.50, 2.50, 2.50, 19.46, 19.46, 19.46, 19.46, 19.46, 1.00, 1.00, 1.00, 1.00, 1.00, 21.00, 21.00, 21.00, 21.02, 21.00, 1.00, 1.00, 1.00, 1.00, 1.00]
  Objective : 51.178

[EVALUATION 347]
  Date/time : 2026-05-22 13:55:15
  x         : [254.30, 48.30, 48.30, 48.30, 48.30, 48.30, 2.50, 2.50, 2.50, 2.50, 2.50, 19.46, 19.46, 19.46, 19.46, 19.46, 1.00, 1.00, 1.00, 1.00, 1.00, 21.00, 21.00, 21.00, 21.00, 21.02, 1.00, 1.00, 1.00, 1.00, 1.00]
  Objective : 51.178

[EVALUATION 348]
  Date/time : 2026-05-22 13:55:21
  x         : [254.30, 48.30, 48.30, 48.30, 48.30, 48.30, 2.50, 2.50, 2.50, 2.50, 2.50, 19.46, 19.46, 19.46, 19.46, 19.46, 1.00, 1.00, 1.00, 1.00, 1.00, 21.00, 21.00, 21.00, 21.00, 21.00, 1.00, 1.00, 1.00, 1.00, 1.00]
  Objective : 51.178

[EVALUATION 349]
  Date/time : 2026-05-22 13:55:26
  x         : [254.30, 48.30, 48.30, 48.30, 48.30, 48.30, 2.50, 2.50, 2.50, 2.50, 2.50, 19.46, 19.46, 19.46, 19.46, 19.46, 1.00, 1.00, 1.00, 1.00, 1.00, 21.00, 21.00, 21.00, 21.00, 21.00, 1.00, 1.00, 1.00, 1.00, 1.00]
  Objective : 51.178

[EVALUATION 350]
  Date/time : 2026-05-22 13:55:31
  x         : [254.30, 48.30, 48.30, 48.30, 48.30, 48.30, 2.50, 2.50, 2.50, 2.50, 2.50, 19.46, 19.46, 19.46, 19.46, 19.46, 1.00, 1.00, 1.00, 1.00, 1.00, 21.00, 21.00, 21.00, 21.00, 21.00, 1.00, 1.00, 1.00, 1.00, 1.00]
  Objective : 51.178

[EVALUATION 351]
  Date/time : 2026-05-22 13:55:37
  x         : [254.30, 48.30, 48.30, 48.30, 48.30, 48.30, 2.50, 2.50, 2.50, 2.50, 2.50, 19.46, 19.46, 19.46, 19.46, 19.46, 1.00, 1.00, 1.00, 1.00, 1.00, 21.00, 21.00, 21.00, 21.00, 21.00, 1.00, 1.00, 1.00, 1.00, 1.00]
  Objective : 51.178

[EVALUATION 352]
  Date/time : 2026-05-22 13:55:42
  x         : [254.30, 48.30, 48.30, 48.30, 48.30, 48.30, 2.50, 2.50, 2.50, 2.50, 2.50, 19.46, 19.46, 19.46, 19.46, 19.46, 1.00, 1.00, 1.00, 1.00, 1.00, 21.00, 21.00, 21.00, 21.00, 21.00, 1.00, 1.00, 1.00, 1.00, 1.00]
  Objective : 51.178

[EVALUATION 353]
  Date/time : 2026-05-22 13:55:48
  x         : [254.30, 48.30, 48.30, 48.30, 48.30, 48.30, 2.50, 2.50, 2.50, 2.50, 2.50, 19.46, 19.46, 19.46, 19.46, 19.46, 1.00, 1.00, 1.00, 1.00, 1.00, 21.00, 21.00, 21.00, 21.00, 21.00, 1.00, 1.00, 1.00, 1.00, 1.00]
  Objective : 51.177

[EVALUATION 354]
  Date/time : 2026-05-22 13:55:53
  x         : [254.55, 48.30, 48.30, 48.30, 48.30, 48.30, 2.50, 2.50, 2.50, 2.50, 2.50, 19.46, 19.46, 19.46, 19.46, 19.46, 1.00, 1.00, 1.00, 1.00, 1.00, 21.00, 21.00, 21.00, 21.00, 21.00, 1.00, 1.00, 1.00, 1.00, 1.00]
  Objective : 51.191

[EVALUATION 355]
  Date/time : 2026-05-22 13:55:59
  x         : [254.30, 48.35, 48.30, 48.30, 48.30, 48.30, 2.50, 2.50, 2.50, 2.50, 2.50, 19.46, 19.46, 19.46, 19.46, 19.46, 1.00, 1.00, 1.00, 1.00, 1.00, 21.00, 21.00, 21.00, 21.00, 21.00, 1.00, 1.00, 1.00, 1.00, 1.00]
  Objective : 51.184

[EVALUATION 356]
  Date/time : 2026-05-22 13:56:04
  x         : [254.30, 48.30, 48.35, 48.30, 48.30, 48.30, 2.50, 2.50, 2.50, 2.50, 2.50, 19.46, 19.46, 19.46, 19.46, 19.46, 1.00, 1.00, 1.00, 1.00, 1.00, 21.00, 21.00, 21.00, 21.00, 21.00, 1.00, 1.00, 1.00, 1.00, 1.00]
  Objective : 51.184

[EVALUATION 357]
  Date/time : 2026-05-22 13:56:10
  x         : [254.30, 48.30, 48.30, 48.35, 48.30, 48.30, 2.50, 2.50, 2.50, 2.50, 2.50, 19.46, 19.46, 19.46, 19.46, 19.46, 1.00, 1.00, 1.00, 1.00, 1.00, 21.00, 21.00, 21.00, 21.00, 21.00, 1.00, 1.00, 1.00, 1.00, 1.00]
  Objective : 51.184

[EVALUATION 358]
  Date/time : 2026-05-22 13:56:15
  x         : [254.30, 48.30, 48.30, 48.30, 48.35, 48.30, 2.50, 2.50, 2.50, 2.50, 2.50, 19.46, 19.46, 19.46, 19.46, 19.46, 1.00, 1.00, 1.00, 1.00, 1.00, 21.00, 21.00, 21.00, 21.00, 21.00, 1.00, 1.00, 1.00, 1.00, 1.00]
  Objective : 51.184

[EVALUATION 359]
  Date/time : 2026-05-22 13:56:21
  x         : [254.30, 48.30, 48.30, 48.30, 48.30, 48.35, 2.50, 2.50, 2.50, 2.50, 2.50, 19.46, 19.46, 19.46, 19.46, 19.46, 1.00, 1.00, 1.00, 1.00, 1.00, 21.00, 21.00, 21.00, 21.00, 21.00, 1.00, 1.00, 1.00, 1.00, 1.00]
  Objective : 51.184

[EVALUATION 360]
  Date/time : 2026-05-22 13:56:26
  x         : [254.30, 48.30, 48.30, 48.30, 48.30, 48.30, 2.50, 2.50, 2.50, 2.50, 2.50, 19.46, 19.46, 19.46, 19.46, 19.46, 1.00, 1.00, 1.00, 1.00, 1.00, 21.00, 21.00, 21.00, 21.00, 21.00, 1.00, 1.00, 1.00, 1.00, 1.00]
  Objective : 51.183

[EVALUATION 361]
  Date/time : 2026-05-22 13:56:32
  x         : [254.30, 48.30, 48.30, 48.30, 48.30, 48.30, 2.50, 2.50, 2.50, 2.50, 2.50, 19.46, 19.46, 19.46, 19.46, 19.46, 1.00, 1.00, 1.00, 1.00, 1.00, 21.00, 21.00, 21.00, 21.00, 21.00, 1.00, 1.00, 1.00, 1.00, 1.00]
  Objective : 51.183

[EVALUATION 362]
  Date/time : 2026-05-22 13:56:37
  x         : [254.30, 48.30, 48.30, 48.30, 48.30, 48.30, 2.50, 2.50, 2.50, 2.50, 2.50, 19.46, 19.46, 19.46, 19.46, 19.46, 1.00, 1.00, 1.00, 1.00, 1.00, 21.00, 21.00, 21.00, 21.00, 21.00, 1.00, 1.00, 1.00, 1.00, 1.00]
  Objective : 51.183

[EVALUATION 363]
  Date/time : 2026-05-22 13:56:42
  x         : [254.30, 48.30, 48.30, 48.30, 48.30, 48.30, 2.50, 2.50, 2.50, 2.50, 2.50, 19.46, 19.46, 19.46, 19.46, 19.46, 1.00, 1.00, 1.00, 1.00, 1.00, 21.00, 21.00, 21.00, 21.00, 21.00, 1.00, 1.00, 1.00, 1.00, 1.00]
  Objective : 51.183

[EVALUATION 364]
  Date/time : 2026-05-22 13:56:48
  x         : [254.30, 48.30, 48.30, 48.30, 48.30, 48.30, 2.50, 2.50, 2.50, 2.50, 2.50, 19.46, 19.46, 19.46, 19.46, 19.46, 1.00, 1.00, 1.00, 1.00, 1.00, 21.00, 21.00, 21.00, 21.00, 21.00, 1.00, 1.00, 1.00, 1.00, 1.00]
  Objective : 51.183

[EVALUATION 365]
  Date/time : 2026-05-22 13:56:53
  x         : [254.30, 48.30, 48.30, 48.30, 48.30, 48.30, 2.50, 2.50, 2.50, 2.50, 2.50, 19.48, 19.46, 19.46, 19.46, 19.46, 1.00, 1.00, 1.00, 1.00, 1.00, 21.00, 21.00, 21.00, 21.00, 21.00, 1.00, 1.00, 1.00, 1.00, 1.00]
  Objective : 51.178

[EVALUATION 366]
  Date/time : 2026-05-22 13:56:59
  x         : [254.30, 48.30, 48.30, 48.30, 48.30, 48.30, 2.50, 2.50, 2.50, 2.50, 2.50, 19.46, 19.48, 19.46, 19.46, 19.46, 1.00, 1.00, 1.00, 1.00, 1.00, 21.00, 21.00, 21.00, 21.00, 21.00, 1.00, 1.00, 1.00, 1.00, 1.00]
  Objective : 51.178

[EVALUATION 367]
  Date/time : 2026-05-22 13:57:04
  x         : [254.30, 48.30, 48.30, 48.30, 48.30, 48.30, 2.50, 2.50, 2.50, 2.50, 2.50, 19.46, 19.46, 19.48, 19.46, 19.46, 1.00, 1.00, 1.00, 1.00, 1.00, 21.00, 21.00, 21.00, 21.00, 21.00, 1.00, 1.00, 1.00, 1.00, 1.00]
  Objective : 51.178

[EVALUATION 368]
  Date/time : 2026-05-22 13:57:10
  x         : [254.30, 48.30, 48.30, 48.30, 48.30, 48.30, 2.50, 2.50, 2.50, 2.50, 2.50, 19.46, 19.46, 19.46, 19.48, 19.46, 1.00, 1.00, 1.00, 1.00, 1.00, 21.00, 21.00, 21.00, 21.00, 21.00, 1.00, 1.00, 1.00, 1.00, 1.00]
  Objective : 51.178

[EVALUATION 369]
  Date/time : 2026-05-22 13:57:15
  x         : [254.30, 48.30, 48.30, 48.30, 48.30, 48.30, 2.50, 2.50, 2.50, 2.50, 2.50, 19.46, 19.46, 19.46, 19.46, 19.48, 1.00, 1.00, 1.00, 1.00, 1.00, 21.00, 21.00, 21.00, 21.00, 21.00, 1.00, 1.00, 1.00, 1.00, 1.00]
  Objective : 51.178

[EVALUATION 370]
  Date/time : 2026-05-22 13:57:21
  x         : [254.30, 48.30, 48.30, 48.30, 48.30, 48.30, 2.50, 2.50, 2.50, 2.50, 2.50, 19.46, 19.46, 19.46, 19.46, 19.46, 1.00, 1.00, 1.00, 1.00, 1.00, 21.00, 21.00, 21.00, 21.00, 21.00, 1.00, 1.00, 1.00, 1.00, 1.00]
  Objective : 51.178

[EVALUATION 371]
  Date/time : 2026-05-22 13:57:26
  x         : [254.30, 48.30, 48.30, 48.30, 48.30, 48.30, 2.50, 2.50, 2.50, 2.50, 2.50, 19.46, 19.46, 19.46, 19.46, 19.46, 1.00, 1.00, 1.00, 1.00, 1.00, 21.00, 21.00, 21.00, 21.00, 21.00, 1.00, 1.00, 1.00, 1.00, 1.00]
  Objective : 51.178

[EVALUATION 372]
  Date/time : 2026-05-22 13:57:32
  x         : [254.30, 48.30, 48.30, 48.30, 48.30, 48.30, 2.50, 2.50, 2.50, 2.50, 2.50, 19.46, 19.46, 19.46, 19.46, 19.46, 1.00, 1.00, 1.00, 1.00, 1.00, 21.00, 21.00, 21.00, 21.00, 21.00, 1.00, 1.00, 1.00, 1.00, 1.00]
  Objective : 51.178

[EVALUATION 373]
  Date/time : 2026-05-22 13:57:37
  x         : [254.30, 48.30, 48.30, 48.30, 48.30, 48.30, 2.50, 2.50, 2.50, 2.50, 2.50, 19.46, 19.46, 19.46, 19.46, 19.46, 1.00, 1.00, 1.00, 1.00, 1.00, 21.00, 21.00, 21.00, 21.00, 21.00, 1.00, 1.00, 1.00, 1.00, 1.00]
  Objective : 51.178

[EVALUATION 374]
  Date/time : 2026-05-22 13:57:43
  x         : [254.30, 48.30, 48.30, 48.30, 48.30, 48.30, 2.50, 2.50, 2.50, 2.50, 2.50, 19.46, 19.46, 19.46, 19.46, 19.46, 1.00, 1.00, 1.00, 1.00, 1.00, 21.00, 21.00, 21.00, 21.00, 21.00, 1.00, 1.00, 1.00, 1.00, 1.00]
  Objective : 51.178

[EVALUATION 375]
  Date/time : 2026-05-22 13:57:48
  x         : [254.30, 48.30, 48.30, 48.30, 48.30, 48.30, 2.50, 2.50, 2.50, 2.50, 2.50, 19.46, 19.46, 19.46, 19.46, 19.46, 1.00, 1.00, 1.00, 1.00, 1.00, 21.02, 21.00, 21.00, 21.00, 21.00, 1.00, 1.00, 1.00, 1.00, 1.00]
  Objective : 51.178

[EVALUATION 376]
  Date/time : 2026-05-22 13:57:54
  x         : [254.30, 48.30, 48.30, 48.30, 48.30, 48.30, 2.50, 2.50, 2.50, 2.50, 2.50, 19.46, 19.46, 19.46, 19.46, 19.46, 1.00, 1.00, 1.00, 1.00, 1.00, 21.00, 21.02, 21.00, 21.00, 21.00, 1.00, 1.00, 1.00, 1.00, 1.00]
  Objective : 51.178

[EVALUATION 377]
  Date/time : 2026-05-22 13:57:59
  x         : [254.30, 48.30, 48.30, 48.30, 48.30, 48.30, 2.50, 2.50, 2.50, 2.50, 2.50, 19.46, 19.46, 19.46, 19.46, 19.46, 1.00, 1.00, 1.00, 1.00, 1.00, 21.00, 21.00, 21.02, 21.00, 21.00, 1.00, 1.00, 1.00, 1.00, 1.00]
  Objective : 51.178

[EVALUATION 378]
  Date/time : 2026-05-22 13:58:04
  x         : [254.30, 48.30, 48.30, 48.30, 48.30, 48.30, 2.50, 2.50, 2.50, 2.50, 2.50, 19.46, 19.46, 19.46, 19.46, 19.46, 1.00, 1.00, 1.00, 1.00, 1.00, 21.00, 21.00, 21.00, 21.02, 21.00, 1.00, 1.00, 1.00, 1.00, 1.00]
  Objective : 51.178

[EVALUATION 379]
  Date/time : 2026-05-22 13:58:10
  x         : [254.30, 48.30, 48.30, 48.30, 48.30, 48.30, 2.50, 2.50, 2.50, 2.50, 2.50, 19.46, 19.46, 19.46, 19.46, 19.46, 1.00, 1.00, 1.00, 1.00, 1.00, 21.00, 21.00, 21.00, 21.00, 21.02, 1.00, 1.00, 1.00, 1.00, 1.00]
  Objective : 51.178

[EVALUATION 380]
  Date/time : 2026-05-22 13:58:15
  x         : [254.30, 48.30, 48.30, 48.30, 48.30, 48.30, 2.50, 2.50, 2.50, 2.50, 2.50, 19.46, 19.46, 19.46, 19.46, 19.46, 1.00, 1.00, 1.00, 1.00, 1.00, 21.00, 21.00, 21.00, 21.00, 21.00, 1.00, 1.00, 1.00, 1.00, 1.00]
  Objective : 51.178

[EVALUATION 381]
  Date/time : 2026-05-22 13:58:20
  x         : [254.30, 48.30, 48.30, 48.30, 48.30, 48.30, 2.50, 2.50, 2.50, 2.50, 2.50, 19.46, 19.46, 19.46, 19.46, 19.46, 1.00, 1.00, 1.00, 1.00, 1.00, 21.00, 21.00, 21.00, 21.00, 21.00, 1.00, 1.00, 1.00, 1.00, 1.00]
  Objective : 51.178

[EVALUATION 382]
  Date/time : 2026-05-22 13:58:26
  x         : [254.30, 48.30, 48.30, 48.30, 48.30, 48.30, 2.50, 2.50, 2.50, 2.50, 2.50, 19.46, 19.46, 19.46, 19.46, 19.46, 1.00, 1.00, 1.00, 1.00, 1.00, 21.00, 21.00, 21.00, 21.00, 21.00, 1.00, 1.00, 1.00, 1.00, 1.00]
  Objective : 51.178

[EVALUATION 383]
  Date/time : 2026-05-22 13:58:31
  x         : [254.30, 48.30, 48.30, 48.30, 48.30, 48.30, 2.50, 2.50, 2.50, 2.50, 2.50, 19.46, 19.46, 19.46, 19.46, 19.46, 1.00, 1.00, 1.00, 1.00, 1.00, 21.00, 21.00, 21.00, 21.00, 21.00, 1.00, 1.00, 1.00, 1.00, 1.00]
  Objective : 51.178

[EVALUATION 384]
  Date/time : 2026-05-22 13:58:36
  x         : [254.30, 48.30, 48.30, 48.30, 48.30, 48.30, 2.50, 2.50, 2.50, 2.50, 2.50, 19.46, 19.46, 19.46, 19.46, 19.46, 1.00, 1.00, 1.00, 1.00, 1.00, 21.00, 21.00, 21.00, 21.00, 21.00, 1.00, 1.00, 1.00, 1.00, 1.00]
  Objective : 51.178

[EVALUATION 385]
  Date/time : 2026-05-22 13:58:42
  x         : [254.22, 48.30, 48.30, 48.30, 48.30, 48.30, 2.50, 2.50, 2.50, 2.50, 2.50, 19.46, 19.46, 19.46, 19.46, 19.46, 1.00, 1.00, 1.00, 1.00, 1.00, 20.92, 20.92, 20.92, 20.92, 20.92, 1.00, 1.00, 1.00, 1.00, 1.00]
  Objective : 51.139

[ITERATION 6]
  Date/time : 2026-05-22 13:58:42
  x         : [254.219337,  48.3     ,  48.3     ,  48.3     ,  48.3     ,  48.3     ,
   2.5     ,   2.5     ,   2.5     ,   2.5     ,   2.5     ,  19.45889 ,
  19.45889 ,  19.45889 ,  19.45889 ,  19.45889 ,   1.      ,   1.      ,
   1.      ,   1.      ,   1.      ,  20.915086,  20.915086,  20.915086,
  20.915086,  20.915086,   1.      ,   1.      ,   1.      ,   1.      ,
   1.      ]

Util_LB     Column:    0.042  Brace:    0.009
Util_NF     Column:    0.798  Brace:    0.473
Util_S      Column:    0.051  Brace:    0.014
Util_T      Column:    0.042  Brace:    0.064
Util_BR     Column:    0.942  Brace:    0.620
Util_IN     Column:    1.052  Brace:    0.793
Util_BS_sig  Column:    N/A    Brace:    1.368
Util_BS_defl  Column:    N/A    Brace:    0.600
[EVALUATION 386]
  Date/time : 2026-05-22 13:58:47
  x         : [254.29, 48.30, 48.30, 48.30, 48.30, 48.30, 2.50, 2.50, 2.50, 2.50, 2.50, 19.46, 19.46, 19.46, 19.46, 19.46, 1.00, 1.00, 1.00, 1.00, 1.00, 20.99, 20.99, 20.99, 20.99, 20.99, 1.00, 1.00, 1.00, 1.00, 1.00]
  Objective : 51.173

[EVALUATION 387]
  Date/time : 2026-05-22 13:58:53
  x         : [254.30, 48.30, 48.30, 48.30, 48.30, 48.30, 2.50, 2.50, 2.50, 2.50, 2.50, 19.46, 19.46, 19.46, 19.46, 19.46, 1.00, 1.00, 1.00, 1.00, 1.00, 21.00, 21.00, 21.00, 21.00, 21.00, 1.00, 1.00, 1.00, 1.00, 1.00]
  Objective : 51.176

[EVALUATION 388]
  Date/time : 2026-05-22 13:58:58
  x         : [254.30, 48.30, 48.30, 48.30, 48.30, 48.30, 2.50, 2.50, 2.50, 2.50, 2.50, 19.46, 19.46, 19.46, 19.46, 19.46, 1.00, 1.00, 1.00, 1.00, 1.00, 21.00, 21.00, 21.00, 21.00, 21.00, 1.00, 1.00, 1.00, 1.00, 1.00]
  Objective : 51.177

[EVALUATION 389]
  Date/time : 2026-05-22 13:59:03
  x         : [254.30, 48.30, 48.30, 48.30, 48.30, 48.30, 2.50, 2.50, 2.50, 2.50, 2.50, 19.46, 19.46, 19.46, 19.46, 19.46, 1.00, 1.00, 1.00, 1.00, 1.00, 21.00, 21.00, 21.00, 21.00, 21.00, 1.00, 1.00, 1.00, 1.00, 1.00]
  Objective : 51.177

[EVALUATION 390]
  Date/time : 2026-05-22 13:59:09
  x         : [254.30, 48.30, 48.30, 48.30, 48.30, 48.30, 2.50, 2.50, 2.50, 2.50, 2.50, 19.46, 19.46, 19.46, 19.46, 19.46, 1.00, 1.00, 1.00, 1.00, 1.00, 21.00, 21.00, 21.00, 21.00, 21.00, 1.00, 1.00, 1.00, 1.00, 1.00]
  Objective : 51.177

[EVALUATION 391]
  Date/time : 2026-05-22 13:59:14
  x         : [254.30, 48.30, 48.30, 48.30, 48.30, 48.30, 2.50, 2.50, 2.50, 2.50, 2.50, 19.46, 19.46, 19.46, 19.46, 19.46, 1.00, 1.00, 1.00, 1.00, 1.00, 21.00, 21.00, 21.00, 21.00, 21.00, 1.00, 1.00, 1.00, 1.00, 1.00]
  Objective : 51.177

[EVALUATION 392]
  Date/time : 2026-05-22 13:59:19
  x         : [254.30, 48.30, 48.30, 48.30, 48.30, 48.30, 2.50, 2.50, 2.50, 2.50, 2.50, 19.46, 19.46, 19.46, 19.46, 19.46, 1.00, 1.00, 1.00, 1.00, 1.00, 21.00, 21.00, 21.00, 21.00, 21.00, 1.00, 1.00, 1.00, 1.00, 1.00]
  Objective : 51.177

[EVALUATION 393]
  Date/time : 2026-05-22 13:59:25
  x         : [254.30, 48.30, 48.30, 48.30, 48.30, 48.30, 2.50, 2.50, 2.50, 2.50, 2.50, 19.46, 19.46, 19.46, 19.46, 19.46, 1.00, 1.00, 1.00, 1.00, 1.00, 21.00, 21.00, 21.00, 21.00, 21.00, 1.00, 1.00, 1.00, 1.00, 1.00]
  Objective : 51.177

[EVALUATION 394]
  Date/time : 2026-05-22 13:59:30
  x         : [254.30, 48.30, 48.30, 48.30, 48.30, 48.30, 2.50, 2.50, 2.50, 2.50, 2.50, 19.46, 19.46, 19.46, 19.46, 19.46, 1.00, 1.00, 1.00, 1.00, 1.00, 21.00, 21.00, 21.00, 21.00, 21.00, 1.00, 1.00, 1.00, 1.00, 1.00]
  Objective : 51.177

[EVALUATION 395]
  Date/time : 2026-05-22 13:59:35
  x         : [254.30, 48.30, 48.30, 48.30, 48.30, 48.30, 2.50, 2.50, 2.50, 2.50, 2.50, 19.46, 19.46, 19.46, 19.46, 19.46, 1.00, 1.00, 1.00, 1.00, 1.00, 21.00, 21.00, 21.00, 21.00, 21.00, 1.00, 1.00, 1.00, 1.00, 1.00]
  Objective : 51.177

[EVALUATION 396]
  Date/time : 2026-05-22 13:59:41
  x         : [254.55, 48.30, 48.30, 48.30, 48.30, 48.30, 2.50, 2.50, 2.50, 2.50, 2.50, 19.46, 19.46, 19.46, 19.46, 19.46, 1.00, 1.00, 1.00, 1.00, 1.00, 21.00, 21.00, 21.00, 21.00, 21.00, 1.00, 1.00, 1.00, 1.00, 1.00]
  Objective : 51.191

[EVALUATION 397]
  Date/time : 2026-05-22 13:59:46
  x         : [254.30, 48.35, 48.30, 48.30, 48.30, 48.30, 2.50, 2.50, 2.50, 2.50, 2.50, 19.46, 19.46, 19.46, 19.46, 19.46, 1.00, 1.00, 1.00, 1.00, 1.00, 21.00, 21.00, 21.00, 21.00, 21.00, 1.00, 1.00, 1.00, 1.00, 1.00]
  Objective : 51.184

[EVALUATION 398]
  Date/time : 2026-05-22 13:59:52
  x         : [254.30, 48.30, 48.35, 48.30, 48.30, 48.30, 2.50, 2.50, 2.50, 2.50, 2.50, 19.46, 19.46, 19.46, 19.46, 19.46, 1.00, 1.00, 1.00, 1.00, 1.00, 21.00, 21.00, 21.00, 21.00, 21.00, 1.00, 1.00, 1.00, 1.00, 1.00]
  Objective : 51.184

[EVALUATION 399]
  Date/time : 2026-05-22 13:59:57
  x         : [254.30, 48.30, 48.30, 48.35, 48.30, 48.30, 2.50, 2.50, 2.50, 2.50, 2.50, 19.46, 19.46, 19.46, 19.46, 19.46, 1.00, 1.00, 1.00, 1.00, 1.00, 21.00, 21.00, 21.00, 21.00, 21.00, 1.00, 1.00, 1.00, 1.00, 1.00]
  Objective : 51.184

[EVALUATION 400]
  Date/time : 2026-05-22 14:00:02
  x         : [254.30, 48.30, 48.30, 48.30, 48.35, 48.30, 2.50, 2.50, 2.50, 2.50, 2.50, 19.46, 19.46, 19.46, 19.46, 19.46, 1.00, 1.00, 1.00, 1.00, 1.00, 21.00, 21.00, 21.00, 21.00, 21.00, 1.00, 1.00, 1.00, 1.00, 1.00]
  Objective : 51.184

[EVALUATION 401]
  Date/time : 2026-05-22 14:00:08
  x         : [254.30, 48.30, 48.30, 48.30, 48.30, 48.35, 2.50, 2.50, 2.50, 2.50, 2.50, 19.46, 19.46, 19.46, 19.46, 19.46, 1.00, 1.00, 1.00, 1.00, 1.00, 21.00, 21.00, 21.00, 21.00, 21.00, 1.00, 1.00, 1.00, 1.00, 1.00]
  Objective : 51.184

[EVALUATION 402]
  Date/time : 2026-05-22 14:00:13
  x         : [254.30, 48.30, 48.30, 48.30, 48.30, 48.30, 2.50, 2.50, 2.50, 2.50, 2.50, 19.46, 19.46, 19.46, 19.46, 19.46, 1.00, 1.00, 1.00, 1.00, 1.00, 21.00, 21.00, 21.00, 21.00, 21.00, 1.00, 1.00, 1.00, 1.00, 1.00]
  Objective : 51.183

[EVALUATION 403]
  Date/time : 2026-05-22 14:00:18
  x         : [254.30, 48.30, 48.30, 48.30, 48.30, 48.30, 2.50, 2.50, 2.50, 2.50, 2.50, 19.46, 19.46, 19.46, 19.46, 19.46, 1.00, 1.00, 1.00, 1.00, 1.00, 21.00, 21.00, 21.00, 21.00, 21.00, 1.00, 1.00, 1.00, 1.00, 1.00]
  Objective : 51.183

[EVALUATION 404]
  Date/time : 2026-05-22 14:00:24
  x         : [254.30, 48.30, 48.30, 48.30, 48.30, 48.30, 2.50, 2.50, 2.50, 2.50, 2.50, 19.46, 19.46, 19.46, 19.46, 19.46, 1.00, 1.00, 1.00, 1.00, 1.00, 21.00, 21.00, 21.00, 21.00, 21.00, 1.00, 1.00, 1.00, 1.00, 1.00]
  Objective : 51.183

[EVALUATION 405]
  Date/time : 2026-05-22 14:00:29
  x         : [254.30, 48.30, 48.30, 48.30, 48.30, 48.30, 2.50, 2.50, 2.50, 2.50, 2.50, 19.46, 19.46, 19.46, 19.46, 19.46, 1.00, 1.00, 1.00, 1.00, 1.00, 21.00, 21.00, 21.00, 21.00, 21.00, 1.00, 1.00, 1.00, 1.00, 1.00]
  Objective : 51.183

[EVALUATION 406]
  Date/time : 2026-05-22 14:00:34
  x         : [254.30, 48.30, 48.30, 48.30, 48.30, 48.30, 2.50, 2.50, 2.50, 2.50, 2.50, 19.46, 19.46, 19.46, 19.46, 19.46, 1.00, 1.00, 1.00, 1.00, 1.00, 21.00, 21.00, 21.00, 21.00, 21.00, 1.00, 1.00, 1.00, 1.00, 1.00]
  Objective : 51.183

[EVALUATION 407]
  Date/time : 2026-05-22 14:00:40
  x         : [254.30, 48.30, 48.30, 48.30, 48.30, 48.30, 2.50, 2.50, 2.50, 2.50, 2.50, 19.48, 19.46, 19.46, 19.46, 19.46, 1.00, 1.00, 1.00, 1.00, 1.00, 21.00, 21.00, 21.00, 21.00, 21.00, 1.00, 1.00, 1.00, 1.00, 1.00]
  Objective : 51.178

[EVALUATION 408]
  Date/time : 2026-05-22 14:00:45
  x         : [254.30, 48.30, 48.30, 48.30, 48.30, 48.30, 2.50, 2.50, 2.50, 2.50, 2.50, 19.46, 19.48, 19.46, 19.46, 19.46, 1.00, 1.00, 1.00, 1.00, 1.00, 21.00, 21.00, 21.00, 21.00, 21.00, 1.00, 1.00, 1.00, 1.00, 1.00]
  Objective : 51.178

[EVALUATION 409]
  Date/time : 2026-05-22 14:00:51
  x         : [254.30, 48.30, 48.30, 48.30, 48.30, 48.30, 2.50, 2.50, 2.50, 2.50, 2.50, 19.46, 19.46, 19.48, 19.46, 19.46, 1.00, 1.00, 1.00, 1.00, 1.00, 21.00, 21.00, 21.00, 21.00, 21.00, 1.00, 1.00, 1.00, 1.00, 1.00]
  Objective : 51.178

[EVALUATION 410]
  Date/time : 2026-05-22 14:00:56
  x         : [254.30, 48.30, 48.30, 48.30, 48.30, 48.30, 2.50, 2.50, 2.50, 2.50, 2.50, 19.46, 19.46, 19.46, 19.48, 19.46, 1.00, 1.00, 1.00, 1.00, 1.00, 21.00, 21.00, 21.00, 21.00, 21.00, 1.00, 1.00, 1.00, 1.00, 1.00]
  Objective : 51.178

[EVALUATION 411]
  Date/time : 2026-05-22 14:01:01
  x         : [254.30, 48.30, 48.30, 48.30, 48.30, 48.30, 2.50, 2.50, 2.50, 2.50, 2.50, 19.46, 19.46, 19.46, 19.46, 19.48, 1.00, 1.00, 1.00, 1.00, 1.00, 21.00, 21.00, 21.00, 21.00, 21.00, 1.00, 1.00, 1.00, 1.00, 1.00]
  Objective : 51.178

[EVALUATION 412]
  Date/time : 2026-05-22 14:01:07
  x         : [254.30, 48.30, 48.30, 48.30, 48.30, 48.30, 2.50, 2.50, 2.50, 2.50, 2.50, 19.46, 19.46, 19.46, 19.46, 19.46, 1.00, 1.00, 1.00, 1.00, 1.00, 21.00, 21.00, 21.00, 21.00, 21.00, 1.00, 1.00, 1.00, 1.00, 1.00]
  Objective : 51.178

[EVALUATION 413]
  Date/time : 2026-05-22 14:01:12
  x         : [254.30, 48.30, 48.30, 48.30, 48.30, 48.30, 2.50, 2.50, 2.50, 2.50, 2.50, 19.46, 19.46, 19.46, 19.46, 19.46, 1.00, 1.00, 1.00, 1.00, 1.00, 21.00, 21.00, 21.00, 21.00, 21.00, 1.00, 1.00, 1.00, 1.00, 1.00]
  Objective : 51.178

[EVALUATION 414]
  Date/time : 2026-05-22 14:01:17
  x         : [254.30, 48.30, 48.30, 48.30, 48.30, 48.30, 2.50, 2.50, 2.50, 2.50, 2.50, 19.46, 19.46, 19.46, 19.46, 19.46, 1.00, 1.00, 1.00, 1.00, 1.00, 21.00, 21.00, 21.00, 21.00, 21.00, 1.00, 1.00, 1.00, 1.00, 1.00]
  Objective : 51.178

[EVALUATION 415]
  Date/time : 2026-05-22 14:01:23
  x         : [254.30, 48.30, 48.30, 48.30, 48.30, 48.30, 2.50, 2.50, 2.50, 2.50, 2.50, 19.46, 19.46, 19.46, 19.46, 19.46, 1.00, 1.00, 1.00, 1.00, 1.00, 21.00, 21.00, 21.00, 21.00, 21.00, 1.00, 1.00, 1.00, 1.00, 1.00]
  Objective : 51.178

[EVALUATION 416]
  Date/time : 2026-05-22 14:01:28
  x         : [254.30, 48.30, 48.30, 48.30, 48.30, 48.30, 2.50, 2.50, 2.50, 2.50, 2.50, 19.46, 19.46, 19.46, 19.46, 19.46, 1.00, 1.00, 1.00, 1.00, 1.00, 21.00, 21.00, 21.00, 21.00, 21.00, 1.00, 1.00, 1.00, 1.00, 1.00]
  Objective : 51.178

[EVALUATION 417]
  Date/time : 2026-05-22 14:01:33
  x         : [254.30, 48.30, 48.30, 48.30, 48.30, 48.30, 2.50, 2.50, 2.50, 2.50, 2.50, 19.46, 19.46, 19.46, 19.46, 19.46, 1.00, 1.00, 1.00, 1.00, 1.00, 21.02, 21.00, 21.00, 21.00, 21.00, 1.00, 1.00, 1.00, 1.00, 1.00]
  Objective : 51.178

[EVALUATION 418]
  Date/time : 2026-05-22 14:01:39
  x         : [254.30, 48.30, 48.30, 48.30, 48.30, 48.30, 2.50, 2.50, 2.50, 2.50, 2.50, 19.46, 19.46, 19.46, 19.46, 19.46, 1.00, 1.00, 1.00, 1.00, 1.00, 21.00, 21.02, 21.00, 21.00, 21.00, 1.00, 1.00, 1.00, 1.00, 1.00]
  Objective : 51.178

[EVALUATION 419]
  Date/time : 2026-05-22 14:01:44
  x         : [254.30, 48.30, 48.30, 48.30, 48.30, 48.30, 2.50, 2.50, 2.50, 2.50, 2.50, 19.46, 19.46, 19.46, 19.46, 19.46, 1.00, 1.00, 1.00, 1.00, 1.00, 21.00, 21.00, 21.02, 21.00, 21.00, 1.00, 1.00, 1.00, 1.00, 1.00]
  Objective : 51.178

[EVALUATION 420]
  Date/time : 2026-05-22 14:01:49
  x         : [254.30, 48.30, 48.30, 48.30, 48.30, 48.30, 2.50, 2.50, 2.50, 2.50, 2.50, 19.46, 19.46, 19.46, 19.46, 19.46, 1.00, 1.00, 1.00, 1.00, 1.00, 21.00, 21.00, 21.00, 21.02, 21.00, 1.00, 1.00, 1.00, 1.00, 1.00]
  Objective : 51.178

[EVALUATION 421]
  Date/time : 2026-05-22 14:01:55
  x         : [254.30, 48.30, 48.30, 48.30, 48.30, 48.30, 2.50, 2.50, 2.50, 2.50, 2.50, 19.46, 19.46, 19.46, 19.46, 19.46, 1.00, 1.00, 1.00, 1.00, 1.00, 21.00, 21.00, 21.00, 21.00, 21.02, 1.00, 1.00, 1.00, 1.00, 1.00]
  Objective : 51.178

[EVALUATION 422]
  Date/time : 2026-05-22 14:02:00
  x         : [254.30, 48.30, 48.30, 48.30, 48.30, 48.30, 2.50, 2.50, 2.50, 2.50, 2.50, 19.46, 19.46, 19.46, 19.46, 19.46, 1.00, 1.00, 1.00, 1.00, 1.00, 21.00, 21.00, 21.00, 21.00, 21.00, 1.00, 1.00, 1.00, 1.00, 1.00]
  Objective : 51.178

[EVALUATION 423]
  Date/time : 2026-05-22 14:02:06
  x         : [254.30, 48.30, 48.30, 48.30, 48.30, 48.30, 2.50, 2.50, 2.50, 2.50, 2.50, 19.46, 19.46, 19.46, 19.46, 19.46, 1.00, 1.00, 1.00, 1.00, 1.00, 21.00, 21.00, 21.00, 21.00, 21.00, 1.00, 1.00, 1.00, 1.00, 1.00]
  Objective : 51.178

[EVALUATION 424]
  Date/time : 2026-05-22 14:02:11
  x         : [254.30, 48.30, 48.30, 48.30, 48.30, 48.30, 2.50, 2.50, 2.50, 2.50, 2.50, 19.46, 19.46, 19.46, 19.46, 19.46, 1.00, 1.00, 1.00, 1.00, 1.00, 21.00, 21.00, 21.00, 21.00, 21.00, 1.00, 1.00, 1.00, 1.00, 1.00]
  Objective : 51.178

[EVALUATION 425]
  Date/time : 2026-05-22 14:02:17
  x         : [254.30, 48.30, 48.30, 48.30, 48.30, 48.30, 2.50, 2.50, 2.50, 2.50, 2.50, 19.46, 19.46, 19.46, 19.46, 19.46, 1.00, 1.00, 1.00, 1.00, 1.00, 21.00, 21.00, 21.00, 21.00, 21.00, 1.00, 1.00, 1.00, 1.00, 1.00]
  Objective : 51.178

[EVALUATION 426]
  Date/time : 2026-05-22 14:02:22
  x         : [254.30, 48.30, 48.30, 48.30, 48.30, 48.30, 2.50, 2.50, 2.50, 2.50, 2.50, 19.46, 19.46, 19.46, 19.46, 19.46, 1.00, 1.00, 1.00, 1.00, 1.00, 21.00, 21.00, 21.00, 21.00, 21.00, 1.00, 1.00, 1.00, 1.00, 1.00]
  Objective : 51.178

[EVALUATION 427]
  Date/time : 2026-05-22 14:02:27
  x         : [254.30, 48.30, 48.30, 48.30, 48.30, 48.30, 2.50, 2.50, 2.50, 2.50, 2.50, 19.46, 19.46, 19.46, 19.46, 19.46, 1.00, 1.00, 1.00, 1.00, 1.00, 21.00, 21.00, 21.00, 21.00, 21.00, 1.00, 1.00, 1.00, 1.00, 1.00]
  Objective : 51.177

[EVALUATION 428]
  Date/time : 2026-05-22 14:02:33
  x         : [254.55, 48.30, 48.30, 48.30, 48.30, 48.30, 2.50, 2.50, 2.50, 2.50, 2.50, 19.46, 19.46, 19.46, 19.46, 19.46, 1.00, 1.00, 1.00, 1.00, 1.00, 21.00, 21.00, 21.00, 21.00, 21.00, 1.00, 1.00, 1.00, 1.00, 1.00]
  Objective : 51.191

[EVALUATION 429]
  Date/time : 2026-05-22 14:02:38
  x         : [254.30, 48.35, 48.30, 48.30, 48.30, 48.30, 2.50, 2.50, 2.50, 2.50, 2.50, 19.46, 19.46, 19.46, 19.46, 19.46, 1.00, 1.00, 1.00, 1.00, 1.00, 21.00, 21.00, 21.00, 21.00, 21.00, 1.00, 1.00, 1.00, 1.00, 1.00]
  Objective : 51.184

[EVALUATION 430]
  Date/time : 2026-05-22 14:02:44
  x         : [254.30, 48.30, 48.35, 48.30, 48.30, 48.30, 2.50, 2.50, 2.50, 2.50, 2.50, 19.46, 19.46, 19.46, 19.46, 19.46, 1.00, 1.00, 1.00, 1.00, 1.00, 21.00, 21.00, 21.00, 21.00, 21.00, 1.00, 1.00, 1.00, 1.00, 1.00]
  Objective : 51.184

[EVALUATION 431]
  Date/time : 2026-05-22 14:02:50
  x         : [254.30, 48.30, 48.30, 48.35, 48.30, 48.30, 2.50, 2.50, 2.50, 2.50, 2.50, 19.46, 19.46, 19.46, 19.46, 19.46, 1.00, 1.00, 1.00, 1.00, 1.00, 21.00, 21.00, 21.00, 21.00, 21.00, 1.00, 1.00, 1.00, 1.00, 1.00]
  Objective : 51.184

[EVALUATION 432]
  Date/time : 2026-05-22 14:02:55
  x         : [254.30, 48.30, 48.30, 48.30, 48.35, 48.30, 2.50, 2.50, 2.50, 2.50, 2.50, 19.46, 19.46, 19.46, 19.46, 19.46, 1.00, 1.00, 1.00, 1.00, 1.00, 21.00, 21.00, 21.00, 21.00, 21.00, 1.00, 1.00, 1.00, 1.00, 1.00]
  Objective : 51.184

[EVALUATION 433]
  Date/time : 2026-05-22 14:03:00
  x         : [254.30, 48.30, 48.30, 48.30, 48.30, 48.35, 2.50, 2.50, 2.50, 2.50, 2.50, 19.46, 19.46, 19.46, 19.46, 19.46, 1.00, 1.00, 1.00, 1.00, 1.00, 21.00, 21.00, 21.00, 21.00, 21.00, 1.00, 1.00, 1.00, 1.00, 1.00]
  Objective : 51.184

[EVALUATION 434]
  Date/time : 2026-05-22 14:03:06
  x         : [254.30, 48.30, 48.30, 48.30, 48.30, 48.30, 2.50, 2.50, 2.50, 2.50, 2.50, 19.46, 19.46, 19.46, 19.46, 19.46, 1.00, 1.00, 1.00, 1.00, 1.00, 21.00, 21.00, 21.00, 21.00, 21.00, 1.00, 1.00, 1.00, 1.00, 1.00]
  Objective : 51.183

[EVALUATION 435]
  Date/time : 2026-05-22 14:03:11
  x         : [254.30, 48.30, 48.30, 48.30, 48.30, 48.30, 2.50, 2.50, 2.50, 2.50, 2.50, 19.46, 19.46, 19.46, 19.46, 19.46, 1.00, 1.00, 1.00, 1.00, 1.00, 21.00, 21.00, 21.00, 21.00, 21.00, 1.00, 1.00, 1.00, 1.00, 1.00]
  Objective : 51.183

[EVALUATION 436]
  Date/time : 2026-05-22 14:03:16
  x         : [254.30, 48.30, 48.30, 48.30, 48.30, 48.30, 2.50, 2.50, 2.50, 2.50, 2.50, 19.46, 19.46, 19.46, 19.46, 19.46, 1.00, 1.00, 1.00, 1.00, 1.00, 21.00, 21.00, 21.00, 21.00, 21.00, 1.00, 1.00, 1.00, 1.00, 1.00]
  Objective : 51.183

[EVALUATION 437]
  Date/time : 2026-05-22 14:03:22
  x         : [254.30, 48.30, 48.30, 48.30, 48.30, 48.30, 2.50, 2.50, 2.50, 2.50, 2.50, 19.46, 19.46, 19.46, 19.46, 19.46, 1.00, 1.00, 1.00, 1.00, 1.00, 21.00, 21.00, 21.00, 21.00, 21.00, 1.00, 1.00, 1.00, 1.00, 1.00]
  Objective : 51.183

[EVALUATION 438]
  Date/time : 2026-05-22 14:03:27
  x         : [254.30, 48.30, 48.30, 48.30, 48.30, 48.30, 2.50, 2.50, 2.50, 2.50, 2.50, 19.46, 19.46, 19.46, 19.46, 19.46, 1.00, 1.00, 1.00, 1.00, 1.00, 21.00, 21.00, 21.00, 21.00, 21.00, 1.00, 1.00, 1.00, 1.00, 1.00]
  Objective : 51.183

[EVALUATION 439]
  Date/time : 2026-05-22 14:03:32
  x         : [254.30, 48.30, 48.30, 48.30, 48.30, 48.30, 2.50, 2.50, 2.50, 2.50, 2.50, 19.48, 19.46, 19.46, 19.46, 19.46, 1.00, 1.00, 1.00, 1.00, 1.00, 21.00, 21.00, 21.00, 21.00, 21.00, 1.00, 1.00, 1.00, 1.00, 1.00]
  Objective : 51.178

[EVALUATION 440]
  Date/time : 2026-05-22 14:03:38
  x         : [254.30, 48.30, 48.30, 48.30, 48.30, 48.30, 2.50, 2.50, 2.50, 2.50, 2.50, 19.46, 19.48, 19.46, 19.46, 19.46, 1.00, 1.00, 1.00, 1.00, 1.00, 21.00, 21.00, 21.00, 21.00, 21.00, 1.00, 1.00, 1.00, 1.00, 1.00]
  Objective : 51.178

[EVALUATION 441]
  Date/time : 2026-05-22 14:03:43
  x         : [254.30, 48.30, 48.30, 48.30, 48.30, 48.30, 2.50, 2.50, 2.50, 2.50, 2.50, 19.46, 19.46, 19.48, 19.46, 19.46, 1.00, 1.00, 1.00, 1.00, 1.00, 21.00, 21.00, 21.00, 21.00, 21.00, 1.00, 1.00, 1.00, 1.00, 1.00]
  Objective : 51.178

[EVALUATION 442]
  Date/time : 2026-05-22 14:03:48
  x         : [254.30, 48.30, 48.30, 48.30, 48.30, 48.30, 2.50, 2.50, 2.50, 2.50, 2.50, 19.46, 19.46, 19.46, 19.48, 19.46, 1.00, 1.00, 1.00, 1.00, 1.00, 21.00, 21.00, 21.00, 21.00, 21.00, 1.00, 1.00, 1.00, 1.00, 1.00]
  Objective : 51.178

[EVALUATION 443]
  Date/time : 2026-05-22 14:03:54
  x         : [254.30, 48.30, 48.30, 48.30, 48.30, 48.30, 2.50, 2.50, 2.50, 2.50, 2.50, 19.46, 19.46, 19.46, 19.46, 19.48, 1.00, 1.00, 1.00, 1.00, 1.00, 21.00, 21.00, 21.00, 21.00, 21.00, 1.00, 1.00, 1.00, 1.00, 1.00]
  Objective : 51.178

[EVALUATION 444]
  Date/time : 2026-05-22 14:03:59
  x         : [254.30, 48.30, 48.30, 48.30, 48.30, 48.30, 2.50, 2.50, 2.50, 2.50, 2.50, 19.46, 19.46, 19.46, 19.46, 19.46, 1.00, 1.00, 1.00, 1.00, 1.00, 21.00, 21.00, 21.00, 21.00, 21.00, 1.00, 1.00, 1.00, 1.00, 1.00]
  Objective : 51.178

[EVALUATION 445]
  Date/time : 2026-05-22 14:04:04
  x         : [254.30, 48.30, 48.30, 48.30, 48.30, 48.30, 2.50, 2.50, 2.50, 2.50, 2.50, 19.46, 19.46, 19.46, 19.46, 19.46, 1.00, 1.00, 1.00, 1.00, 1.00, 21.00, 21.00, 21.00, 21.00, 21.00, 1.00, 1.00, 1.00, 1.00, 1.00]
  Objective : 51.178

[EVALUATION 446]
  Date/time : 2026-05-22 14:04:09
  x         : [254.30, 48.30, 48.30, 48.30, 48.30, 48.30, 2.50, 2.50, 2.50, 2.50, 2.50, 19.46, 19.46, 19.46, 19.46, 19.46, 1.00, 1.00, 1.00, 1.00, 1.00, 21.00, 21.00, 21.00, 21.00, 21.00, 1.00, 1.00, 1.00, 1.00, 1.00]
  Objective : 51.178

[EVALUATION 447]
  Date/time : 2026-05-22 14:04:15
  x         : [254.30, 48.30, 48.30, 48.30, 48.30, 48.30, 2.50, 2.50, 2.50, 2.50, 2.50, 19.46, 19.46, 19.46, 19.46, 19.46, 1.00, 1.00, 1.00, 1.00, 1.00, 21.00, 21.00, 21.00, 21.00, 21.00, 1.00, 1.00, 1.00, 1.00, 1.00]
  Objective : 51.178

[EVALUATION 448]
  Date/time : 2026-05-22 14:04:20
  x         : [254.30, 48.30, 48.30, 48.30, 48.30, 48.30, 2.50, 2.50, 2.50, 2.50, 2.50, 19.46, 19.46, 19.46, 19.46, 19.46, 1.00, 1.00, 1.00, 1.00, 1.00, 21.00, 21.00, 21.00, 21.00, 21.00, 1.00, 1.00, 1.00, 1.00, 1.00]
  Objective : 51.178

[EVALUATION 449]
  Date/time : 2026-05-22 14:04:26
  x         : [254.30, 48.30, 48.30, 48.30, 48.30, 48.30, 2.50, 2.50, 2.50, 2.50, 2.50, 19.46, 19.46, 19.46, 19.46, 19.46, 1.00, 1.00, 1.00, 1.00, 1.00, 21.02, 21.00, 21.00, 21.00, 21.00, 1.00, 1.00, 1.00, 1.00, 1.00]
  Objective : 51.178

[EVALUATION 450]
  Date/time : 2026-05-22 14:04:31
  x         : [254.30, 48.30, 48.30, 48.30, 48.30, 48.30, 2.50, 2.50, 2.50, 2.50, 2.50, 19.46, 19.46, 19.46, 19.46, 19.46, 1.00, 1.00, 1.00, 1.00, 1.00, 21.00, 21.02, 21.00, 21.00, 21.00, 1.00, 1.00, 1.00, 1.00, 1.00]
  Objective : 51.178

[EVALUATION 451]
  Date/time : 2026-05-22 14:04:37
  x         : [254.30, 48.30, 48.30, 48.30, 48.30, 48.30, 2.50, 2.50, 2.50, 2.50, 2.50, 19.46, 19.46, 19.46, 19.46, 19.46, 1.00, 1.00, 1.00, 1.00, 1.00, 21.00, 21.00, 21.02, 21.00, 21.00, 1.00, 1.00, 1.00, 1.00, 1.00]
  Objective : 51.178

[EVALUATION 452]
  Date/time : 2026-05-22 14:04:43
  x         : [254.30, 48.30, 48.30, 48.30, 48.30, 48.30, 2.50, 2.50, 2.50, 2.50, 2.50, 19.46, 19.46, 19.46, 19.46, 19.46, 1.00, 1.00, 1.00, 1.00, 1.00, 21.00, 21.00, 21.00, 21.02, 21.00, 1.00, 1.00, 1.00, 1.00, 1.00]
  Objective : 51.178

[EVALUATION 453]
  Date/time : 2026-05-22 14:04:48
  x         : [254.30, 48.30, 48.30, 48.30, 48.30, 48.30, 2.50, 2.50, 2.50, 2.50, 2.50, 19.46, 19.46, 19.46, 19.46, 19.46, 1.00, 1.00, 1.00, 1.00, 1.00, 21.00, 21.00, 21.00, 21.00, 21.02, 1.00, 1.00, 1.00, 1.00, 1.00]
  Objective : 51.178

[EVALUATION 454]
  Date/time : 2026-05-22 14:04:54
  x         : [254.30, 48.30, 48.30, 48.30, 48.30, 48.30, 2.50, 2.50, 2.50, 2.50, 2.50, 19.46, 19.46, 19.46, 19.46, 19.46, 1.00, 1.00, 1.00, 1.00, 1.00, 21.00, 21.00, 21.00, 21.00, 21.00, 1.00, 1.00, 1.00, 1.00, 1.00]
  Objective : 51.178

[EVALUATION 455]
  Date/time : 2026-05-22 14:04:59
  x         : [254.30, 48.30, 48.30, 48.30, 48.30, 48.30, 2.50, 2.50, 2.50, 2.50, 2.50, 19.46, 19.46, 19.46, 19.46, 19.46, 1.00, 1.00, 1.00, 1.00, 1.00, 21.00, 21.00, 21.00, 21.00, 21.00, 1.00, 1.00, 1.00, 1.00, 1.00]
  Objective : 51.178

[EVALUATION 456]
  Date/time : 2026-05-22 14:05:05
  x         : [254.30, 48.30, 48.30, 48.30, 48.30, 48.30, 2.50, 2.50, 2.50, 2.50, 2.50, 19.46, 19.46, 19.46, 19.46, 19.46, 1.00, 1.00, 1.00, 1.00, 1.00, 21.00, 21.00, 21.00, 21.00, 21.00, 1.00, 1.00, 1.00, 1.00, 1.00]
  Objective : 51.178

[EVALUATION 457]
  Date/time : 2026-05-22 14:05:11
  x         : [254.30, 48.30, 48.30, 48.30, 48.30, 48.30, 2.50, 2.50, 2.50, 2.50, 2.50, 19.46, 19.46, 19.46, 19.46, 19.46, 1.00, 1.00, 1.00, 1.00, 1.00, 21.00, 21.00, 21.00, 21.00, 21.00, 1.00, 1.00, 1.00, 1.00, 1.00]
  Objective : 51.178

[EVALUATION 458]
  Date/time : 2026-05-22 14:05:16
  x         : [254.30, 48.30, 48.30, 48.30, 48.30, 48.30, 2.50, 2.50, 2.50, 2.50, 2.50, 19.46, 19.46, 19.46, 19.46, 19.46, 1.00, 1.00, 1.00, 1.00, 1.00, 21.00, 21.00, 21.00, 21.00, 21.00, 1.00, 1.00, 1.00, 1.00, 1.00]
  Objective : 51.178

[EVALUATION 459]
  Date/time : 2026-05-22 14:05:22
  x         : [243.76, 48.30, 48.30, 48.30, 48.30, 48.30, 2.50, 2.50, 2.50, 2.50, 2.50, 19.20, 19.17, 19.24, 19.18, 19.20, 1.00, 1.00, 1.68, 1.86, 1.00, 10.00, 10.00, 10.00, 10.00, 10.00, 1.00, 1.00, 1.00, 1.00, 1.00]
  Objective : 48.649

[ITERATION 7]
  Date/time : 2026-05-22 14:05:23
  x         : [243.755935,  48.3     ,  48.3     ,  48.3     ,  48.3     ,  48.3     ,
   2.5     ,   2.5     ,   2.5     ,   2.5     ,   2.5     ,  19.19514 ,
  19.172193,  19.236331,  19.176769,  19.199712,   1.      ,   1.      ,
   1.677482,   1.855646,   1.      ,  10.      ,  10.      ,  10.      ,
  10.      ,  10.      ,   1.      ,   1.      ,   1.      ,   1.      ,
   1.      ]

Util_LB     Column:    0.044  Brace:    0.008
Util_NF     Column:    0.832  Brace:    0.946
Util_S      Column:    0.045  Brace:    0.021
Util_T      Column:    0.066  Brace:    0.096
Util_BR     Column:    1.250  Brace:    1.358
Util_IN     Column:    1.507  Brace:    1.556
Util_BS_sig  Column:    N/A    Brace:    1.355
Util_BS_defl  Column:    N/A    Brace:    0.579
[EVALUATION 460]
  Date/time : 2026-05-22 14:05:29
  x         : [244.00, 48.30, 48.30, 48.30, 48.30, 48.30, 2.50, 2.50, 2.50, 2.50, 2.50, 19.20, 19.17, 19.24, 19.18, 19.20, 1.00, 1.00, 1.68, 1.86, 1.00, 10.00, 10.00, 10.00, 10.00, 10.00, 1.00, 1.00, 1.00, 1.00, 1.00]
  Objective : 48.662

[EVALUATION 461]
  Date/time : 2026-05-22 14:05:35
  x         : [243.76, 48.35, 48.30, 48.30, 48.30, 48.30, 2.50, 2.50, 2.50, 2.50, 2.50, 19.20, 19.17, 19.24, 19.18, 19.20, 1.00, 1.00, 1.68, 1.86, 1.00, 10.00, 10.00, 10.00, 10.00, 10.00, 1.00, 1.00, 1.00, 1.00, 1.00]
  Objective : 48.656

[EVALUATION 462]
  Date/time : 2026-05-22 14:05:41
  x         : [243.76, 48.30, 48.35, 48.30, 48.30, 48.30, 2.50, 2.50, 2.50, 2.50, 2.50, 19.20, 19.17, 19.24, 19.18, 19.20, 1.00, 1.00, 1.68, 1.86, 1.00, 10.00, 10.00, 10.00, 10.00, 10.00, 1.00, 1.00, 1.00, 1.00, 1.00]
  Objective : 48.656

[EVALUATION 463]
  Date/time : 2026-05-22 14:05:48
  x         : [243.76, 48.30, 48.30, 48.35, 48.30, 48.30, 2.50, 2.50, 2.50, 2.50, 2.50, 19.20, 19.17, 19.24, 19.18, 19.20, 1.00, 1.00, 1.68, 1.86, 1.00, 10.00, 10.00, 10.00, 10.00, 10.00, 1.00, 1.00, 1.00, 1.00, 1.00]
  Objective : 48.656

[EVALUATION 464]
  Date/time : 2026-05-22 14:05:54
  x         : [243.76, 48.30, 48.30, 48.30, 48.35, 48.30, 2.50, 2.50, 2.50, 2.50, 2.50, 19.20, 19.17, 19.24, 19.18, 19.20, 1.00, 1.00, 1.68, 1.86, 1.00, 10.00, 10.00, 10.00, 10.00, 10.00, 1.00, 1.00, 1.00, 1.00, 1.00]
  Objective : 48.656

[EVALUATION 465]
  Date/time : 2026-05-22 14:06:01
  x         : [243.76, 48.30, 48.30, 48.30, 48.30, 48.35, 2.50, 2.50, 2.50, 2.50, 2.50, 19.20, 19.17, 19.24, 19.18, 19.20, 1.00, 1.00, 1.68, 1.86, 1.00, 10.00, 10.00, 10.00, 10.00, 10.00, 1.00, 1.00, 1.00, 1.00, 1.00]
  Objective : 48.656

[EVALUATION 466]
  Date/time : 2026-05-22 14:06:07
  x         : [243.76, 48.30, 48.30, 48.30, 48.30, 48.30, 2.50, 2.50, 2.50, 2.50, 2.50, 19.20, 19.17, 19.24, 19.18, 19.20, 1.00, 1.00, 1.68, 1.86, 1.00, 10.00, 10.00, 10.00, 10.00, 10.00, 1.00, 1.00, 1.00, 1.00, 1.00]
  Objective : 48.655

[EVALUATION 467]
  Date/time : 2026-05-22 14:06:14
  x         : [243.76, 48.30, 48.30, 48.30, 48.30, 48.30, 2.50, 2.50, 2.50, 2.50, 2.50, 19.20, 19.17, 19.24, 19.18, 19.20, 1.00, 1.00, 1.68, 1.86, 1.00, 10.00, 10.00, 10.00, 10.00, 10.00, 1.00, 1.00, 1.00, 1.00, 1.00]
  Objective : 48.655

[EVALUATION 468]
  Date/time : 2026-05-22 14:06:20
  x         : [243.76, 48.30, 48.30, 48.30, 48.30, 48.30, 2.50, 2.50, 2.50, 2.50, 2.50, 19.20, 19.17, 19.24, 19.18, 19.20, 1.00, 1.00, 1.68, 1.86, 1.00, 10.00, 10.00, 10.00, 10.00, 10.00, 1.00, 1.00, 1.00, 1.00, 1.00]
  Objective : 48.655

[EVALUATION 469]
  Date/time : 2026-05-22 14:06:27
  x         : [243.76, 48.30, 48.30, 48.30, 48.30, 48.30, 2.50, 2.50, 2.50, 2.50, 2.50, 19.20, 19.17, 19.24, 19.18, 19.20, 1.00, 1.00, 1.68, 1.86, 1.00, 10.00, 10.00, 10.00, 10.00, 10.00, 1.00, 1.00, 1.00, 1.00, 1.00]
  Objective : 48.655

[EVALUATION 470]
  Date/time : 2026-05-22 14:06:33
  x         : [243.76, 48.30, 48.30, 48.30, 48.30, 48.30, 2.50, 2.50, 2.50, 2.50, 2.50, 19.20, 19.17, 19.24, 19.18, 19.20, 1.00, 1.00, 1.68, 1.86, 1.00, 10.00, 10.00, 10.00, 10.00, 10.00, 1.00, 1.00, 1.00, 1.00, 1.00]
  Objective : 48.655

[EVALUATION 471]
  Date/time : 2026-05-22 14:06:39
  x         : [243.76, 48.30, 48.30, 48.30, 48.30, 48.30, 2.50, 2.50, 2.50, 2.50, 2.50, 19.21, 19.17, 19.24, 19.18, 19.20, 1.00, 1.00, 1.68, 1.86, 1.00, 10.00, 10.00, 10.00, 10.00, 10.00, 1.00, 1.00, 1.00, 1.00, 1.00]
  Objective : 48.650

[EVALUATION 472]
  Date/time : 2026-05-22 14:06:46
  x         : [243.76, 48.30, 48.30, 48.30, 48.30, 48.30, 2.50, 2.50, 2.50, 2.50, 2.50, 19.20, 19.19, 19.24, 19.18, 19.20, 1.00, 1.00, 1.68, 1.86, 1.00, 10.00, 10.00, 10.00, 10.00, 10.00, 1.00, 1.00, 1.00, 1.00, 1.00]
  Objective : 48.650

[EVALUATION 473]
  Date/time : 2026-05-22 14:06:52
  x         : [243.76, 48.30, 48.30, 48.30, 48.30, 48.30, 2.50, 2.50, 2.50, 2.50, 2.50, 19.20, 19.17, 19.26, 19.18, 19.20, 1.00, 1.00, 1.68, 1.86, 1.00, 10.00, 10.00, 10.00, 10.00, 10.00, 1.00, 1.00, 1.00, 1.00, 1.00]
  Objective : 48.652

[EVALUATION 474]
  Date/time : 2026-05-22 14:06:58
  x         : [243.76, 48.30, 48.30, 48.30, 48.30, 48.30, 2.50, 2.50, 2.50, 2.50, 2.50, 19.20, 19.17, 19.24, 19.20, 19.20, 1.00, 1.00, 1.68, 1.86, 1.00, 10.00, 10.00, 10.00, 10.00, 10.00, 1.00, 1.00, 1.00, 1.00, 1.00]
  Objective : 48.652

[EVALUATION 475]
  Date/time : 2026-05-22 14:07:05
  x         : [243.76, 48.30, 48.30, 48.30, 48.30, 48.30, 2.50, 2.50, 2.50, 2.50, 2.50, 19.20, 19.17, 19.24, 19.18, 19.22, 1.00, 1.00, 1.68, 1.86, 1.00, 10.00, 10.00, 10.00, 10.00, 10.00, 1.00, 1.00, 1.00, 1.00, 1.00]
  Objective : 48.650

[EVALUATION 476]
  Date/time : 2026-05-22 14:07:11
  x         : [243.76, 48.30, 48.30, 48.30, 48.30, 48.30, 2.50, 2.50, 2.50, 2.50, 2.50, 19.20, 19.17, 19.24, 19.18, 19.20, 1.00, 1.00, 1.68, 1.86, 1.00, 10.00, 10.00, 10.00, 10.00, 10.00, 1.00, 1.00, 1.00, 1.00, 1.00]
  Objective : 48.650

[EVALUATION 477]
  Date/time : 2026-05-22 14:07:18
  x         : [243.76, 48.30, 48.30, 48.30, 48.30, 48.30, 2.50, 2.50, 2.50, 2.50, 2.50, 19.20, 19.17, 19.24, 19.18, 19.20, 1.00, 1.00, 1.68, 1.86, 1.00, 10.00, 10.00, 10.00, 10.00, 10.00, 1.00, 1.00, 1.00, 1.00, 1.00]
  Objective : 48.650

[EVALUATION 478]
  Date/time : 2026-05-22 14:07:24
  x         : [243.76, 48.30, 48.30, 48.30, 48.30, 48.30, 2.50, 2.50, 2.50, 2.50, 2.50, 19.20, 19.17, 19.24, 19.18, 19.20, 1.00, 1.00, 1.68, 1.86, 1.00, 10.00, 10.00, 10.00, 10.00, 10.00, 1.00, 1.00, 1.00, 1.00, 1.00]
  Objective : 48.651

[EVALUATION 479]
  Date/time : 2026-05-22 14:07:31
  x         : [243.76, 48.30, 48.30, 48.30, 48.30, 48.30, 2.50, 2.50, 2.50, 2.50, 2.50, 19.20, 19.17, 19.24, 19.18, 19.20, 1.00, 1.00, 1.68, 1.86, 1.00, 10.00, 10.00, 10.00, 10.00, 10.00, 1.00, 1.00, 1.00, 1.00, 1.00]
  Objective : 48.651

[EVALUATION 480]
  Date/time : 2026-05-22 14:07:38
  x         : [243.76, 48.30, 48.30, 48.30, 48.30, 48.30, 2.50, 2.50, 2.50, 2.50, 2.50, 19.20, 19.17, 19.24, 19.18, 19.20, 1.00, 1.00, 1.68, 1.86, 1.00, 10.00, 10.00, 10.00, 10.00, 10.00, 1.00, 1.00, 1.00, 1.00, 1.00]
  Objective : 48.650

[EVALUATION 481]
  Date/time : 2026-05-22 14:07:44
  x         : [243.76, 48.30, 48.30, 48.30, 48.30, 48.30, 2.50, 2.50, 2.50, 2.50, 2.50, 19.20, 19.17, 19.24, 19.18, 19.20, 1.00, 1.00, 1.68, 1.86, 1.00, 10.01, 10.00, 10.00, 10.00, 10.00, 1.00, 1.00, 1.00, 1.00, 1.00]
  Objective : 48.649

[EVALUATION 482]
  Date/time : 2026-05-22 14:07:51
  x         : [243.76, 48.30, 48.30, 48.30, 48.30, 48.30, 2.50, 2.50, 2.50, 2.50, 2.50, 19.20, 19.17, 19.24, 19.18, 19.20, 1.00, 1.00, 1.68, 1.86, 1.00, 10.00, 10.01, 10.00, 10.00, 10.00, 1.00, 1.00, 1.00, 1.00, 1.00]
  Objective : 48.649

[EVALUATION 483]
  Date/time : 2026-05-22 14:07:57
  x         : [243.76, 48.30, 48.30, 48.30, 48.30, 48.30, 2.50, 2.50, 2.50, 2.50, 2.50, 19.20, 19.17, 19.24, 19.18, 19.20, 1.00, 1.00, 1.68, 1.86, 1.00, 10.00, 10.00, 10.01, 10.00, 10.00, 1.00, 1.00, 1.00, 1.00, 1.00]
  Objective : 48.649

[EVALUATION 484]
  Date/time : 2026-05-22 14:08:03
  x         : [243.76, 48.30, 48.30, 48.30, 48.30, 48.30, 2.50, 2.50, 2.50, 2.50, 2.50, 19.20, 19.17, 19.24, 19.18, 19.20, 1.00, 1.00, 1.68, 1.86, 1.00, 10.00, 10.00, 10.00, 10.01, 10.00, 1.00, 1.00, 1.00, 1.00, 1.00]
  Objective : 48.649

[EVALUATION 485]
  Date/time : 2026-05-22 14:08:10
  x         : [243.76, 48.30, 48.30, 48.30, 48.30, 48.30, 2.50, 2.50, 2.50, 2.50, 2.50, 19.20, 19.17, 19.24, 19.18, 19.20, 1.00, 1.00, 1.68, 1.86, 1.00, 10.00, 10.00, 10.00, 10.00, 10.01, 1.00, 1.00, 1.00, 1.00, 1.00]
  Objective : 48.649

[EVALUATION 486]
  Date/time : 2026-05-22 14:08:16
  x         : [243.76, 48.30, 48.30, 48.30, 48.30, 48.30, 2.50, 2.50, 2.50, 2.50, 2.50, 19.20, 19.17, 19.24, 19.18, 19.20, 1.00, 1.00, 1.68, 1.86, 1.00, 10.00, 10.00, 10.00, 10.00, 10.00, 1.00, 1.00, 1.00, 1.00, 1.00]
  Objective : 48.649

[EVALUATION 487]
  Date/time : 2026-05-22 14:08:23
  x         : [243.76, 48.30, 48.30, 48.30, 48.30, 48.30, 2.50, 2.50, 2.50, 2.50, 2.50, 19.20, 19.17, 19.24, 19.18, 19.20, 1.00, 1.00, 1.68, 1.86, 1.00, 10.00, 10.00, 10.00, 10.00, 10.00, 1.00, 1.00, 1.00, 1.00, 1.00]
  Objective : 48.649

[EVALUATION 488]
  Date/time : 2026-05-22 14:08:29
  x         : [243.76, 48.30, 48.30, 48.30, 48.30, 48.30, 2.50, 2.50, 2.50, 2.50, 2.50, 19.20, 19.17, 19.24, 19.18, 19.20, 1.00, 1.00, 1.68, 1.86, 1.00, 10.00, 10.00, 10.00, 10.00, 10.00, 1.00, 1.00, 1.00, 1.00, 1.00]
  Objective : 48.649

[EVALUATION 489]
  Date/time : 2026-05-22 14:08:35
  x         : [243.76, 48.30, 48.30, 48.30, 48.30, 48.30, 2.50, 2.50, 2.50, 2.50, 2.50, 19.20, 19.17, 19.24, 19.18, 19.20, 1.00, 1.00, 1.68, 1.86, 1.00, 10.00, 10.00, 10.00, 10.00, 10.00, 1.00, 1.00, 1.00, 1.00, 1.00]
  Objective : 48.649

[EVALUATION 490]
  Date/time : 2026-05-22 14:08:42
  x         : [243.76, 48.30, 48.30, 48.30, 48.30, 48.30, 2.50, 2.50, 2.50, 2.50, 2.50, 19.20, 19.17, 19.24, 19.18, 19.20, 1.00, 1.00, 1.68, 1.86, 1.00, 10.00, 10.00, 10.00, 10.00, 10.00, 1.00, 1.00, 1.00, 1.00, 1.00]
  Objective : 48.649

[EVALUATION 491]
  Date/time : 2026-05-22 14:08:48
  x         : [243.76, 48.30, 48.30, 48.30, 48.30, 48.30, 2.50, 2.50, 2.50, 2.50, 2.50, 19.20, 19.17, 19.24, 19.18, 19.20, 1.00, 1.00, 1.68, 1.86, 1.00, 10.00, 10.00, 10.00, 10.00, 10.00, 1.00, 1.00, 1.00, 1.00, 1.00]
  Objective : 48.649

[EVALUATION 492]
  Date/time : 2026-05-22 14:08:55
  x         : [244.00, 48.30, 48.30, 48.30, 48.30, 48.30, 2.50, 2.50, 2.50, 2.50, 2.50, 19.20, 19.17, 19.24, 19.18, 19.20, 1.00, 1.00, 1.68, 1.86, 1.00, 10.00, 10.00, 10.00, 10.00, 10.00, 1.00, 1.00, 1.00, 1.00, 1.00]
  Objective : 48.662

[EVALUATION 493]
  Date/time : 2026-05-22 14:09:01
  x         : [243.76, 48.35, 48.30, 48.30, 48.30, 48.30, 2.50, 2.50, 2.50, 2.50, 2.50, 19.20, 19.17, 19.24, 19.18, 19.20, 1.00, 1.00, 1.68, 1.86, 1.00, 10.00, 10.00, 10.00, 10.00, 10.00, 1.00, 1.00, 1.00, 1.00, 1.00]
  Objective : 48.656

[EVALUATION 494]
  Date/time : 2026-05-22 14:09:08
  x         : [243.76, 48.30, 48.35, 48.30, 48.30, 48.30, 2.50, 2.50, 2.50, 2.50, 2.50, 19.20, 19.17, 19.24, 19.18, 19.20, 1.00, 1.00, 1.68, 1.86, 1.00, 10.00, 10.00, 10.00, 10.00, 10.00, 1.00, 1.00, 1.00, 1.00, 1.00]
  Objective : 48.656

[EVALUATION 495]
  Date/time : 2026-05-22 14:09:14
  x         : [243.76, 48.30, 48.30, 48.35, 48.30, 48.30, 2.50, 2.50, 2.50, 2.50, 2.50, 19.20, 19.17, 19.24, 19.18, 19.20, 1.00, 1.00, 1.68, 1.86, 1.00, 10.00, 10.00, 10.00, 10.00, 10.00, 1.00, 1.00, 1.00, 1.00, 1.00]
  Objective : 48.656

[EVALUATION 496]
  Date/time : 2026-05-22 14:09:21
  x         : [243.76, 48.30, 48.30, 48.30, 48.35, 48.30, 2.50, 2.50, 2.50, 2.50, 2.50, 19.20, 19.17, 19.24, 19.18, 19.20, 1.00, 1.00, 1.68, 1.86, 1.00, 10.00, 10.00, 10.00, 10.00, 10.00, 1.00, 1.00, 1.00, 1.00, 1.00]
  Objective : 48.656

[EVALUATION 497]
  Date/time : 2026-05-22 14:09:27
  x         : [243.76, 48.30, 48.30, 48.30, 48.30, 48.35, 2.50, 2.50, 2.50, 2.50, 2.50, 19.20, 19.17, 19.24, 19.18, 19.20, 1.00, 1.00, 1.68, 1.86, 1.00, 10.00, 10.00, 10.00, 10.00, 10.00, 1.00, 1.00, 1.00, 1.00, 1.00]
  Objective : 48.656

[EVALUATION 498]
  Date/time : 2026-05-22 14:09:34
  x         : [243.76, 48.30, 48.30, 48.30, 48.30, 48.30, 2.50, 2.50, 2.50, 2.50, 2.50, 19.20, 19.17, 19.24, 19.18, 19.20, 1.00, 1.00, 1.68, 1.86, 1.00, 10.00, 10.00, 10.00, 10.00, 10.00, 1.00, 1.00, 1.00, 1.00, 1.00]
  Objective : 48.655

[EVALUATION 499]
  Date/time : 2026-05-22 14:09:40
  x         : [243.76, 48.30, 48.30, 48.30, 48.30, 48.30, 2.50, 2.50, 2.50, 2.50, 2.50, 19.20, 19.17, 19.24, 19.18, 19.20, 1.00, 1.00, 1.68, 1.86, 1.00, 10.00, 10.00, 10.00, 10.00, 10.00, 1.00, 1.00, 1.00, 1.00, 1.00]
  Objective : 48.655

[EVALUATION 500]
  Date/time : 2026-05-22 14:09:47
  x         : [243.76, 48.30, 48.30, 48.30, 48.30, 48.30, 2.50, 2.50, 2.50, 2.50, 2.50, 19.20, 19.17, 19.24, 19.18, 19.20, 1.00, 1.00, 1.68, 1.86, 1.00, 10.00, 10.00, 10.00, 10.00, 10.00, 1.00, 1.00, 1.00, 1.00, 1.00]
  Objective : 48.655

[EVALUATION 501]
  Date/time : 2026-05-22 14:09:53
  x         : [243.76, 48.30, 48.30, 48.30, 48.30, 48.30, 2.50, 2.50, 2.50, 2.50, 2.50, 19.20, 19.17, 19.24, 19.18, 19.20, 1.00, 1.00, 1.68, 1.86, 1.00, 10.00, 10.00, 10.00, 10.00, 10.00, 1.00, 1.00, 1.00, 1.00, 1.00]
  Objective : 48.655

[EVALUATION 502]
  Date/time : 2026-05-22 14:09:59
  x         : [243.76, 48.30, 48.30, 48.30, 48.30, 48.30, 2.50, 2.50, 2.50, 2.50, 2.50, 19.20, 19.17, 19.24, 19.18, 19.20, 1.00, 1.00, 1.68, 1.86, 1.00, 10.00, 10.00, 10.00, 10.00, 10.00, 1.00, 1.00, 1.00, 1.00, 1.00]
  Objective : 48.655

[EVALUATION 503]
  Date/time : 2026-05-22 14:10:06
  x         : [243.76, 48.30, 48.30, 48.30, 48.30, 48.30, 2.50, 2.50, 2.50, 2.50, 2.50, 19.21, 19.17, 19.24, 19.18, 19.20, 1.00, 1.00, 1.68, 1.86, 1.00, 10.00, 10.00, 10.00, 10.00, 10.00, 1.00, 1.00, 1.00, 1.00, 1.00]
  Objective : 48.650

[EVALUATION 504]
  Date/time : 2026-05-22 14:10:12
  x         : [243.76, 48.30, 48.30, 48.30, 48.30, 48.30, 2.50, 2.50, 2.50, 2.50, 2.50, 19.20, 19.19, 19.24, 19.18, 19.20, 1.00, 1.00, 1.68, 1.86, 1.00, 10.00, 10.00, 10.00, 10.00, 10.00, 1.00, 1.00, 1.00, 1.00, 1.00]
  Objective : 48.650

[EVALUATION 505]
  Date/time : 2026-05-22 14:10:19
  x         : [243.76, 48.30, 48.30, 48.30, 48.30, 48.30, 2.50, 2.50, 2.50, 2.50, 2.50, 19.20, 19.17, 19.26, 19.18, 19.20, 1.00, 1.00, 1.68, 1.86, 1.00, 10.00, 10.00, 10.00, 10.00, 10.00, 1.00, 1.00, 1.00, 1.00, 1.00]
  Objective : 48.652

[EVALUATION 506]
  Date/time : 2026-05-22 14:10:26
  x         : [243.76, 48.30, 48.30, 48.30, 48.30, 48.30, 2.50, 2.50, 2.50, 2.50, 2.50, 19.20, 19.17, 19.24, 19.20, 19.20, 1.00, 1.00, 1.68, 1.86, 1.00, 10.00, 10.00, 10.00, 10.00, 10.00, 1.00, 1.00, 1.00, 1.00, 1.00]
  Objective : 48.652

[EVALUATION 507]
  Date/time : 2026-05-22 14:10:32
  x         : [243.76, 48.30, 48.30, 48.30, 48.30, 48.30, 2.50, 2.50, 2.50, 2.50, 2.50, 19.20, 19.17, 19.24, 19.18, 19.22, 1.00, 1.00, 1.68, 1.86, 1.00, 10.00, 10.00, 10.00, 10.00, 10.00, 1.00, 1.00, 1.00, 1.00, 1.00]
  Objective : 48.650

[EVALUATION 508]
  Date/time : 2026-05-22 14:10:39
  x         : [243.76, 48.30, 48.30, 48.30, 48.30, 48.30, 2.50, 2.50, 2.50, 2.50, 2.50, 19.20, 19.17, 19.24, 19.18, 19.20, 1.00, 1.00, 1.68, 1.86, 1.00, 10.00, 10.00, 10.00, 10.00, 10.00, 1.00, 1.00, 1.00, 1.00, 1.00]
  Objective : 48.650

[EVALUATION 509]
  Date/time : 2026-05-22 14:10:46
  x         : [243.76, 48.30, 48.30, 48.30, 48.30, 48.30, 2.50, 2.50, 2.50, 2.50, 2.50, 19.20, 19.17, 19.24, 19.18, 19.20, 1.00, 1.00, 1.68, 1.86, 1.00, 10.00, 10.00, 10.00, 10.00, 10.00, 1.00, 1.00, 1.00, 1.00, 1.00]
  Objective : 48.650

[EVALUATION 510]
  Date/time : 2026-05-22 14:10:52
  x         : [243.76, 48.30, 48.30, 48.30, 48.30, 48.30, 2.50, 2.50, 2.50, 2.50, 2.50, 19.20, 19.17, 19.24, 19.18, 19.20, 1.00, 1.00, 1.68, 1.86, 1.00, 10.00, 10.00, 10.00, 10.00, 10.00, 1.00, 1.00, 1.00, 1.00, 1.00]
  Objective : 48.651

[EVALUATION 511]
  Date/time : 2026-05-22 14:10:58
  x         : [243.76, 48.30, 48.30, 48.30, 48.30, 48.30, 2.50, 2.50, 2.50, 2.50, 2.50, 19.20, 19.17, 19.24, 19.18, 19.20, 1.00, 1.00, 1.68, 1.86, 1.00, 10.00, 10.00, 10.00, 10.00, 10.00, 1.00, 1.00, 1.00, 1.00, 1.00]
  Objective : 48.651

[EVALUATION 512]
  Date/time : 2026-05-22 14:11:05
  x         : [243.76, 48.30, 48.30, 48.30, 48.30, 48.30, 2.50, 2.50, 2.50, 2.50, 2.50, 19.20, 19.17, 19.24, 19.18, 19.20, 1.00, 1.00, 1.68, 1.86, 1.00, 10.00, 10.00, 10.00, 10.00, 10.00, 1.00, 1.00, 1.00, 1.00, 1.00]
  Objective : 48.650

[EVALUATION 513]
  Date/time : 2026-05-22 14:11:12
  x         : [243.76, 48.30, 48.30, 48.30, 48.30, 48.30, 2.50, 2.50, 2.50, 2.50, 2.50, 19.20, 19.17, 19.24, 19.18, 19.20, 1.00, 1.00, 1.68, 1.86, 1.00, 10.01, 10.00, 10.00, 10.00, 10.00, 1.00, 1.00, 1.00, 1.00, 1.00]
  Objective : 48.649

[EVALUATION 514]
  Date/time : 2026-05-22 14:11:19
  x         : [243.76, 48.30, 48.30, 48.30, 48.30, 48.30, 2.50, 2.50, 2.50, 2.50, 2.50, 19.20, 19.17, 19.24, 19.18, 19.20, 1.00, 1.00, 1.68, 1.86, 1.00, 10.00, 10.01, 10.00, 10.00, 10.00, 1.00, 1.00, 1.00, 1.00, 1.00]
  Objective : 48.649

[EVALUATION 515]
  Date/time : 2026-05-22 14:11:25
  x         : [243.76, 48.30, 48.30, 48.30, 48.30, 48.30, 2.50, 2.50, 2.50, 2.50, 2.50, 19.20, 19.17, 19.24, 19.18, 19.20, 1.00, 1.00, 1.68, 1.86, 1.00, 10.00, 10.00, 10.01, 10.00, 10.00, 1.00, 1.00, 1.00, 1.00, 1.00]
  Objective : 48.649

[EVALUATION 516]
  Date/time : 2026-05-22 14:11:32
  x         : [243.76, 48.30, 48.30, 48.30, 48.30, 48.30, 2.50, 2.50, 2.50, 2.50, 2.50, 19.20, 19.17, 19.24, 19.18, 19.20, 1.00, 1.00, 1.68, 1.86, 1.00, 10.00, 10.00, 10.00, 10.01, 10.00, 1.00, 1.00, 1.00, 1.00, 1.00]
  Objective : 48.649

[EVALUATION 517]
  Date/time : 2026-05-22 14:11:38
  x         : [243.76, 48.30, 48.30, 48.30, 48.30, 48.30, 2.50, 2.50, 2.50, 2.50, 2.50, 19.20, 19.17, 19.24, 19.18, 19.20, 1.00, 1.00, 1.68, 1.86, 1.00, 10.00, 10.00, 10.00, 10.00, 10.01, 1.00, 1.00, 1.00, 1.00, 1.00]
  Objective : 48.649

[EVALUATION 518]
  Date/time : 2026-05-22 14:11:45
  x         : [243.76, 48.30, 48.30, 48.30, 48.30, 48.30, 2.50, 2.50, 2.50, 2.50, 2.50, 19.20, 19.17, 19.24, 19.18, 19.20, 1.00, 1.00, 1.68, 1.86, 1.00, 10.00, 10.00, 10.00, 10.00, 10.00, 1.00, 1.00, 1.00, 1.00, 1.00]
  Objective : 48.649

[EVALUATION 519]
  Date/time : 2026-05-22 14:11:52
  x         : [243.76, 48.30, 48.30, 48.30, 48.30, 48.30, 2.50, 2.50, 2.50, 2.50, 2.50, 19.20, 19.17, 19.24, 19.18, 19.20, 1.00, 1.00, 1.68, 1.86, 1.00, 10.00, 10.00, 10.00, 10.00, 10.00, 1.00, 1.00, 1.00, 1.00, 1.00]
  Objective : 48.649

[EVALUATION 520]
  Date/time : 2026-05-22 14:11:59
  x         : [243.76, 48.30, 48.30, 48.30, 48.30, 48.30, 2.50, 2.50, 2.50, 2.50, 2.50, 19.20, 19.17, 19.24, 19.18, 19.20, 1.00, 1.00, 1.68, 1.86, 1.00, 10.00, 10.00, 10.00, 10.00, 10.00, 1.00, 1.00, 1.00, 1.00, 1.00]
  Objective : 48.649

[EVALUATION 521]
  Date/time : 2026-05-22 14:12:06
  x         : [243.76, 48.30, 48.30, 48.30, 48.30, 48.30, 2.50, 2.50, 2.50, 2.50, 2.50, 19.20, 19.17, 19.24, 19.18, 19.20, 1.00, 1.00, 1.68, 1.86, 1.00, 10.00, 10.00, 10.00, 10.00, 10.00, 1.00, 1.00, 1.00, 1.00, 1.00]
  Objective : 48.649

[EVALUATION 522]
  Date/time : 2026-05-22 14:12:12
  x         : [243.76, 48.30, 48.30, 48.30, 48.30, 48.30, 2.50, 2.50, 2.50, 2.50, 2.50, 19.20, 19.17, 19.24, 19.18, 19.20, 1.00, 1.00, 1.68, 1.86, 1.00, 10.00, 10.00, 10.00, 10.00, 10.00, 1.00, 1.00, 1.00, 1.00, 1.00]
  Objective : 48.649

[EVALUATION 523]
  Date/time : 2026-05-22 14:12:18
  x         : [247.11, 48.30, 48.30, 48.30, 48.30, 48.30, 2.50, 2.50, 2.50, 2.50, 2.50, 19.22, 19.17, 19.25, 19.12, 19.22, 1.00, 1.00, 1.29, 1.65, 1.00, 13.44, 13.94, 13.42, 13.39, 13.22, 1.00, 1.01, 1.00, 1.00, 1.00]
  Objective : 49.267

[ITERATION 8]
  Date/time : 2026-05-22 14:12:18
  x         : [247.114509,  48.3     ,  48.3     ,  48.3     ,  48.3     ,  48.3     ,
   2.5     ,   2.5     ,   2.5     ,   2.5     ,   2.5     ,  19.216775,
  19.172183,  19.249712,  19.121632,  19.219062,   1.      ,   1.      ,
   1.292953,   1.651827,   1.      ,  13.443448,  13.939243,  13.416151,
  13.388105,  13.220278,   1.      ,   1.006178,   1.      ,   1.      ,
   1.      ]

Util_LB     Column:    0.043  Brace:    0.009
Util_NF     Column:    0.821  Brace:    0.736
Util_S      Column:    0.048  Brace:    0.017
Util_T      Column:    0.055  Brace:    0.081
Util_BR     Column:    0.997  Brace:    0.913
Util_IN     Column:    1.127  Brace:    1.034
Util_BS_sig  Column:    N/A    Brace:    1.373
Util_BS_defl  Column:    N/A    Brace:    0.595
[EVALUATION 524]
  Date/time : 2026-05-22 14:12:24
  x         : [247.36, 48.30, 48.30, 48.30, 48.30, 48.30, 2.50, 2.50, 2.50, 2.50, 2.50, 19.22, 19.17, 19.25, 19.12, 19.22, 1.00, 1.00, 1.29, 1.65, 1.00, 13.44, 13.94, 13.42, 13.39, 13.22, 1.00, 1.01, 1.00, 1.00, 1.00]
  Objective : 49.280

[EVALUATION 525]
  Date/time : 2026-05-22 14:12:30
  x         : [247.11, 48.35, 48.30, 48.30, 48.30, 48.30, 2.50, 2.50, 2.50, 2.50, 2.50, 19.22, 19.17, 19.25, 19.12, 19.22, 1.00, 1.00, 1.29, 1.65, 1.00, 13.44, 13.94, 13.42, 13.39, 13.22, 1.00, 1.01, 1.00, 1.00, 1.00]
  Objective : 49.274

[EVALUATION 526]
  Date/time : 2026-05-22 14:12:36
  x         : [247.11, 48.30, 48.35, 48.30, 48.30, 48.30, 2.50, 2.50, 2.50, 2.50, 2.50, 19.22, 19.17, 19.25, 19.12, 19.22, 1.00, 1.00, 1.29, 1.65, 1.00, 13.44, 13.94, 13.42, 13.39, 13.22, 1.00, 1.01, 1.00, 1.00, 1.00]
  Objective : 49.274

[EVALUATION 527]
  Date/time : 2026-05-22 14:12:42
  x         : [247.11, 48.30, 48.30, 48.35, 48.30, 48.30, 2.50, 2.50, 2.50, 2.50, 2.50, 19.22, 19.17, 19.25, 19.12, 19.22, 1.00, 1.00, 1.29, 1.65, 1.00, 13.44, 13.94, 13.42, 13.39, 13.22, 1.00, 1.01, 1.00, 1.00, 1.00]
  Objective : 49.274

[EVALUATION 528]
  Date/time : 2026-05-22 14:12:48
  x         : [247.11, 48.30, 48.30, 48.30, 48.35, 48.30, 2.50, 2.50, 2.50, 2.50, 2.50, 19.22, 19.17, 19.25, 19.12, 19.22, 1.00, 1.00, 1.29, 1.65, 1.00, 13.44, 13.94, 13.42, 13.39, 13.22, 1.00, 1.01, 1.00, 1.00, 1.00]
  Objective : 49.274

[EVALUATION 529]
  Date/time : 2026-05-22 14:12:54
  x         : [247.11, 48.30, 48.30, 48.30, 48.30, 48.35, 2.50, 2.50, 2.50, 2.50, 2.50, 19.22, 19.17, 19.25, 19.12, 19.22, 1.00, 1.00, 1.29, 1.65, 1.00, 13.44, 13.94, 13.42, 13.39, 13.22, 1.00, 1.01, 1.00, 1.00, 1.00]
  Objective : 49.274

[EVALUATION 530]
  Date/time : 2026-05-22 14:13:00
  x         : [247.11, 48.30, 48.30, 48.30, 48.30, 48.30, 2.50, 2.50, 2.50, 2.50, 2.50, 19.22, 19.17, 19.25, 19.12, 19.22, 1.00, 1.00, 1.29, 1.65, 1.00, 13.44, 13.94, 13.42, 13.39, 13.22, 1.00, 1.01, 1.00, 1.00, 1.00]
  Objective : 49.273

[EVALUATION 531]
  Date/time : 2026-05-22 14:13:06
  x         : [247.11, 48.30, 48.30, 48.30, 48.30, 48.30, 2.50, 2.50, 2.50, 2.50, 2.50, 19.22, 19.17, 19.25, 19.12, 19.22, 1.00, 1.00, 1.29, 1.65, 1.00, 13.44, 13.94, 13.42, 13.39, 13.22, 1.00, 1.01, 1.00, 1.00, 1.00]
  Objective : 49.273

[EVALUATION 532]
  Date/time : 2026-05-22 14:13:12
  x         : [247.11, 48.30, 48.30, 48.30, 48.30, 48.30, 2.50, 2.50, 2.50, 2.50, 2.50, 19.22, 19.17, 19.25, 19.12, 19.22, 1.00, 1.00, 1.29, 1.65, 1.00, 13.44, 13.94, 13.42, 13.39, 13.22, 1.00, 1.01, 1.00, 1.00, 1.00]
  Objective : 49.273

[EVALUATION 533]
  Date/time : 2026-05-22 14:13:18
  x         : [247.11, 48.30, 48.30, 48.30, 48.30, 48.30, 2.50, 2.50, 2.50, 2.50, 2.50, 19.22, 19.17, 19.25, 19.12, 19.22, 1.00, 1.00, 1.29, 1.65, 1.00, 13.44, 13.94, 13.42, 13.39, 13.22, 1.00, 1.01, 1.00, 1.00, 1.00]
  Objective : 49.273

[EVALUATION 534]
  Date/time : 2026-05-22 14:13:24
  x         : [247.11, 48.30, 48.30, 48.30, 48.30, 48.30, 2.50, 2.50, 2.50, 2.50, 2.50, 19.22, 19.17, 19.25, 19.12, 19.22, 1.00, 1.00, 1.29, 1.65, 1.00, 13.44, 13.94, 13.42, 13.39, 13.22, 1.00, 1.01, 1.00, 1.00, 1.00]
  Objective : 49.273

[EVALUATION 535]
  Date/time : 2026-05-22 14:13:30
  x         : [247.11, 48.30, 48.30, 48.30, 48.30, 48.30, 2.50, 2.50, 2.50, 2.50, 2.50, 19.24, 19.17, 19.25, 19.12, 19.22, 1.00, 1.00, 1.29, 1.65, 1.00, 13.44, 13.94, 13.42, 13.39, 13.22, 1.00, 1.01, 1.00, 1.00, 1.00]
  Objective : 49.269

[EVALUATION 536]
  Date/time : 2026-05-22 14:13:35
  x         : [247.11, 48.30, 48.30, 48.30, 48.30, 48.30, 2.50, 2.50, 2.50, 2.50, 2.50, 19.22, 19.19, 19.25, 19.12, 19.22, 1.00, 1.00, 1.29, 1.65, 1.00, 13.44, 13.94, 13.42, 13.39, 13.22, 1.00, 1.01, 1.00, 1.00, 1.00]
  Objective : 49.269

[EVALUATION 537]
  Date/time : 2026-05-22 14:13:43
  x         : [247.11, 48.30, 48.30, 48.30, 48.30, 48.30, 2.50, 2.50, 2.50, 2.50, 2.50, 19.22, 19.17, 19.27, 19.12, 19.22, 1.00, 1.00, 1.29, 1.65, 1.00, 13.44, 13.94, 13.42, 13.39, 13.22, 1.00, 1.01, 1.00, 1.00, 1.00]
  Objective : 49.269

[EVALUATION 538]
  Date/time : 2026-05-22 14:13:49
  x         : [247.11, 48.30, 48.30, 48.30, 48.30, 48.30, 2.50, 2.50, 2.50, 2.50, 2.50, 19.22, 19.17, 19.25, 19.14, 19.22, 1.00, 1.00, 1.29, 1.65, 1.00, 13.44, 13.94, 13.42, 13.39, 13.22, 1.00, 1.01, 1.00, 1.00, 1.00]
  Objective : 49.270

[EVALUATION 539]
  Date/time : 2026-05-22 14:13:56
  x         : [247.11, 48.30, 48.30, 48.30, 48.30, 48.30, 2.50, 2.50, 2.50, 2.50, 2.50, 19.22, 19.17, 19.25, 19.12, 19.24, 1.00, 1.00, 1.29, 1.65, 1.00, 13.44, 13.94, 13.42, 13.39, 13.22, 1.00, 1.01, 1.00, 1.00, 1.00]
  Objective : 49.269

[EVALUATION 540]
  Date/time : 2026-05-22 14:14:02
  x         : [247.11, 48.30, 48.30, 48.30, 48.30, 48.30, 2.50, 2.50, 2.50, 2.50, 2.50, 19.22, 19.17, 19.25, 19.12, 19.22, 1.00, 1.00, 1.29, 1.65, 1.00, 13.44, 13.94, 13.42, 13.39, 13.22, 1.00, 1.01, 1.00, 1.00, 1.00]
  Objective : 49.268

[EVALUATION 541]
  Date/time : 2026-05-22 14:14:08
  x         : [247.11, 48.30, 48.30, 48.30, 48.30, 48.30, 2.50, 2.50, 2.50, 2.50, 2.50, 19.22, 19.17, 19.25, 19.12, 19.22, 1.00, 1.00, 1.29, 1.65, 1.00, 13.44, 13.94, 13.42, 13.39, 13.22, 1.00, 1.01, 1.00, 1.00, 1.00]
  Objective : 49.268

[EVALUATION 542]
  Date/time : 2026-05-22 14:14:14
  x         : [247.11, 48.30, 48.30, 48.30, 48.30, 48.30, 2.50, 2.50, 2.50, 2.50, 2.50, 19.22, 19.17, 19.25, 19.12, 19.22, 1.00, 1.00, 1.29, 1.65, 1.00, 13.44, 13.94, 13.42, 13.39, 13.22, 1.00, 1.01, 1.00, 1.00, 1.00]
  Objective : 49.269

[EVALUATION 543]
  Date/time : 2026-05-22 14:14:20
  x         : [247.11, 48.30, 48.30, 48.30, 48.30, 48.30, 2.50, 2.50, 2.50, 2.50, 2.50, 19.22, 19.17, 19.25, 19.12, 19.22, 1.00, 1.00, 1.29, 1.65, 1.00, 13.44, 13.94, 13.42, 13.39, 13.22, 1.00, 1.01, 1.00, 1.00, 1.00]
  Objective : 49.269

[EVALUATION 544]
  Date/time : 2026-05-22 14:14:27
  x         : [247.11, 48.30, 48.30, 48.30, 48.30, 48.30, 2.50, 2.50, 2.50, 2.50, 2.50, 19.22, 19.17, 19.25, 19.12, 19.22, 1.00, 1.00, 1.29, 1.65, 1.00, 13.44, 13.94, 13.42, 13.39, 13.22, 1.00, 1.01, 1.00, 1.00, 1.00]
  Objective : 49.268

[EVALUATION 545]
  Date/time : 2026-05-22 14:14:33
  x         : [247.11, 48.30, 48.30, 48.30, 48.30, 48.30, 2.50, 2.50, 2.50, 2.50, 2.50, 19.22, 19.17, 19.25, 19.12, 19.22, 1.00, 1.00, 1.29, 1.65, 1.00, 13.46, 13.94, 13.42, 13.39, 13.22, 1.00, 1.01, 1.00, 1.00, 1.00]
  Objective : 49.268

[EVALUATION 546]
  Date/time : 2026-05-22 14:14:41
  x         : [247.11, 48.30, 48.30, 48.30, 48.30, 48.30, 2.50, 2.50, 2.50, 2.50, 2.50, 19.22, 19.17, 19.25, 19.12, 19.22, 1.00, 1.00, 1.29, 1.65, 1.00, 13.44, 13.95, 13.42, 13.39, 13.22, 1.00, 1.01, 1.00, 1.00, 1.00]
  Objective : 49.268

[EVALUATION 547]
  Date/time : 2026-05-22 14:14:48
  x         : [247.11, 48.30, 48.30, 48.30, 48.30, 48.30, 2.50, 2.50, 2.50, 2.50, 2.50, 19.22, 19.17, 19.25, 19.12, 19.22, 1.00, 1.00, 1.29, 1.65, 1.00, 13.44, 13.94, 13.43, 13.39, 13.22, 1.00, 1.01, 1.00, 1.00, 1.00]
  Objective : 49.268

[EVALUATION 548]
  Date/time : 2026-05-22 14:14:54
  x         : [247.11, 48.30, 48.30, 48.30, 48.30, 48.30, 2.50, 2.50, 2.50, 2.50, 2.50, 19.22, 19.17, 19.25, 19.12, 19.22, 1.00, 1.00, 1.29, 1.65, 1.00, 13.44, 13.94, 13.42, 13.40, 13.22, 1.00, 1.01, 1.00, 1.00, 1.00]
  Objective : 49.268

[EVALUATION 549]
  Date/time : 2026-05-22 14:15:00
  x         : [247.11, 48.30, 48.30, 48.30, 48.30, 48.30, 2.50, 2.50, 2.50, 2.50, 2.50, 19.22, 19.17, 19.25, 19.12, 19.22, 1.00, 1.00, 1.29, 1.65, 1.00, 13.44, 13.94, 13.42, 13.39, 13.23, 1.00, 1.01, 1.00, 1.00, 1.00]
  Objective : 49.268

[EVALUATION 550]
  Date/time : 2026-05-22 14:15:07
  x         : [247.11, 48.30, 48.30, 48.30, 48.30, 48.30, 2.50, 2.50, 2.50, 2.50, 2.50, 19.22, 19.17, 19.25, 19.12, 19.22, 1.00, 1.00, 1.29, 1.65, 1.00, 13.44, 13.94, 13.42, 13.39, 13.22, 1.00, 1.01, 1.00, 1.00, 1.00]
  Objective : 49.268

[EVALUATION 551]
  Date/time : 2026-05-22 14:15:13
  x         : [247.11, 48.30, 48.30, 48.30, 48.30, 48.30, 2.50, 2.50, 2.50, 2.50, 2.50, 19.22, 19.17, 19.25, 19.12, 19.22, 1.00, 1.00, 1.29, 1.65, 1.00, 13.44, 13.94, 13.42, 13.39, 13.22, 1.00, 1.01, 1.00, 1.00, 1.00]
  Objective : 49.268

[EVALUATION 552]
  Date/time : 2026-05-22 14:15:19
  x         : [247.11, 48.30, 48.30, 48.30, 48.30, 48.30, 2.50, 2.50, 2.50, 2.50, 2.50, 19.22, 19.17, 19.25, 19.12, 19.22, 1.00, 1.00, 1.29, 1.65, 1.00, 13.44, 13.94, 13.42, 13.39, 13.22, 1.00, 1.01, 1.00, 1.00, 1.00]
  Objective : 49.268

[EVALUATION 553]
  Date/time : 2026-05-22 14:15:24
  x         : [247.11, 48.30, 48.30, 48.30, 48.30, 48.30, 2.50, 2.50, 2.50, 2.50, 2.50, 19.22, 19.17, 19.25, 19.12, 19.22, 1.00, 1.00, 1.29, 1.65, 1.00, 13.44, 13.94, 13.42, 13.39, 13.22, 1.00, 1.01, 1.00, 1.00, 1.00]
  Objective : 49.268

[EVALUATION 554]
  Date/time : 2026-05-22 14:15:30
  x         : [247.11, 48.30, 48.30, 48.30, 48.30, 48.30, 2.50, 2.50, 2.50, 2.50, 2.50, 19.22, 19.17, 19.25, 19.12, 19.22, 1.00, 1.00, 1.29, 1.65, 1.00, 13.44, 13.94, 13.42, 13.39, 13.22, 1.00, 1.01, 1.00, 1.00, 1.00]
  Objective : 49.268

[EVALUATION 555]
  Date/time : 2026-05-22 14:15:36
  x         : [247.11, 48.30, 48.30, 48.30, 48.30, 48.30, 2.50, 2.50, 2.50, 2.50, 2.50, 19.22, 19.17, 19.25, 19.12, 19.22, 1.00, 1.00, 1.29, 1.65, 1.00, 13.44, 13.94, 13.42, 13.39, 13.22, 1.00, 1.01, 1.00, 1.00, 1.00]
  Objective : 49.267

[EVALUATION 556]
  Date/time : 2026-05-22 14:15:42
  x         : [247.36, 48.30, 48.30, 48.30, 48.30, 48.30, 2.50, 2.50, 2.50, 2.50, 2.50, 19.22, 19.17, 19.25, 19.12, 19.22, 1.00, 1.00, 1.29, 1.65, 1.00, 13.44, 13.94, 13.42, 13.39, 13.22, 1.00, 1.01, 1.00, 1.00, 1.00]
  Objective : 49.280

[EVALUATION 557]
  Date/time : 2026-05-22 14:15:47
  x         : [247.11, 48.35, 48.30, 48.30, 48.30, 48.30, 2.50, 2.50, 2.50, 2.50, 2.50, 19.22, 19.17, 19.25, 19.12, 19.22, 1.00, 1.00, 1.29, 1.65, 1.00, 13.44, 13.94, 13.42, 13.39, 13.22, 1.00, 1.01, 1.00, 1.00, 1.00]
  Objective : 49.274

[EVALUATION 558]
  Date/time : 2026-05-22 14:15:53
  x         : [247.11, 48.30, 48.35, 48.30, 48.30, 48.30, 2.50, 2.50, 2.50, 2.50, 2.50, 19.22, 19.17, 19.25, 19.12, 19.22, 1.00, 1.00, 1.29, 1.65, 1.00, 13.44, 13.94, 13.42, 13.39, 13.22, 1.00, 1.01, 1.00, 1.00, 1.00]
  Objective : 49.274

[EVALUATION 559]
  Date/time : 2026-05-22 14:15:59
  x         : [247.11, 48.30, 48.30, 48.35, 48.30, 48.30, 2.50, 2.50, 2.50, 2.50, 2.50, 19.22, 19.17, 19.25, 19.12, 19.22, 1.00, 1.00, 1.29, 1.65, 1.00, 13.44, 13.94, 13.42, 13.39, 13.22, 1.00, 1.01, 1.00, 1.00, 1.00]
  Objective : 49.274

[EVALUATION 560]
  Date/time : 2026-05-22 14:16:04
  x         : [247.11, 48.30, 48.30, 48.30, 48.35, 48.30, 2.50, 2.50, 2.50, 2.50, 2.50, 19.22, 19.17, 19.25, 19.12, 19.22, 1.00, 1.00, 1.29, 1.65, 1.00, 13.44, 13.94, 13.42, 13.39, 13.22, 1.00, 1.01, 1.00, 1.00, 1.00]
  Objective : 49.274

[EVALUATION 561]
  Date/time : 2026-05-22 14:16:10
  x         : [247.11, 48.30, 48.30, 48.30, 48.30, 48.35, 2.50, 2.50, 2.50, 2.50, 2.50, 19.22, 19.17, 19.25, 19.12, 19.22, 1.00, 1.00, 1.29, 1.65, 1.00, 13.44, 13.94, 13.42, 13.39, 13.22, 1.00, 1.01, 1.00, 1.00, 1.00]
  Objective : 49.274

[EVALUATION 562]
  Date/time : 2026-05-22 14:16:16
  x         : [247.11, 48.30, 48.30, 48.30, 48.30, 48.30, 2.50, 2.50, 2.50, 2.50, 2.50, 19.22, 19.17, 19.25, 19.12, 19.22, 1.00, 1.00, 1.29, 1.65, 1.00, 13.44, 13.94, 13.42, 13.39, 13.22, 1.00, 1.01, 1.00, 1.00, 1.00]
  Objective : 49.273

[EVALUATION 563]
  Date/time : 2026-05-22 14:16:22
  x         : [247.11, 48.30, 48.30, 48.30, 48.30, 48.30, 2.50, 2.50, 2.50, 2.50, 2.50, 19.22, 19.17, 19.25, 19.12, 19.22, 1.00, 1.00, 1.29, 1.65, 1.00, 13.44, 13.94, 13.42, 13.39, 13.22, 1.00, 1.01, 1.00, 1.00, 1.00]
  Objective : 49.273

[EVALUATION 564]
  Date/time : 2026-05-22 14:16:27
  x         : [247.11, 48.30, 48.30, 48.30, 48.30, 48.30, 2.50, 2.50, 2.50, 2.50, 2.50, 19.22, 19.17, 19.25, 19.12, 19.22, 1.00, 1.00, 1.29, 1.65, 1.00, 13.44, 13.94, 13.42, 13.39, 13.22, 1.00, 1.01, 1.00, 1.00, 1.00]
  Objective : 49.273

[EVALUATION 565]
  Date/time : 2026-05-22 14:16:33
  x         : [247.11, 48.30, 48.30, 48.30, 48.30, 48.30, 2.50, 2.50, 2.50, 2.50, 2.50, 19.22, 19.17, 19.25, 19.12, 19.22, 1.00, 1.00, 1.29, 1.65, 1.00, 13.44, 13.94, 13.42, 13.39, 13.22, 1.00, 1.01, 1.00, 1.00, 1.00]
  Objective : 49.273

[EVALUATION 566]
  Date/time : 2026-05-22 14:16:39
  x         : [247.11, 48.30, 48.30, 48.30, 48.30, 48.30, 2.50, 2.50, 2.50, 2.50, 2.50, 19.22, 19.17, 19.25, 19.12, 19.22, 1.00, 1.00, 1.29, 1.65, 1.00, 13.44, 13.94, 13.42, 13.39, 13.22, 1.00, 1.01, 1.00, 1.00, 1.00]
  Objective : 49.273

[EVALUATION 567]
  Date/time : 2026-05-22 14:16:46
  x         : [247.11, 48.30, 48.30, 48.30, 48.30, 48.30, 2.50, 2.50, 2.50, 2.50, 2.50, 19.24, 19.17, 19.25, 19.12, 19.22, 1.00, 1.00, 1.29, 1.65, 1.00, 13.44, 13.94, 13.42, 13.39, 13.22, 1.00, 1.01, 1.00, 1.00, 1.00]
  Objective : 49.269

[EVALUATION 568]
  Date/time : 2026-05-22 14:16:52
  x         : [247.11, 48.30, 48.30, 48.30, 48.30, 48.30, 2.50, 2.50, 2.50, 2.50, 2.50, 19.22, 19.19, 19.25, 19.12, 19.22, 1.00, 1.00, 1.29, 1.65, 1.00, 13.44, 13.94, 13.42, 13.39, 13.22, 1.00, 1.01, 1.00, 1.00, 1.00]
  Objective : 49.269

[EVALUATION 569]
  Date/time : 2026-05-22 14:16:59
  x         : [247.11, 48.30, 48.30, 48.30, 48.30, 48.30, 2.50, 2.50, 2.50, 2.50, 2.50, 19.22, 19.17, 19.27, 19.12, 19.22, 1.00, 1.00, 1.29, 1.65, 1.00, 13.44, 13.94, 13.42, 13.39, 13.22, 1.00, 1.01, 1.00, 1.00, 1.00]
  Objective : 49.269

[EVALUATION 570]
  Date/time : 2026-05-22 14:17:05
  x         : [247.11, 48.30, 48.30, 48.30, 48.30, 48.30, 2.50, 2.50, 2.50, 2.50, 2.50, 19.22, 19.17, 19.25, 19.14, 19.22, 1.00, 1.00, 1.29, 1.65, 1.00, 13.44, 13.94, 13.42, 13.39, 13.22, 1.00, 1.01, 1.00, 1.00, 1.00]
  Objective : 49.270

[EVALUATION 571]
  Date/time : 2026-05-22 14:17:12
  x         : [247.11, 48.30, 48.30, 48.30, 48.30, 48.30, 2.50, 2.50, 2.50, 2.50, 2.50, 19.22, 19.17, 19.25, 19.12, 19.24, 1.00, 1.00, 1.29, 1.65, 1.00, 13.44, 13.94, 13.42, 13.39, 13.22, 1.00, 1.01, 1.00, 1.00, 1.00]
  Objective : 49.269

[EVALUATION 572]
  Date/time : 2026-05-22 14:17:18
  x         : [247.11, 48.30, 48.30, 48.30, 48.30, 48.30, 2.50, 2.50, 2.50, 2.50, 2.50, 19.22, 19.17, 19.25, 19.12, 19.22, 1.00, 1.00, 1.29, 1.65, 1.00, 13.44, 13.94, 13.42, 13.39, 13.22, 1.00, 1.01, 1.00, 1.00, 1.00]
  Objective : 49.268

[EVALUATION 573]
  Date/time : 2026-05-22 14:17:24
  x         : [247.11, 48.30, 48.30, 48.30, 48.30, 48.30, 2.50, 2.50, 2.50, 2.50, 2.50, 19.22, 19.17, 19.25, 19.12, 19.22, 1.00, 1.00, 1.29, 1.65, 1.00, 13.44, 13.94, 13.42, 13.39, 13.22, 1.00, 1.01, 1.00, 1.00, 1.00]
  Objective : 49.268

[EVALUATION 574]
  Date/time : 2026-05-22 14:17:30
  x         : [247.11, 48.30, 48.30, 48.30, 48.30, 48.30, 2.50, 2.50, 2.50, 2.50, 2.50, 19.22, 19.17, 19.25, 19.12, 19.22, 1.00, 1.00, 1.29, 1.65, 1.00, 13.44, 13.94, 13.42, 13.39, 13.22, 1.00, 1.01, 1.00, 1.00, 1.00]
  Objective : 49.269

[EVALUATION 575]
  Date/time : 2026-05-22 14:17:36
  x         : [247.11, 48.30, 48.30, 48.30, 48.30, 48.30, 2.50, 2.50, 2.50, 2.50, 2.50, 19.22, 19.17, 19.25, 19.12, 19.22, 1.00, 1.00, 1.29, 1.65, 1.00, 13.44, 13.94, 13.42, 13.39, 13.22, 1.00, 1.01, 1.00, 1.00, 1.00]
  Objective : 49.269

[EVALUATION 576]
  Date/time : 2026-05-22 14:17:42
  x         : [247.11, 48.30, 48.30, 48.30, 48.30, 48.30, 2.50, 2.50, 2.50, 2.50, 2.50, 19.22, 19.17, 19.25, 19.12, 19.22, 1.00, 1.00, 1.29, 1.65, 1.00, 13.44, 13.94, 13.42, 13.39, 13.22, 1.00, 1.01, 1.00, 1.00, 1.00]
  Objective : 49.268

[EVALUATION 577]
  Date/time : 2026-05-22 14:17:48
  x         : [247.11, 48.30, 48.30, 48.30, 48.30, 48.30, 2.50, 2.50, 2.50, 2.50, 2.50, 19.22, 19.17, 19.25, 19.12, 19.22, 1.00, 1.00, 1.29, 1.65, 1.00, 13.46, 13.94, 13.42, 13.39, 13.22, 1.00, 1.01, 1.00, 1.00, 1.00]
  Objective : 49.268

[EVALUATION 578]
  Date/time : 2026-05-22 14:17:54
  x         : [247.11, 48.30, 48.30, 48.30, 48.30, 48.30, 2.50, 2.50, 2.50, 2.50, 2.50, 19.22, 19.17, 19.25, 19.12, 19.22, 1.00, 1.00, 1.29, 1.65, 1.00, 13.44, 13.95, 13.42, 13.39, 13.22, 1.00, 1.01, 1.00, 1.00, 1.00]
  Objective : 49.268

[EVALUATION 579]
  Date/time : 2026-05-22 14:17:59
  x         : [247.11, 48.30, 48.30, 48.30, 48.30, 48.30, 2.50, 2.50, 2.50, 2.50, 2.50, 19.22, 19.17, 19.25, 19.12, 19.22, 1.00, 1.00, 1.29, 1.65, 1.00, 13.44, 13.94, 13.43, 13.39, 13.22, 1.00, 1.01, 1.00, 1.00, 1.00]
  Objective : 49.268

[EVALUATION 580]
  Date/time : 2026-05-22 14:18:05
  x         : [247.11, 48.30, 48.30, 48.30, 48.30, 48.30, 2.50, 2.50, 2.50, 2.50, 2.50, 19.22, 19.17, 19.25, 19.12, 19.22, 1.00, 1.00, 1.29, 1.65, 1.00, 13.44, 13.94, 13.42, 13.40, 13.22, 1.00, 1.01, 1.00, 1.00, 1.00]
  Objective : 49.268

[EVALUATION 581]
  Date/time : 2026-05-22 14:18:11
  x         : [247.11, 48.30, 48.30, 48.30, 48.30, 48.30, 2.50, 2.50, 2.50, 2.50, 2.50, 19.22, 19.17, 19.25, 19.12, 19.22, 1.00, 1.00, 1.29, 1.65, 1.00, 13.44, 13.94, 13.42, 13.39, 13.23, 1.00, 1.01, 1.00, 1.00, 1.00]
  Objective : 49.268

[EVALUATION 582]
  Date/time : 2026-05-22 14:18:17
  x         : [247.11, 48.30, 48.30, 48.30, 48.30, 48.30, 2.50, 2.50, 2.50, 2.50, 2.50, 19.22, 19.17, 19.25, 19.12, 19.22, 1.00, 1.00, 1.29, 1.65, 1.00, 13.44, 13.94, 13.42, 13.39, 13.22, 1.00, 1.01, 1.00, 1.00, 1.00]
  Objective : 49.268

[EVALUATION 583]
  Date/time : 2026-05-22 14:18:22
  x         : [247.11, 48.30, 48.30, 48.30, 48.30, 48.30, 2.50, 2.50, 2.50, 2.50, 2.50, 19.22, 19.17, 19.25, 19.12, 19.22, 1.00, 1.00, 1.29, 1.65, 1.00, 13.44, 13.94, 13.42, 13.39, 13.22, 1.00, 1.01, 1.00, 1.00, 1.00]
  Objective : 49.268

[EVALUATION 584]
  Date/time : 2026-05-22 14:18:28
  x         : [247.11, 48.30, 48.30, 48.30, 48.30, 48.30, 2.50, 2.50, 2.50, 2.50, 2.50, 19.22, 19.17, 19.25, 19.12, 19.22, 1.00, 1.00, 1.29, 1.65, 1.00, 13.44, 13.94, 13.42, 13.39, 13.22, 1.00, 1.01, 1.00, 1.00, 1.00]
  Objective : 49.268

[EVALUATION 585]
  Date/time : 2026-05-22 14:18:33
  x         : [247.11, 48.30, 48.30, 48.30, 48.30, 48.30, 2.50, 2.50, 2.50, 2.50, 2.50, 19.22, 19.17, 19.25, 19.12, 19.22, 1.00, 1.00, 1.29, 1.65, 1.00, 13.44, 13.94, 13.42, 13.39, 13.22, 1.00, 1.01, 1.00, 1.00, 1.00]
  Objective : 49.268

[EVALUATION 586]
  Date/time : 2026-05-22 14:18:39
  x         : [247.11, 48.30, 48.30, 48.30, 48.30, 48.30, 2.50, 2.50, 2.50, 2.50, 2.50, 19.22, 19.17, 19.25, 19.12, 19.22, 1.00, 1.00, 1.29, 1.65, 1.00, 13.44, 13.94, 13.42, 13.39, 13.22, 1.00, 1.01, 1.00, 1.00, 1.00]
  Objective : 49.268

[EVALUATION 587]
  Date/time : 2026-05-22 14:18:45
  x         : [246.75, 48.30, 48.30, 48.30, 48.30, 48.30, 2.50, 2.50, 2.50, 2.50, 2.50, 19.53, 19.50, 19.21, 18.93, 19.54, 1.72, 1.00, 1.29, 2.09, 1.00, 12.99, 13.47, 12.96, 12.98, 12.73, 1.00, 1.00, 1.00, 1.00, 1.00]
  Objective : 50.897

[ITERATION 9]
  Date/time : 2026-05-22 14:18:45
  x         : [246.745681,  48.3     ,  48.3     ,  48.3     ,  48.3     ,  48.3     ,
   2.5     ,   2.5     ,   2.5     ,   2.5     ,   2.5     ,  19.530652,
  19.500974,  19.207847,  18.926756,  19.542218,   1.722175,   1.      ,
   1.287677,   2.090499,   1.      ,  12.993606,  13.472262,  12.957503,
  12.977595,  12.732992,   1.      ,   1.      ,   1.      ,   1.      ,
   1.      ]

Util_LB     Column:    0.044  Brace:    0.009
Util_NF     Column:    0.822  Brace:    0.759
Util_S      Column:    0.048  Brace:    0.018
Util_T      Column:    0.056  Brace:    0.082
Util_BR     Column:    1.016  Brace:    0.954
Util_IN     Column:    1.155  Brace:    1.091
Util_BS_sig  Column:    N/A    Brace:    1.322
Util_BS_defl  Column:    N/A    Brace:    0.562
[EVALUATION 588]
  Date/time : 2026-05-22 14:18:51
  x         : [247.04, 48.30, 48.30, 48.30, 48.30, 48.30, 2.50, 2.50, 2.50, 2.50, 2.50, 19.28, 19.24, 19.24, 19.08, 19.28, 1.14, 1.00, 1.29, 1.74, 1.00, 13.35, 13.85, 13.33, 13.31, 13.12, 1.00, 1.00, 1.00, 1.00, 1.00]
  Objective : 49.597

[EVALUATION 589]
  Date/time : 2026-05-22 14:18:57
  x         : [247.11, 48.30, 48.30, 48.30, 48.30, 48.30, 2.50, 2.50, 2.50, 2.50, 2.50, 19.22, 19.18, 19.25, 19.12, 19.23, 1.01, 1.00, 1.29, 1.66, 1.00, 13.43, 13.93, 13.41, 13.38, 13.21, 1.00, 1.01, 1.00, 1.00, 1.00]
  Objective : 49.301

[EVALUATION 590]
  Date/time : 2026-05-22 14:19:03
  x         : [247.11, 48.30, 48.30, 48.30, 48.30, 48.30, 2.50, 2.50, 2.50, 2.50, 2.50, 19.22, 19.17, 19.25, 19.12, 19.22, 1.00, 1.00, 1.29, 1.65, 1.00, 13.44, 13.94, 13.42, 13.39, 13.22, 1.00, 1.01, 1.00, 1.00, 1.00]
  Objective : 49.270

[EVALUATION 591]
  Date/time : 2026-05-22 14:19:09
  x         : [247.11, 48.30, 48.30, 48.30, 48.30, 48.30, 2.50, 2.50, 2.50, 2.50, 2.50, 19.22, 19.17, 19.25, 19.12, 19.22, 1.00, 1.00, 1.29, 1.65, 1.00, 13.44, 13.94, 13.42, 13.39, 13.22, 1.00, 1.01, 1.00, 1.00, 1.00]
  Objective : 49.267

[EVALUATION 592]
  Date/time : 2026-05-22 14:19:15
  x         : [247.11, 48.30, 48.30, 48.30, 48.30, 48.30, 2.50, 2.50, 2.50, 2.50, 2.50, 19.22, 19.17, 19.25, 19.12, 19.22, 1.00, 1.00, 1.29, 1.65, 1.00, 13.44, 13.94, 13.42, 13.39, 13.22, 1.00, 1.01, 1.00, 1.00, 1.00]
  Objective : 49.267

[EVALUATION 593]
  Date/time : 2026-05-22 14:19:22
  x         : [247.11, 48.30, 48.30, 48.30, 48.30, 48.30, 2.50, 2.50, 2.50, 2.50, 2.50, 19.22, 19.17, 19.25, 19.12, 19.22, 1.00, 1.00, 1.29, 1.65, 1.00, 13.44, 13.94, 13.42, 13.39, 13.22, 1.00, 1.01, 1.00, 1.00, 1.00]
  Objective : 49.267

[EVALUATION 594]
  Date/time : 2026-05-22 14:19:29
  x         : [247.11, 48.30, 48.30, 48.30, 48.30, 48.30, 2.50, 2.50, 2.50, 2.50, 2.50, 19.22, 19.17, 19.25, 19.12, 19.22, 1.00, 1.00, 1.29, 1.65, 1.00, 13.44, 13.94, 13.42, 13.39, 13.22, 1.00, 1.01, 1.00, 1.00, 1.00]
  Objective : 49.267

[EVALUATION 595]
  Date/time : 2026-05-22 14:19:36
  x         : [247.11, 48.30, 48.30, 48.30, 48.30, 48.30, 2.50, 2.50, 2.50, 2.50, 2.50, 19.22, 19.17, 19.25, 19.12, 19.22, 1.00, 1.00, 1.29, 1.65, 1.00, 13.44, 13.94, 13.42, 13.39, 13.22, 1.00, 1.01, 1.00, 1.00, 1.00]
  Objective : 49.267

[EVALUATION 596]
  Date/time : 2026-05-22 14:19:42
  x         : [247.11, 48.30, 48.30, 48.30, 48.30, 48.30, 2.50, 2.50, 2.50, 2.50, 2.50, 19.22, 19.17, 19.25, 19.12, 19.22, 1.00, 1.00, 1.29, 1.65, 1.00, 13.44, 13.94, 13.42, 13.39, 13.22, 1.00, 1.01, 1.00, 1.00, 1.00]
  Objective : 49.267

[EVALUATION 597]
  Date/time : 2026-05-22 14:19:49
  x         : [247.11, 48.30, 48.30, 48.30, 48.30, 48.30, 2.50, 2.50, 2.50, 2.50, 2.50, 19.22, 19.17, 19.25, 19.12, 19.22, 1.00, 1.00, 1.29, 1.65, 1.00, 13.44, 13.94, 13.42, 13.39, 13.22, 1.00, 1.01, 1.00, 1.00, 1.00]
  Objective : 49.267

[EVALUATION 598]
  Date/time : 2026-05-22 14:19:55
  x         : [247.36, 48.30, 48.30, 48.30, 48.30, 48.30, 2.50, 2.50, 2.50, 2.50, 2.50, 19.22, 19.17, 19.25, 19.12, 19.22, 1.00, 1.00, 1.29, 1.65, 1.00, 13.44, 13.94, 13.42, 13.39, 13.22, 1.00, 1.01, 1.00, 1.00, 1.00]
  Objective : 49.280

[EVALUATION 599]
  Date/time : 2026-05-22 14:20:01
  x         : [247.11, 48.35, 48.30, 48.30, 48.30, 48.30, 2.50, 2.50, 2.50, 2.50, 2.50, 19.22, 19.17, 19.25, 19.12, 19.22, 1.00, 1.00, 1.29, 1.65, 1.00, 13.44, 13.94, 13.42, 13.39, 13.22, 1.00, 1.01, 1.00, 1.00, 1.00]
  Objective : 49.274

[EVALUATION 600]
  Date/time : 2026-05-22 14:20:07
  x         : [247.11, 48.30, 48.35, 48.30, 48.30, 48.30, 2.50, 2.50, 2.50, 2.50, 2.50, 19.22, 19.17, 19.25, 19.12, 19.22, 1.00, 1.00, 1.29, 1.65, 1.00, 13.44, 13.94, 13.42, 13.39, 13.22, 1.00, 1.01, 1.00, 1.00, 1.00]
  Objective : 49.274

[EVALUATION 601]
  Date/time : 2026-05-22 14:20:13
  x         : [247.11, 48.30, 48.30, 48.35, 48.30, 48.30, 2.50, 2.50, 2.50, 2.50, 2.50, 19.22, 19.17, 19.25, 19.12, 19.22, 1.00, 1.00, 1.29, 1.65, 1.00, 13.44, 13.94, 13.42, 13.39, 13.22, 1.00, 1.01, 1.00, 1.00, 1.00]
  Objective : 49.274

[EVALUATION 602]
  Date/time : 2026-05-22 14:20:19
  x         : [247.11, 48.30, 48.30, 48.30, 48.35, 48.30, 2.50, 2.50, 2.50, 2.50, 2.50, 19.22, 19.17, 19.25, 19.12, 19.22, 1.00, 1.00, 1.29, 1.65, 1.00, 13.44, 13.94, 13.42, 13.39, 13.22, 1.00, 1.01, 1.00, 1.00, 1.00]
  Objective : 49.274

[EVALUATION 603]
  Date/time : 2026-05-22 14:20:25
  x         : [247.11, 48.30, 48.30, 48.30, 48.30, 48.35, 2.50, 2.50, 2.50, 2.50, 2.50, 19.22, 19.17, 19.25, 19.12, 19.22, 1.00, 1.00, 1.29, 1.65, 1.00, 13.44, 13.94, 13.42, 13.39, 13.22, 1.00, 1.01, 1.00, 1.00, 1.00]
  Objective : 49.274

[EVALUATION 604]
  Date/time : 2026-05-22 14:20:31
  x         : [247.11, 48.30, 48.30, 48.30, 48.30, 48.30, 2.50, 2.50, 2.50, 2.50, 2.50, 19.22, 19.17, 19.25, 19.12, 19.22, 1.00, 1.00, 1.29, 1.65, 1.00, 13.44, 13.94, 13.42, 13.39, 13.22, 1.00, 1.01, 1.00, 1.00, 1.00]
  Objective : 49.273

[EVALUATION 605]
  Date/time : 2026-05-22 14:20:36
  x         : [247.11, 48.30, 48.30, 48.30, 48.30, 48.30, 2.50, 2.50, 2.50, 2.50, 2.50, 19.22, 19.17, 19.25, 19.12, 19.22, 1.00, 1.00, 1.29, 1.65, 1.00, 13.44, 13.94, 13.42, 13.39, 13.22, 1.00, 1.01, 1.00, 1.00, 1.00]
  Objective : 49.273

[EVALUATION 606]
  Date/time : 2026-05-22 14:20:42
  x         : [247.11, 48.30, 48.30, 48.30, 48.30, 48.30, 2.50, 2.50, 2.50, 2.50, 2.50, 19.22, 19.17, 19.25, 19.12, 19.22, 1.00, 1.00, 1.29, 1.65, 1.00, 13.44, 13.94, 13.42, 13.39, 13.22, 1.00, 1.01, 1.00, 1.00, 1.00]
  Objective : 49.273

[EVALUATION 607]
  Date/time : 2026-05-22 14:20:48
  x         : [247.11, 48.30, 48.30, 48.30, 48.30, 48.30, 2.50, 2.50, 2.50, 2.50, 2.50, 19.22, 19.17, 19.25, 19.12, 19.22, 1.00, 1.00, 1.29, 1.65, 1.00, 13.44, 13.94, 13.42, 13.39, 13.22, 1.00, 1.01, 1.00, 1.00, 1.00]
  Objective : 49.273

[EVALUATION 608]
  Date/time : 2026-05-22 14:20:53
  x         : [247.11, 48.30, 48.30, 48.30, 48.30, 48.30, 2.50, 2.50, 2.50, 2.50, 2.50, 19.22, 19.17, 19.25, 19.12, 19.22, 1.00, 1.00, 1.29, 1.65, 1.00, 13.44, 13.94, 13.42, 13.39, 13.22, 1.00, 1.01, 1.00, 1.00, 1.00]
  Objective : 49.273

[EVALUATION 609]
  Date/time : 2026-05-22 14:20:59
  x         : [247.11, 48.30, 48.30, 48.30, 48.30, 48.30, 2.50, 2.50, 2.50, 2.50, 2.50, 19.24, 19.17, 19.25, 19.12, 19.22, 1.00, 1.00, 1.29, 1.65, 1.00, 13.44, 13.94, 13.42, 13.39, 13.22, 1.00, 1.01, 1.00, 1.00, 1.00]
  Objective : 49.269

[EVALUATION 610]
  Date/time : 2026-05-22 14:21:05
  x         : [247.11, 48.30, 48.30, 48.30, 48.30, 48.30, 2.50, 2.50, 2.50, 2.50, 2.50, 19.22, 19.19, 19.25, 19.12, 19.22, 1.00, 1.00, 1.29, 1.65, 1.00, 13.44, 13.94, 13.42, 13.39, 13.22, 1.00, 1.01, 1.00, 1.00, 1.00]
  Objective : 49.269

[EVALUATION 611]
  Date/time : 2026-05-22 14:21:11
  x         : [247.11, 48.30, 48.30, 48.30, 48.30, 48.30, 2.50, 2.50, 2.50, 2.50, 2.50, 19.22, 19.17, 19.27, 19.12, 19.22, 1.00, 1.00, 1.29, 1.65, 1.00, 13.44, 13.94, 13.42, 13.39, 13.22, 1.00, 1.01, 1.00, 1.00, 1.00]
  Objective : 49.269

[EVALUATION 612]
  Date/time : 2026-05-22 14:21:17
  x         : [247.11, 48.30, 48.30, 48.30, 48.30, 48.30, 2.50, 2.50, 2.50, 2.50, 2.50, 19.22, 19.17, 19.25, 19.14, 19.22, 1.00, 1.00, 1.29, 1.65, 1.00, 13.44, 13.94, 13.42, 13.39, 13.22, 1.00, 1.01, 1.00, 1.00, 1.00]
  Objective : 49.270

[EVALUATION 613]
  Date/time : 2026-05-22 14:21:23
  x         : [247.11, 48.30, 48.30, 48.30, 48.30, 48.30, 2.50, 2.50, 2.50, 2.50, 2.50, 19.22, 19.17, 19.25, 19.12, 19.24, 1.00, 1.00, 1.29, 1.65, 1.00, 13.44, 13.94, 13.42, 13.39, 13.22, 1.00, 1.01, 1.00, 1.00, 1.00]
  Objective : 49.269

[EVALUATION 614]
  Date/time : 2026-05-22 14:21:29
  x         : [247.11, 48.30, 48.30, 48.30, 48.30, 48.30, 2.50, 2.50, 2.50, 2.50, 2.50, 19.22, 19.17, 19.25, 19.12, 19.22, 1.00, 1.00, 1.29, 1.65, 1.00, 13.44, 13.94, 13.42, 13.39, 13.22, 1.00, 1.01, 1.00, 1.00, 1.00]
  Objective : 49.268

[EVALUATION 615]
  Date/time : 2026-05-22 14:21:36
  x         : [247.11, 48.30, 48.30, 48.30, 48.30, 48.30, 2.50, 2.50, 2.50, 2.50, 2.50, 19.22, 19.17, 19.25, 19.12, 19.22, 1.00, 1.00, 1.29, 1.65, 1.00, 13.44, 13.94, 13.42, 13.39, 13.22, 1.00, 1.01, 1.00, 1.00, 1.00]
  Objective : 49.268

[EVALUATION 616]
  Date/time : 2026-05-22 14:21:43
  x         : [247.11, 48.30, 48.30, 48.30, 48.30, 48.30, 2.50, 2.50, 2.50, 2.50, 2.50, 19.22, 19.17, 19.25, 19.12, 19.22, 1.00, 1.00, 1.29, 1.65, 1.00, 13.44, 13.94, 13.42, 13.39, 13.22, 1.00, 1.01, 1.00, 1.00, 1.00]
  Objective : 49.269

[EVALUATION 617]
  Date/time : 2026-05-22 14:21:50
  x         : [247.11, 48.30, 48.30, 48.30, 48.30, 48.30, 2.50, 2.50, 2.50, 2.50, 2.50, 19.22, 19.17, 19.25, 19.12, 19.22, 1.00, 1.00, 1.29, 1.65, 1.00, 13.44, 13.94, 13.42, 13.39, 13.22, 1.00, 1.01, 1.00, 1.00, 1.00]
  Objective : 49.269

[EVALUATION 618]
  Date/time : 2026-05-22 14:21:57
  x         : [247.11, 48.30, 48.30, 48.30, 48.30, 48.30, 2.50, 2.50, 2.50, 2.50, 2.50, 19.22, 19.17, 19.25, 19.12, 19.22, 1.00, 1.00, 1.29, 1.65, 1.00, 13.44, 13.94, 13.42, 13.39, 13.22, 1.00, 1.01, 1.00, 1.00, 1.00]
  Objective : 49.268

[EVALUATION 619]
  Date/time : 2026-05-22 14:22:04
  x         : [247.11, 48.30, 48.30, 48.30, 48.30, 48.30, 2.50, 2.50, 2.50, 2.50, 2.50, 19.22, 19.17, 19.25, 19.12, 19.22, 1.00, 1.00, 1.29, 1.65, 1.00, 13.46, 13.94, 13.42, 13.39, 13.22, 1.00, 1.01, 1.00, 1.00, 1.00]
  Objective : 49.268

[EVALUATION 620]
  Date/time : 2026-05-22 14:22:11
  x         : [247.11, 48.30, 48.30, 48.30, 48.30, 48.30, 2.50, 2.50, 2.50, 2.50, 2.50, 19.22, 19.17, 19.25, 19.12, 19.22, 1.00, 1.00, 1.29, 1.65, 1.00, 13.44, 13.95, 13.42, 13.39, 13.22, 1.00, 1.01, 1.00, 1.00, 1.00]
  Objective : 49.268

[EVALUATION 621]
  Date/time : 2026-05-22 14:22:18
  x         : [247.11, 48.30, 48.30, 48.30, 48.30, 48.30, 2.50, 2.50, 2.50, 2.50, 2.50, 19.22, 19.17, 19.25, 19.12, 19.22, 1.00, 1.00, 1.29, 1.65, 1.00, 13.44, 13.94, 13.43, 13.39, 13.22, 1.00, 1.01, 1.00, 1.00, 1.00]
  Objective : 49.268

[EVALUATION 622]
  Date/time : 2026-05-22 14:22:25
  x         : [247.11, 48.30, 48.30, 48.30, 48.30, 48.30, 2.50, 2.50, 2.50, 2.50, 2.50, 19.22, 19.17, 19.25, 19.12, 19.22, 1.00, 1.00, 1.29, 1.65, 1.00, 13.44, 13.94, 13.42, 13.40, 13.22, 1.00, 1.01, 1.00, 1.00, 1.00]
  Objective : 49.268

[EVALUATION 623]
  Date/time : 2026-05-22 14:22:32
  x         : [247.11, 48.30, 48.30, 48.30, 48.30, 48.30, 2.50, 2.50, 2.50, 2.50, 2.50, 19.22, 19.17, 19.25, 19.12, 19.22, 1.00, 1.00, 1.29, 1.65, 1.00, 13.44, 13.94, 13.42, 13.39, 13.23, 1.00, 1.01, 1.00, 1.00, 1.00]
  Objective : 49.268

[EVALUATION 624]
  Date/time : 2026-05-22 14:22:39
  x         : [247.11, 48.30, 48.30, 48.30, 48.30, 48.30, 2.50, 2.50, 2.50, 2.50, 2.50, 19.22, 19.17, 19.25, 19.12, 19.22, 1.00, 1.00, 1.29, 1.65, 1.00, 13.44, 13.94, 13.42, 13.39, 13.22, 1.00, 1.01, 1.00, 1.00, 1.00]
  Objective : 49.268

[EVALUATION 625]
  Date/time : 2026-05-22 14:22:46
  x         : [247.11, 48.30, 48.30, 48.30, 48.30, 48.30, 2.50, 2.50, 2.50, 2.50, 2.50, 19.22, 19.17, 19.25, 19.12, 19.22, 1.00, 1.00, 1.29, 1.65, 1.00, 13.44, 13.94, 13.42, 13.39, 13.22, 1.00, 1.01, 1.00, 1.00, 1.00]
  Objective : 49.268

[EVALUATION 626]
  Date/time : 2026-05-22 14:22:52
  x         : [247.11, 48.30, 48.30, 48.30, 48.30, 48.30, 2.50, 2.50, 2.50, 2.50, 2.50, 19.22, 19.17, 19.25, 19.12, 19.22, 1.00, 1.00, 1.29, 1.65, 1.00, 13.44, 13.94, 13.42, 13.39, 13.22, 1.00, 1.01, 1.00, 1.00, 1.00]
  Objective : 49.268

[EVALUATION 627]
  Date/time : 2026-05-22 14:22:59
  x         : [247.11, 48.30, 48.30, 48.30, 48.30, 48.30, 2.50, 2.50, 2.50, 2.50, 2.50, 19.22, 19.17, 19.25, 19.12, 19.22, 1.00, 1.00, 1.29, 1.65, 1.00, 13.44, 13.94, 13.42, 13.39, 13.22, 1.00, 1.01, 1.00, 1.00, 1.00]
  Objective : 49.268

[EVALUATION 628]
  Date/time : 2026-05-22 14:23:06
  x         : [247.11, 48.30, 48.30, 48.30, 48.30, 48.30, 2.50, 2.50, 2.50, 2.50, 2.50, 19.22, 19.17, 19.25, 19.12, 19.22, 1.00, 1.00, 1.29, 1.65, 1.00, 13.44, 13.94, 13.42, 13.39, 13.22, 1.00, 1.01, 1.00, 1.00, 1.00]
  Objective : 49.268

[EVALUATION 629]
  Date/time : 2026-05-22 14:23:12
  x         : [247.11, 48.30, 48.30, 48.30, 48.30, 48.30, 2.50, 2.50, 2.50, 2.50, 2.50, 19.22, 19.17, 19.25, 19.12, 19.22, 1.00, 1.00, 1.29, 1.65, 1.00, 13.44, 13.94, 13.42, 13.39, 13.22, 1.00, 1.01, 1.00, 1.00, 1.00]
  Objective : 49.267

[EVALUATION 630]
  Date/time : 2026-05-22 14:23:19
  x         : [247.36, 48.30, 48.30, 48.30, 48.30, 48.30, 2.50, 2.50, 2.50, 2.50, 2.50, 19.22, 19.17, 19.25, 19.12, 19.22, 1.00, 1.00, 1.29, 1.65, 1.00, 13.44, 13.94, 13.42, 13.39, 13.22, 1.00, 1.01, 1.00, 1.00, 1.00]
  Objective : 49.280

[EVALUATION 631]
  Date/time : 2026-05-22 14:23:25
  x         : [247.11, 48.35, 48.30, 48.30, 48.30, 48.30, 2.50, 2.50, 2.50, 2.50, 2.50, 19.22, 19.17, 19.25, 19.12, 19.22, 1.00, 1.00, 1.29, 1.65, 1.00, 13.44, 13.94, 13.42, 13.39, 13.22, 1.00, 1.01, 1.00, 1.00, 1.00]
  Objective : 49.274

[EVALUATION 632]
  Date/time : 2026-05-22 14:23:31
  x         : [247.11, 48.30, 48.35, 48.30, 48.30, 48.30, 2.50, 2.50, 2.50, 2.50, 2.50, 19.22, 19.17, 19.25, 19.12, 19.22, 1.00, 1.00, 1.29, 1.65, 1.00, 13.44, 13.94, 13.42, 13.39, 13.22, 1.00, 1.01, 1.00, 1.00, 1.00]
  Objective : 49.274

[EVALUATION 633]
  Date/time : 2026-05-22 14:23:37
  x         : [247.11, 48.30, 48.30, 48.35, 48.30, 48.30, 2.50, 2.50, 2.50, 2.50, 2.50, 19.22, 19.17, 19.25, 19.12, 19.22, 1.00, 1.00, 1.29, 1.65, 1.00, 13.44, 13.94, 13.42, 13.39, 13.22, 1.00, 1.01, 1.00, 1.00, 1.00]
  Objective : 49.274

[EVALUATION 634]
  Date/time : 2026-05-22 14:23:42
  x         : [247.11, 48.30, 48.30, 48.30, 48.35, 48.30, 2.50, 2.50, 2.50, 2.50, 2.50, 19.22, 19.17, 19.25, 19.12, 19.22, 1.00, 1.00, 1.29, 1.65, 1.00, 13.44, 13.94, 13.42, 13.39, 13.22, 1.00, 1.01, 1.00, 1.00, 1.00]
  Objective : 49.274

[EVALUATION 635]
  Date/time : 2026-05-22 14:23:48
  x         : [247.11, 48.30, 48.30, 48.30, 48.30, 48.35, 2.50, 2.50, 2.50, 2.50, 2.50, 19.22, 19.17, 19.25, 19.12, 19.22, 1.00, 1.00, 1.29, 1.65, 1.00, 13.44, 13.94, 13.42, 13.39, 13.22, 1.00, 1.01, 1.00, 1.00, 1.00]
  Objective : 49.274

[EVALUATION 636]
  Date/time : 2026-05-22 14:23:54
  x         : [247.11, 48.30, 48.30, 48.30, 48.30, 48.30, 2.50, 2.50, 2.50, 2.50, 2.50, 19.22, 19.17, 19.25, 19.12, 19.22, 1.00, 1.00, 1.29, 1.65, 1.00, 13.44, 13.94, 13.42, 13.39, 13.22, 1.00, 1.01, 1.00, 1.00, 1.00]
  Objective : 49.273

[EVALUATION 637]
  Date/time : 2026-05-22 14:23:59
  x         : [247.11, 48.30, 48.30, 48.30, 48.30, 48.30, 2.50, 2.50, 2.50, 2.50, 2.50, 19.22, 19.17, 19.25, 19.12, 19.22, 1.00, 1.00, 1.29, 1.65, 1.00, 13.44, 13.94, 13.42, 13.39, 13.22, 1.00, 1.01, 1.00, 1.00, 1.00]
  Objective : 49.273

[EVALUATION 638]
  Date/time : 2026-05-22 14:24:05
  x         : [247.11, 48.30, 48.30, 48.30, 48.30, 48.30, 2.50, 2.50, 2.50, 2.50, 2.50, 19.22, 19.17, 19.25, 19.12, 19.22, 1.00, 1.00, 1.29, 1.65, 1.00, 13.44, 13.94, 13.42, 13.39, 13.22, 1.00, 1.01, 1.00, 1.00, 1.00]
  Objective : 49.273

[EVALUATION 639]
  Date/time : 2026-05-22 14:24:11
  x         : [247.11, 48.30, 48.30, 48.30, 48.30, 48.30, 2.50, 2.50, 2.50, 2.50, 2.50, 19.22, 19.17, 19.25, 19.12, 19.22, 1.00, 1.00, 1.29, 1.65, 1.00, 13.44, 13.94, 13.42, 13.39, 13.22, 1.00, 1.01, 1.00, 1.00, 1.00]
  Objective : 49.273

[EVALUATION 640]
  Date/time : 2026-05-22 14:24:16
  x         : [247.11, 48.30, 48.30, 48.30, 48.30, 48.30, 2.50, 2.50, 2.50, 2.50, 2.50, 19.22, 19.17, 19.25, 19.12, 19.22, 1.00, 1.00, 1.29, 1.65, 1.00, 13.44, 13.94, 13.42, 13.39, 13.22, 1.00, 1.01, 1.00, 1.00, 1.00]
  Objective : 49.273

[EVALUATION 641]
  Date/time : 2026-05-22 14:24:22
  x         : [247.11, 48.30, 48.30, 48.30, 48.30, 48.30, 2.50, 2.50, 2.50, 2.50, 2.50, 19.24, 19.17, 19.25, 19.12, 19.22, 1.00, 1.00, 1.29, 1.65, 1.00, 13.44, 13.94, 13.42, 13.39, 13.22, 1.00, 1.01, 1.00, 1.00, 1.00]
  Objective : 49.269

[EVALUATION 642]
  Date/time : 2026-05-22 14:24:28
  x         : [247.11, 48.30, 48.30, 48.30, 48.30, 48.30, 2.50, 2.50, 2.50, 2.50, 2.50, 19.22, 19.19, 19.25, 19.12, 19.22, 1.00, 1.00, 1.29, 1.65, 1.00, 13.44, 13.94, 13.42, 13.39, 13.22, 1.00, 1.01, 1.00, 1.00, 1.00]
  Objective : 49.269

[EVALUATION 643]
  Date/time : 2026-05-22 14:24:34
  x         : [247.11, 48.30, 48.30, 48.30, 48.30, 48.30, 2.50, 2.50, 2.50, 2.50, 2.50, 19.22, 19.17, 19.27, 19.12, 19.22, 1.00, 1.00, 1.29, 1.65, 1.00, 13.44, 13.94, 13.42, 13.39, 13.22, 1.00, 1.01, 1.00, 1.00, 1.00]
  Objective : 49.269

[EVALUATION 644]
  Date/time : 2026-05-22 14:24:39
  x         : [247.11, 48.30, 48.30, 48.30, 48.30, 48.30, 2.50, 2.50, 2.50, 2.50, 2.50, 19.22, 19.17, 19.25, 19.14, 19.22, 1.00, 1.00, 1.29, 1.65, 1.00, 13.44, 13.94, 13.42, 13.39, 13.22, 1.00, 1.01, 1.00, 1.00, 1.00]
  Objective : 49.270

[EVALUATION 645]
  Date/time : 2026-05-22 14:24:45
  x         : [247.11, 48.30, 48.30, 48.30, 48.30, 48.30, 2.50, 2.50, 2.50, 2.50, 2.50, 19.22, 19.17, 19.25, 19.12, 19.24, 1.00, 1.00, 1.29, 1.65, 1.00, 13.44, 13.94, 13.42, 13.39, 13.22, 1.00, 1.01, 1.00, 1.00, 1.00]
  Objective : 49.269

[EVALUATION 646]
  Date/time : 2026-05-22 14:24:50
  x         : [247.11, 48.30, 48.30, 48.30, 48.30, 48.30, 2.50, 2.50, 2.50, 2.50, 2.50, 19.22, 19.17, 19.25, 19.12, 19.22, 1.00, 1.00, 1.29, 1.65, 1.00, 13.44, 13.94, 13.42, 13.39, 13.22, 1.00, 1.01, 1.00, 1.00, 1.00]
  Objective : 49.268

[EVALUATION 647]
  Date/time : 2026-05-22 14:24:56
  x         : [247.11, 48.30, 48.30, 48.30, 48.30, 48.30, 2.50, 2.50, 2.50, 2.50, 2.50, 19.22, 19.17, 19.25, 19.12, 19.22, 1.00, 1.00, 1.29, 1.65, 1.00, 13.44, 13.94, 13.42, 13.39, 13.22, 1.00, 1.01, 1.00, 1.00, 1.00]
  Objective : 49.268

[EVALUATION 648]
  Date/time : 2026-05-22 14:25:02
  x         : [247.11, 48.30, 48.30, 48.30, 48.30, 48.30, 2.50, 2.50, 2.50, 2.50, 2.50, 19.22, 19.17, 19.25, 19.12, 19.22, 1.00, 1.00, 1.29, 1.65, 1.00, 13.44, 13.94, 13.42, 13.39, 13.22, 1.00, 1.01, 1.00, 1.00, 1.00]
  Objective : 49.269

[EVALUATION 649]
  Date/time : 2026-05-22 14:25:07
  x         : [247.11, 48.30, 48.30, 48.30, 48.30, 48.30, 2.50, 2.50, 2.50, 2.50, 2.50, 19.22, 19.17, 19.25, 19.12, 19.22, 1.00, 1.00, 1.29, 1.65, 1.00, 13.44, 13.94, 13.42, 13.39, 13.22, 1.00, 1.01, 1.00, 1.00, 1.00]
  Objective : 49.269

[EVALUATION 650]
  Date/time : 2026-05-22 14:25:13
  x         : [247.11, 48.30, 48.30, 48.30, 48.30, 48.30, 2.50, 2.50, 2.50, 2.50, 2.50, 19.22, 19.17, 19.25, 19.12, 19.22, 1.00, 1.00, 1.29, 1.65, 1.00, 13.44, 13.94, 13.42, 13.39, 13.22, 1.00, 1.01, 1.00, 1.00, 1.00]
  Objective : 49.268

[EVALUATION 651]
  Date/time : 2026-05-22 14:25:18
  x         : [247.11, 48.30, 48.30, 48.30, 48.30, 48.30, 2.50, 2.50, 2.50, 2.50, 2.50, 19.22, 19.17, 19.25, 19.12, 19.22, 1.00, 1.00, 1.29, 1.65, 1.00, 13.46, 13.94, 13.42, 13.39, 13.22, 1.00, 1.01, 1.00, 1.00, 1.00]
  Objective : 49.268

[EVALUATION 652]
  Date/time : 2026-05-22 14:25:24
  x         : [247.11, 48.30, 48.30, 48.30, 48.30, 48.30, 2.50, 2.50, 2.50, 2.50, 2.50, 19.22, 19.17, 19.25, 19.12, 19.22, 1.00, 1.00, 1.29, 1.65, 1.00, 13.44, 13.95, 13.42, 13.39, 13.22, 1.00, 1.01, 1.00, 1.00, 1.00]
  Objective : 49.268

[EVALUATION 653]
  Date/time : 2026-05-22 14:25:30
  x         : [247.11, 48.30, 48.30, 48.30, 48.30, 48.30, 2.50, 2.50, 2.50, 2.50, 2.50, 19.22, 19.17, 19.25, 19.12, 19.22, 1.00, 1.00, 1.29, 1.65, 1.00, 13.44, 13.94, 13.43, 13.39, 13.22, 1.00, 1.01, 1.00, 1.00, 1.00]
  Objective : 49.268

[EVALUATION 654]
  Date/time : 2026-05-22 14:25:35
  x         : [247.11, 48.30, 48.30, 48.30, 48.30, 48.30, 2.50, 2.50, 2.50, 2.50, 2.50, 19.22, 19.17, 19.25, 19.12, 19.22, 1.00, 1.00, 1.29, 1.65, 1.00, 13.44, 13.94, 13.42, 13.40, 13.22, 1.00, 1.01, 1.00, 1.00, 1.00]
  Objective : 49.268

[EVALUATION 655]
  Date/time : 2026-05-22 14:25:41
  x         : [247.11, 48.30, 48.30, 48.30, 48.30, 48.30, 2.50, 2.50, 2.50, 2.50, 2.50, 19.22, 19.17, 19.25, 19.12, 19.22, 1.00, 1.00, 1.29, 1.65, 1.00, 13.44, 13.94, 13.42, 13.39, 13.23, 1.00, 1.01, 1.00, 1.00, 1.00]
  Objective : 49.268

[EVALUATION 656]
  Date/time : 2026-05-22 14:25:48
  x         : [247.11, 48.30, 48.30, 48.30, 48.30, 48.30, 2.50, 2.50, 2.50, 2.50, 2.50, 19.22, 19.17, 19.25, 19.12, 19.22, 1.00, 1.00, 1.29, 1.65, 1.00, 13.44, 13.94, 13.42, 13.39, 13.22, 1.00, 1.01, 1.00, 1.00, 1.00]
  Objective : 49.268

[EVALUATION 657]
  Date/time : 2026-05-22 14:25:53
  x         : [247.11, 48.30, 48.30, 48.30, 48.30, 48.30, 2.50, 2.50, 2.50, 2.50, 2.50, 19.22, 19.17, 19.25, 19.12, 19.22, 1.00, 1.00, 1.29, 1.65, 1.00, 13.44, 13.94, 13.42, 13.39, 13.22, 1.00, 1.01, 1.00, 1.00, 1.00]
  Objective : 49.268

[EVALUATION 658]
  Date/time : 2026-05-22 14:25:59
  x         : [247.11, 48.30, 48.30, 48.30, 48.30, 48.30, 2.50, 2.50, 2.50, 2.50, 2.50, 19.22, 19.17, 19.25, 19.12, 19.22, 1.00, 1.00, 1.29, 1.65, 1.00, 13.44, 13.94, 13.42, 13.39, 13.22, 1.00, 1.01, 1.00, 1.00, 1.00]
  Objective : 49.268

[EVALUATION 659]
  Date/time : 2026-05-22 14:26:05
  x         : [247.11, 48.30, 48.30, 48.30, 48.30, 48.30, 2.50, 2.50, 2.50, 2.50, 2.50, 19.22, 19.17, 19.25, 19.12, 19.22, 1.00, 1.00, 1.29, 1.65, 1.00, 13.44, 13.94, 13.42, 13.39, 13.22, 1.00, 1.01, 1.00, 1.00, 1.00]
  Objective : 49.268

[EVALUATION 660]
  Date/time : 2026-05-22 14:26:11
  x         : [247.11, 48.30, 48.30, 48.30, 48.30, 48.30, 2.50, 2.50, 2.50, 2.50, 2.50, 19.22, 19.17, 19.25, 19.12, 19.22, 1.00, 1.00, 1.29, 1.65, 1.00, 13.44, 13.94, 13.42, 13.39, 13.22, 1.00, 1.01, 1.00, 1.00, 1.00]
  Objective : 49.268

[EVALUATION 661]
  Date/time : 2026-05-22 14:26:16
  x         : [246.81, 48.30, 48.30, 48.30, 48.30, 48.30, 2.50, 2.50, 2.50, 2.50, 2.50, 19.59, 19.56, 19.21, 18.91, 19.60, 1.85, 1.00, 1.32, 2.13, 1.00, 13.05, 13.53, 13.02, 13.05, 12.79, 1.00, 1.00, 1.00, 1.00, 1.00]
  Objective : 51.237

[ITERATION 10]
  Date/time : 2026-05-22 14:26:17
  x         : [246.808362,  48.3     ,  48.3     ,  48.3     ,  48.3     ,  48.3     ,
   2.5     ,   2.5     ,   2.5     ,   2.5     ,   2.5     ,  19.590318,
  19.563845,  19.210864,  18.908429,  19.59702 ,   1.850139,   1.      ,
   1.321249,   2.125471,   1.      ,  13.049515,  13.533254,  13.016165,
  13.045051,  12.787916,   1.      ,   1.      ,   1.      ,   1.      ,
   1.      ]

Util_LB     Column:    0.044  Brace:    0.009
Util_NF     Column:    0.822  Brace:    0.756
Util_S      Column:    0.048  Brace:    0.018
Util_T      Column:    0.056  Brace:    0.082
Util_BR     Column:    1.014  Brace:    0.949
Util_IN     Column:    1.151  Brace:    1.083
Util_BS_sig  Column:    N/A    Brace:    1.314
Util_BS_defl  Column:    N/A    Brace:    0.556
[EVALUATION 662]
  Date/time : 2026-05-22 14:26:22
  x         : [247.06, 48.30, 48.30, 48.30, 48.30, 48.30, 2.50, 2.50, 2.50, 2.50, 2.50, 19.29, 19.25, 19.24, 19.08, 19.29, 1.16, 1.00, 1.30, 1.74, 1.00, 13.37, 13.86, 13.34, 13.32, 13.14, 1.00, 1.00, 1.00, 1.00, 1.00]
  Objective : 49.659

[EVALUATION 663]
  Date/time : 2026-05-22 14:26:28
  x         : [247.10, 48.30, 48.30, 48.30, 48.30, 48.30, 2.50, 2.50, 2.50, 2.50, 2.50, 19.24, 19.19, 19.25, 19.11, 19.24, 1.04, 1.00, 1.29, 1.67, 1.00, 13.42, 13.92, 13.40, 13.37, 13.20, 1.00, 1.01, 1.00, 1.00, 1.00]
  Objective : 49.366

[EVALUATION 664]
  Date/time : 2026-05-22 14:26:34
  x         : [247.11, 48.30, 48.30, 48.30, 48.30, 48.30, 2.50, 2.50, 2.50, 2.50, 2.50, 19.23, 19.18, 19.25, 19.12, 19.23, 1.02, 1.00, 1.29, 1.66, 1.00, 13.43, 13.93, 13.41, 13.38, 13.21, 1.00, 1.01, 1.00, 1.00, 1.00]
  Objective : 49.321

[EVALUATION 665]
  Date/time : 2026-05-22 14:26:40
  x         : [247.35, 48.30, 48.30, 48.30, 48.30, 48.30, 2.50, 2.50, 2.50, 2.50, 2.50, 19.23, 19.18, 19.25, 19.12, 19.23, 1.02, 1.00, 1.29, 1.66, 1.00, 13.43, 13.93, 13.41, 13.38, 13.21, 1.00, 1.01, 1.00, 1.00, 1.00]
  Objective : 49.335

[EVALUATION 666]
  Date/time : 2026-05-22 14:26:45
  x         : [247.11, 48.35, 48.30, 48.30, 48.30, 48.30, 2.50, 2.50, 2.50, 2.50, 2.50, 19.23, 19.18, 19.25, 19.12, 19.23, 1.02, 1.00, 1.29, 1.66, 1.00, 13.43, 13.93, 13.41, 13.38, 13.21, 1.00, 1.01, 1.00, 1.00, 1.00]
  Objective : 49.328

[EVALUATION 667]
  Date/time : 2026-05-22 14:26:51
  x         : [247.11, 48.30, 48.35, 48.30, 48.30, 48.30, 2.50, 2.50, 2.50, 2.50, 2.50, 19.23, 19.18, 19.25, 19.12, 19.23, 1.02, 1.00, 1.29, 1.66, 1.00, 13.43, 13.93, 13.41, 13.38, 13.21, 1.00, 1.01, 1.00, 1.00, 1.00]
  Objective : 49.328

[EVALUATION 668]
  Date/time : 2026-05-22 14:26:57
  x         : [247.11, 48.30, 48.30, 48.35, 48.30, 48.30, 2.50, 2.50, 2.50, 2.50, 2.50, 19.23, 19.18, 19.25, 19.12, 19.23, 1.02, 1.00, 1.29, 1.66, 1.00, 13.43, 13.93, 13.41, 13.38, 13.21, 1.00, 1.01, 1.00, 1.00, 1.00]
  Objective : 49.328

[EVALUATION 669]
  Date/time : 2026-05-22 14:27:02
  x         : [247.11, 48.30, 48.30, 48.30, 48.35, 48.30, 2.50, 2.50, 2.50, 2.50, 2.50, 19.23, 19.18, 19.25, 19.12, 19.23, 1.02, 1.00, 1.29, 1.66, 1.00, 13.43, 13.93, 13.41, 13.38, 13.21, 1.00, 1.01, 1.00, 1.00, 1.00]
  Objective : 49.328

[EVALUATION 670]
  Date/time : 2026-05-22 14:27:08
  x         : [247.11, 48.30, 48.30, 48.30, 48.30, 48.35, 2.50, 2.50, 2.50, 2.50, 2.50, 19.23, 19.18, 19.25, 19.12, 19.23, 1.02, 1.00, 1.29, 1.66, 1.00, 13.43, 13.93, 13.41, 13.38, 13.21, 1.00, 1.01, 1.00, 1.00, 1.00]
  Objective : 49.328

[EVALUATION 671]
  Date/time : 2026-05-22 14:27:13
  x         : [247.11, 48.30, 48.30, 48.30, 48.30, 48.30, 2.50, 2.50, 2.50, 2.50, 2.50, 19.23, 19.18, 19.25, 19.12, 19.23, 1.02, 1.00, 1.29, 1.66, 1.00, 13.43, 13.93, 13.41, 13.38, 13.21, 1.00, 1.01, 1.00, 1.00, 1.00]
  Objective : 49.328

[EVALUATION 672]
  Date/time : 2026-05-22 14:27:19
  x         : [247.11, 48.30, 48.30, 48.30, 48.30, 48.30, 2.50, 2.50, 2.50, 2.50, 2.50, 19.23, 19.18, 19.25, 19.12, 19.23, 1.02, 1.00, 1.29, 1.66, 1.00, 13.43, 13.93, 13.41, 13.38, 13.21, 1.00, 1.01, 1.00, 1.00, 1.00]
  Objective : 49.328

[EVALUATION 673]
  Date/time : 2026-05-22 14:27:25
  x         : [247.11, 48.30, 48.30, 48.30, 48.30, 48.30, 2.50, 2.50, 2.50, 2.50, 2.50, 19.23, 19.18, 19.25, 19.12, 19.23, 1.02, 1.00, 1.29, 1.66, 1.00, 13.43, 13.93, 13.41, 13.38, 13.21, 1.00, 1.01, 1.00, 1.00, 1.00]
  Objective : 49.328

[EVALUATION 674]
  Date/time : 2026-05-22 14:27:31
  x         : [247.11, 48.30, 48.30, 48.30, 48.30, 48.30, 2.50, 2.50, 2.50, 2.50, 2.50, 19.23, 19.18, 19.25, 19.12, 19.23, 1.02, 1.00, 1.29, 1.66, 1.00, 13.43, 13.93, 13.41, 13.38, 13.21, 1.00, 1.01, 1.00, 1.00, 1.00]
  Objective : 49.328

[EVALUATION 675]
  Date/time : 2026-05-22 14:27:37
  x         : [247.11, 48.30, 48.30, 48.30, 48.30, 48.30, 2.50, 2.50, 2.50, 2.50, 2.50, 19.23, 19.18, 19.25, 19.12, 19.23, 1.02, 1.00, 1.29, 1.66, 1.00, 13.43, 13.93, 13.41, 13.38, 13.21, 1.00, 1.01, 1.00, 1.00, 1.00]
  Objective : 49.328

[EVALUATION 676]
  Date/time : 2026-05-22 14:27:43
  x         : [247.11, 48.30, 48.30, 48.30, 48.30, 48.30, 2.50, 2.50, 2.50, 2.50, 2.50, 19.25, 19.18, 19.25, 19.12, 19.23, 1.02, 1.00, 1.29, 1.66, 1.00, 13.43, 13.93, 13.41, 13.38, 13.21, 1.00, 1.01, 1.00, 1.00, 1.00]
  Objective : 49.323

[EVALUATION 677]
  Date/time : 2026-05-22 14:27:48
  x         : [247.11, 48.30, 48.30, 48.30, 48.30, 48.30, 2.50, 2.50, 2.50, 2.50, 2.50, 19.23, 19.20, 19.25, 19.12, 19.23, 1.02, 1.00, 1.29, 1.66, 1.00, 13.43, 13.93, 13.41, 13.38, 13.21, 1.00, 1.01, 1.00, 1.00, 1.00]
  Objective : 49.323

[EVALUATION 678]
  Date/time : 2026-05-22 14:27:54
  x         : [247.11, 48.30, 48.30, 48.30, 48.30, 48.30, 2.50, 2.50, 2.50, 2.50, 2.50, 19.23, 19.18, 19.27, 19.12, 19.23, 1.02, 1.00, 1.29, 1.66, 1.00, 13.43, 13.93, 13.41, 13.38, 13.21, 1.00, 1.01, 1.00, 1.00, 1.00]
  Objective : 49.324

[EVALUATION 679]
  Date/time : 2026-05-22 14:28:00
  x         : [247.11, 48.30, 48.30, 48.30, 48.30, 48.30, 2.50, 2.50, 2.50, 2.50, 2.50, 19.23, 19.18, 19.25, 19.14, 19.23, 1.02, 1.00, 1.29, 1.66, 1.00, 13.43, 13.93, 13.41, 13.38, 13.21, 1.00, 1.01, 1.00, 1.00, 1.00]
  Objective : 49.324

[EVALUATION 680]
  Date/time : 2026-05-22 14:28:05
  x         : [247.11, 48.30, 48.30, 48.30, 48.30, 48.30, 2.50, 2.50, 2.50, 2.50, 2.50, 19.23, 19.18, 19.25, 19.12, 19.25, 1.02, 1.00, 1.29, 1.66, 1.00, 13.43, 13.93, 13.41, 13.38, 13.21, 1.00, 1.01, 1.00, 1.00, 1.00]
  Objective : 49.323

[EVALUATION 681]
  Date/time : 2026-05-22 14:28:11
  x         : [247.11, 48.30, 48.30, 48.30, 48.30, 48.30, 2.50, 2.50, 2.50, 2.50, 2.50, 19.23, 19.18, 19.25, 19.12, 19.23, 1.02, 1.00, 1.29, 1.66, 1.00, 13.43, 13.93, 13.41, 13.38, 13.21, 1.00, 1.01, 1.00, 1.00, 1.00]
  Objective : 49.323

[EVALUATION 682]
  Date/time : 2026-05-22 14:28:17
  x         : [247.11, 48.30, 48.30, 48.30, 48.30, 48.30, 2.50, 2.50, 2.50, 2.50, 2.50, 19.23, 19.18, 19.25, 19.12, 19.23, 1.02, 1.00, 1.29, 1.66, 1.00, 13.43, 13.93, 13.41, 13.38, 13.21, 1.00, 1.01, 1.00, 1.00, 1.00]
  Objective : 49.323

[EVALUATION 683]
  Date/time : 2026-05-22 14:28:22
  x         : [247.11, 48.30, 48.30, 48.30, 48.30, 48.30, 2.50, 2.50, 2.50, 2.50, 2.50, 19.23, 19.18, 19.25, 19.12, 19.23, 1.02, 1.00, 1.30, 1.66, 1.00, 13.43, 13.93, 13.41, 13.38, 13.21, 1.00, 1.01, 1.00, 1.00, 1.00]
  Objective : 49.323

[EVALUATION 684]
  Date/time : 2026-05-22 14:28:28
  x         : [247.11, 48.30, 48.30, 48.30, 48.30, 48.30, 2.50, 2.50, 2.50, 2.50, 2.50, 19.23, 19.18, 19.25, 19.12, 19.23, 1.02, 1.00, 1.29, 1.67, 1.00, 13.43, 13.93, 13.41, 13.38, 13.21, 1.00, 1.01, 1.00, 1.00, 1.00]
  Objective : 49.324

[EVALUATION 685]
  Date/time : 2026-05-22 14:28:33
  x         : [247.11, 48.30, 48.30, 48.30, 48.30, 48.30, 2.50, 2.50, 2.50, 2.50, 2.50, 19.23, 19.18, 19.25, 19.12, 19.23, 1.02, 1.00, 1.29, 1.66, 1.00, 13.43, 13.93, 13.41, 13.38, 13.21, 1.00, 1.01, 1.00, 1.00, 1.00]
  Objective : 49.323

[EVALUATION 686]
  Date/time : 2026-05-22 14:28:39
  x         : [247.11, 48.30, 48.30, 48.30, 48.30, 48.30, 2.50, 2.50, 2.50, 2.50, 2.50, 19.23, 19.18, 19.25, 19.12, 19.23, 1.02, 1.00, 1.29, 1.66, 1.00, 13.45, 13.93, 13.41, 13.38, 13.21, 1.00, 1.01, 1.00, 1.00, 1.00]
  Objective : 49.322

[EVALUATION 687]
  Date/time : 2026-05-22 14:28:44
  x         : [247.11, 48.30, 48.30, 48.30, 48.30, 48.30, 2.50, 2.50, 2.50, 2.50, 2.50, 19.23, 19.18, 19.25, 19.12, 19.23, 1.02, 1.00, 1.29, 1.66, 1.00, 13.43, 13.94, 13.41, 13.38, 13.21, 1.00, 1.01, 1.00, 1.00, 1.00]
  Objective : 49.322

[EVALUATION 688]
  Date/time : 2026-05-22 14:28:50
  x         : [247.11, 48.30, 48.30, 48.30, 48.30, 48.30, 2.50, 2.50, 2.50, 2.50, 2.50, 19.23, 19.18, 19.25, 19.12, 19.23, 1.02, 1.00, 1.29, 1.66, 1.00, 13.43, 13.93, 13.42, 13.38, 13.21, 1.00, 1.01, 1.00, 1.00, 1.00]
  Objective : 49.322

[EVALUATION 689]
  Date/time : 2026-05-22 14:28:56
  x         : [247.11, 48.30, 48.30, 48.30, 48.30, 48.30, 2.50, 2.50, 2.50, 2.50, 2.50, 19.23, 19.18, 19.25, 19.12, 19.23, 1.02, 1.00, 1.29, 1.66, 1.00, 13.43, 13.93, 13.41, 13.39, 13.21, 1.00, 1.01, 1.00, 1.00, 1.00]
  Objective : 49.322

[EVALUATION 690]
  Date/time : 2026-05-22 14:29:01
  x         : [247.11, 48.30, 48.30, 48.30, 48.30, 48.30, 2.50, 2.50, 2.50, 2.50, 2.50, 19.23, 19.18, 19.25, 19.12, 19.23, 1.02, 1.00, 1.29, 1.66, 1.00, 13.43, 13.93, 13.41, 13.38, 13.22, 1.00, 1.01, 1.00, 1.00, 1.00]
  Objective : 49.322

[EVALUATION 691]
  Date/time : 2026-05-22 14:29:07
  x         : [247.11, 48.30, 48.30, 48.30, 48.30, 48.30, 2.50, 2.50, 2.50, 2.50, 2.50, 19.23, 19.18, 19.25, 19.12, 19.23, 1.02, 1.00, 1.29, 1.66, 1.00, 13.43, 13.93, 13.41, 13.38, 13.21, 1.00, 1.01, 1.00, 1.00, 1.00]
  Objective : 49.322

[EVALUATION 692]
  Date/time : 2026-05-22 14:29:13
  x         : [247.11, 48.30, 48.30, 48.30, 48.30, 48.30, 2.50, 2.50, 2.50, 2.50, 2.50, 19.23, 19.18, 19.25, 19.12, 19.23, 1.02, 1.00, 1.29, 1.66, 1.00, 13.43, 13.93, 13.41, 13.38, 13.21, 1.00, 1.01, 1.00, 1.00, 1.00]
  Objective : 49.322

[EVALUATION 693]
  Date/time : 2026-05-22 14:29:18
  x         : [247.11, 48.30, 48.30, 48.30, 48.30, 48.30, 2.50, 2.50, 2.50, 2.50, 2.50, 19.23, 19.18, 19.25, 19.12, 19.23, 1.02, 1.00, 1.29, 1.66, 1.00, 13.43, 13.93, 13.41, 13.38, 13.21, 1.00, 1.01, 1.00, 1.00, 1.00]
  Objective : 49.322

[EVALUATION 694]
  Date/time : 2026-05-22 14:29:24
  x         : [247.11, 48.30, 48.30, 48.30, 48.30, 48.30, 2.50, 2.50, 2.50, 2.50, 2.50, 19.23, 19.18, 19.25, 19.12, 19.23, 1.02, 1.00, 1.29, 1.66, 1.00, 13.43, 13.93, 13.41, 13.38, 13.21, 1.00, 1.01, 1.00, 1.00, 1.00]
  Objective : 49.322

[EVALUATION 695]
  Date/time : 2026-05-22 14:29:30
  x         : [247.11, 48.30, 48.30, 48.30, 48.30, 48.30, 2.50, 2.50, 2.50, 2.50, 2.50, 19.23, 19.18, 19.25, 19.12, 19.23, 1.02, 1.00, 1.29, 1.66, 1.00, 13.43, 13.93, 13.41, 13.38, 13.21, 1.00, 1.01, 1.00, 1.00, 1.00]
  Objective : 49.322

[EVALUATION 696]
  Date/time : 2026-05-22 14:29:35
  x         : [247.11, 48.30, 48.30, 48.30, 48.30, 48.30, 2.50, 2.50, 2.50, 2.50, 2.50, 19.23, 19.18, 19.25, 19.12, 19.23, 1.02, 1.00, 1.29, 1.66, 1.00, 13.43, 13.93, 13.41, 13.38, 13.21, 1.00, 1.01, 1.00, 1.00, 1.00]
  Objective : 49.321

[EVALUATION 697]
  Date/time : 2026-05-22 14:29:41
  x         : [247.35, 48.30, 48.30, 48.30, 48.30, 48.30, 2.50, 2.50, 2.50, 2.50, 2.50, 19.23, 19.18, 19.25, 19.12, 19.23, 1.02, 1.00, 1.29, 1.66, 1.00, 13.43, 13.93, 13.41, 13.38, 13.21, 1.00, 1.01, 1.00, 1.00, 1.00]
  Objective : 49.335

[EVALUATION 698]
  Date/time : 2026-05-22 14:29:47
  x         : [247.11, 48.35, 48.30, 48.30, 48.30, 48.30, 2.50, 2.50, 2.50, 2.50, 2.50, 19.23, 19.18, 19.25, 19.12, 19.23, 1.02, 1.00, 1.29, 1.66, 1.00, 13.43, 13.93, 13.41, 13.38, 13.21, 1.00, 1.01, 1.00, 1.00, 1.00]
  Objective : 49.328

[EVALUATION 699]
  Date/time : 2026-05-22 14:29:52
  x         : [247.11, 48.30, 48.35, 48.30, 48.30, 48.30, 2.50, 2.50, 2.50, 2.50, 2.50, 19.23, 19.18, 19.25, 19.12, 19.23, 1.02, 1.00, 1.29, 1.66, 1.00, 13.43, 13.93, 13.41, 13.38, 13.21, 1.00, 1.01, 1.00, 1.00, 1.00]
  Objective : 49.328

[EVALUATION 700]
  Date/time : 2026-05-22 14:29:58
  x         : [247.11, 48.30, 48.30, 48.35, 48.30, 48.30, 2.50, 2.50, 2.50, 2.50, 2.50, 19.23, 19.18, 19.25, 19.12, 19.23, 1.02, 1.00, 1.29, 1.66, 1.00, 13.43, 13.93, 13.41, 13.38, 13.21, 1.00, 1.01, 1.00, 1.00, 1.00]
  Objective : 49.328

[EVALUATION 701]
  Date/time : 2026-05-22 14:30:04
  x         : [247.11, 48.30, 48.30, 48.30, 48.35, 48.30, 2.50, 2.50, 2.50, 2.50, 2.50, 19.23, 19.18, 19.25, 19.12, 19.23, 1.02, 1.00, 1.29, 1.66, 1.00, 13.43, 13.93, 13.41, 13.38, 13.21, 1.00, 1.01, 1.00, 1.00, 1.00]
  Objective : 49.328

[EVALUATION 702]
  Date/time : 2026-05-22 14:30:09
  x         : [247.11, 48.30, 48.30, 48.30, 48.30, 48.35, 2.50, 2.50, 2.50, 2.50, 2.50, 19.23, 19.18, 19.25, 19.12, 19.23, 1.02, 1.00, 1.29, 1.66, 1.00, 13.43, 13.93, 13.41, 13.38, 13.21, 1.00, 1.01, 1.00, 1.00, 1.00]
  Objective : 49.328

[EVALUATION 703]
  Date/time : 2026-05-22 14:30:15
  x         : [247.11, 48.30, 48.30, 48.30, 48.30, 48.30, 2.50, 2.50, 2.50, 2.50, 2.50, 19.23, 19.18, 19.25, 19.12, 19.23, 1.02, 1.00, 1.29, 1.66, 1.00, 13.43, 13.93, 13.41, 13.38, 13.21, 1.00, 1.01, 1.00, 1.00, 1.00]
  Objective : 49.328

[EVALUATION 704]
  Date/time : 2026-05-22 14:30:21
  x         : [247.11, 48.30, 48.30, 48.30, 48.30, 48.30, 2.50, 2.50, 2.50, 2.50, 2.50, 19.23, 19.18, 19.25, 19.12, 19.23, 1.02, 1.00, 1.29, 1.66, 1.00, 13.43, 13.93, 13.41, 13.38, 13.21, 1.00, 1.01, 1.00, 1.00, 1.00]
  Objective : 49.328

[EVALUATION 705]
  Date/time : 2026-05-22 14:30:26
  x         : [247.11, 48.30, 48.30, 48.30, 48.30, 48.30, 2.50, 2.50, 2.50, 2.50, 2.50, 19.23, 19.18, 19.25, 19.12, 19.23, 1.02, 1.00, 1.29, 1.66, 1.00, 13.43, 13.93, 13.41, 13.38, 13.21, 1.00, 1.01, 1.00, 1.00, 1.00]
  Objective : 49.328

[EVALUATION 706]
  Date/time : 2026-05-22 14:30:32
  x         : [247.11, 48.30, 48.30, 48.30, 48.30, 48.30, 2.50, 2.50, 2.50, 2.50, 2.50, 19.23, 19.18, 19.25, 19.12, 19.23, 1.02, 1.00, 1.29, 1.66, 1.00, 13.43, 13.93, 13.41, 13.38, 13.21, 1.00, 1.01, 1.00, 1.00, 1.00]
  Objective : 49.328

[EVALUATION 707]
  Date/time : 2026-05-22 14:30:38
  x         : [247.11, 48.30, 48.30, 48.30, 48.30, 48.30, 2.50, 2.50, 2.50, 2.50, 2.50, 19.23, 19.18, 19.25, 19.12, 19.23, 1.02, 1.00, 1.29, 1.66, 1.00, 13.43, 13.93, 13.41, 13.38, 13.21, 1.00, 1.01, 1.00, 1.00, 1.00]
  Objective : 49.328

[EVALUATION 708]
  Date/time : 2026-05-22 14:30:43
  x         : [247.11, 48.30, 48.30, 48.30, 48.30, 48.30, 2.50, 2.50, 2.50, 2.50, 2.50, 19.25, 19.18, 19.25, 19.12, 19.23, 1.02, 1.00, 1.29, 1.66, 1.00, 13.43, 13.93, 13.41, 13.38, 13.21, 1.00, 1.01, 1.00, 1.00, 1.00]
  Objective : 49.323

[EVALUATION 709]
  Date/time : 2026-05-22 14:30:49
  x         : [247.11, 48.30, 48.30, 48.30, 48.30, 48.30, 2.50, 2.50, 2.50, 2.50, 2.50, 19.23, 19.20, 19.25, 19.12, 19.23, 1.02, 1.00, 1.29, 1.66, 1.00, 13.43, 13.93, 13.41, 13.38, 13.21, 1.00, 1.01, 1.00, 1.00, 1.00]
  Objective : 49.323

[EVALUATION 710]
  Date/time : 2026-05-22 14:30:55
  x         : [247.11, 48.30, 48.30, 48.30, 48.30, 48.30, 2.50, 2.50, 2.50, 2.50, 2.50, 19.23, 19.18, 19.27, 19.12, 19.23, 1.02, 1.00, 1.29, 1.66, 1.00, 13.43, 13.93, 13.41, 13.38, 13.21, 1.00, 1.01, 1.00, 1.00, 1.00]
  Objective : 49.324

[EVALUATION 711]
  Date/time : 2026-05-22 14:31:01
  x         : [247.11, 48.30, 48.30, 48.30, 48.30, 48.30, 2.50, 2.50, 2.50, 2.50, 2.50, 19.23, 19.18, 19.25, 19.14, 19.23, 1.02, 1.00, 1.29, 1.66, 1.00, 13.43, 13.93, 13.41, 13.38, 13.21, 1.00, 1.01, 1.00, 1.00, 1.00]
  Objective : 49.324

[EVALUATION 712]
  Date/time : 2026-05-22 14:31:06
  x         : [247.11, 48.30, 48.30, 48.30, 48.30, 48.30, 2.50, 2.50, 2.50, 2.50, 2.50, 19.23, 19.18, 19.25, 19.12, 19.25, 1.02, 1.00, 1.29, 1.66, 1.00, 13.43, 13.93, 13.41, 13.38, 13.21, 1.00, 1.01, 1.00, 1.00, 1.00]
  Objective : 49.323

[EVALUATION 713]
  Date/time : 2026-05-22 14:31:12
  x         : [247.11, 48.30, 48.30, 48.30, 48.30, 48.30, 2.50, 2.50, 2.50, 2.50, 2.50, 19.23, 19.18, 19.25, 19.12, 19.23, 1.02, 1.00, 1.29, 1.66, 1.00, 13.43, 13.93, 13.41, 13.38, 13.21, 1.00, 1.01, 1.00, 1.00, 1.00]
  Objective : 49.323

[EVALUATION 714]
  Date/time : 2026-05-22 14:31:18
  x         : [247.11, 48.30, 48.30, 48.30, 48.30, 48.30, 2.50, 2.50, 2.50, 2.50, 2.50, 19.23, 19.18, 19.25, 19.12, 19.23, 1.02, 1.00, 1.29, 1.66, 1.00, 13.43, 13.93, 13.41, 13.38, 13.21, 1.00, 1.01, 1.00, 1.00, 1.00]
  Objective : 49.323

[EVALUATION 715]
  Date/time : 2026-05-22 14:31:23
  x         : [247.11, 48.30, 48.30, 48.30, 48.30, 48.30, 2.50, 2.50, 2.50, 2.50, 2.50, 19.23, 19.18, 19.25, 19.12, 19.23, 1.02, 1.00, 1.30, 1.66, 1.00, 13.43, 13.93, 13.41, 13.38, 13.21, 1.00, 1.01, 1.00, 1.00, 1.00]
  Objective : 49.323

[EVALUATION 716]
  Date/time : 2026-05-22 14:31:29
  x         : [247.11, 48.30, 48.30, 48.30, 48.30, 48.30, 2.50, 2.50, 2.50, 2.50, 2.50, 19.23, 19.18, 19.25, 19.12, 19.23, 1.02, 1.00, 1.29, 1.67, 1.00, 13.43, 13.93, 13.41, 13.38, 13.21, 1.00, 1.01, 1.00, 1.00, 1.00]
  Objective : 49.324

[EVALUATION 717]
  Date/time : 2026-05-22 14:31:35
  x         : [247.11, 48.30, 48.30, 48.30, 48.30, 48.30, 2.50, 2.50, 2.50, 2.50, 2.50, 19.23, 19.18, 19.25, 19.12, 19.23, 1.02, 1.00, 1.29, 1.66, 1.00, 13.43, 13.93, 13.41, 13.38, 13.21, 1.00, 1.01, 1.00, 1.00, 1.00]
  Objective : 49.323

[EVALUATION 718]
  Date/time : 2026-05-22 14:31:40
  x         : [247.11, 48.30, 48.30, 48.30, 48.30, 48.30, 2.50, 2.50, 2.50, 2.50, 2.50, 19.23, 19.18, 19.25, 19.12, 19.23, 1.02, 1.00, 1.29, 1.66, 1.00, 13.45, 13.93, 13.41, 13.38, 13.21, 1.00, 1.01, 1.00, 1.00, 1.00]
  Objective : 49.322

[EVALUATION 719]
  Date/time : 2026-05-22 14:31:46
  x         : [247.11, 48.30, 48.30, 48.30, 48.30, 48.30, 2.50, 2.50, 2.50, 2.50, 2.50, 19.23, 19.18, 19.25, 19.12, 19.23, 1.02, 1.00, 1.29, 1.66, 1.00, 13.43, 13.94, 13.41, 13.38, 13.21, 1.00, 1.01, 1.00, 1.00, 1.00]
  Objective : 49.322

[EVALUATION 720]
  Date/time : 2026-05-22 14:31:52
  x         : [247.11, 48.30, 48.30, 48.30, 48.30, 48.30, 2.50, 2.50, 2.50, 2.50, 2.50, 19.23, 19.18, 19.25, 19.12, 19.23, 1.02, 1.00, 1.29, 1.66, 1.00, 13.43, 13.93, 13.42, 13.38, 13.21, 1.00, 1.01, 1.00, 1.00, 1.00]
  Objective : 49.322

[EVALUATION 721]
  Date/time : 2026-05-22 14:31:57
  x         : [247.11, 48.30, 48.30, 48.30, 48.30, 48.30, 2.50, 2.50, 2.50, 2.50, 2.50, 19.23, 19.18, 19.25, 19.12, 19.23, 1.02, 1.00, 1.29, 1.66, 1.00, 13.43, 13.93, 13.41, 13.39, 13.21, 1.00, 1.01, 1.00, 1.00, 1.00]
  Objective : 49.322

[EVALUATION 722]
  Date/time : 2026-05-22 14:32:03
  x         : [247.11, 48.30, 48.30, 48.30, 48.30, 48.30, 2.50, 2.50, 2.50, 2.50, 2.50, 19.23, 19.18, 19.25, 19.12, 19.23, 1.02, 1.00, 1.29, 1.66, 1.00, 13.43, 13.93, 13.41, 13.38, 13.22, 1.00, 1.01, 1.00, 1.00, 1.00]
  Objective : 49.322

[EVALUATION 723]
  Date/time : 2026-05-22 14:32:09
  x         : [247.11, 48.30, 48.30, 48.30, 48.30, 48.30, 2.50, 2.50, 2.50, 2.50, 2.50, 19.23, 19.18, 19.25, 19.12, 19.23, 1.02, 1.00, 1.29, 1.66, 1.00, 13.43, 13.93, 13.41, 13.38, 13.21, 1.00, 1.01, 1.00, 1.00, 1.00]
  Objective : 49.322

[EVALUATION 724]
  Date/time : 2026-05-22 14:32:15
  x         : [247.11, 48.30, 48.30, 48.30, 48.30, 48.30, 2.50, 2.50, 2.50, 2.50, 2.50, 19.23, 19.18, 19.25, 19.12, 19.23, 1.02, 1.00, 1.29, 1.66, 1.00, 13.43, 13.93, 13.41, 13.38, 13.21, 1.00, 1.01, 1.00, 1.00, 1.00]
  Objective : 49.322

[EVALUATION 725]
  Date/time : 2026-05-22 14:32:20
  x         : [247.11, 48.30, 48.30, 48.30, 48.30, 48.30, 2.50, 2.50, 2.50, 2.50, 2.50, 19.23, 19.18, 19.25, 19.12, 19.23, 1.02, 1.00, 1.29, 1.66, 1.00, 13.43, 13.93, 13.41, 13.38, 13.21, 1.00, 1.01, 1.00, 1.00, 1.00]
  Objective : 49.322

[EVALUATION 726]
  Date/time : 2026-05-22 14:32:26
  x         : [247.11, 48.30, 48.30, 48.30, 48.30, 48.30, 2.50, 2.50, 2.50, 2.50, 2.50, 19.23, 19.18, 19.25, 19.12, 19.23, 1.02, 1.00, 1.29, 1.66, 1.00, 13.43, 13.93, 13.41, 13.38, 13.21, 1.00, 1.01, 1.00, 1.00, 1.00]
  Objective : 49.322

[EVALUATION 727]
  Date/time : 2026-05-22 14:32:32
  x         : [247.11, 48.30, 48.30, 48.30, 48.30, 48.30, 2.50, 2.50, 2.50, 2.50, 2.50, 19.23, 19.18, 19.25, 19.12, 19.23, 1.02, 1.00, 1.29, 1.66, 1.00, 13.43, 13.93, 13.41, 13.38, 13.21, 1.00, 1.01, 1.00, 1.00, 1.00]
  Objective : 49.322

[EVALUATION 728]
  Date/time : 2026-05-22 14:32:38
  x         : [246.81, 48.30, 48.30, 48.30, 48.30, 48.30, 2.50, 2.50, 2.50, 2.50, 2.50, 19.73, 20.04, 19.18, 18.71, 20.05, 1.27, 1.36, 1.29, 2.57, 1.04, 12.98, 13.49, 12.94, 13.02, 12.70, 1.00, 1.00, 1.00, 1.00, 1.00]
  Objective : 51.583

[ITERATION 11]
  Date/time : 2026-05-22 14:32:39
  x         : [246.807157,  48.3     ,  48.3     ,  48.3     ,  48.3     ,  48.3     ,
   2.5     ,   2.5     ,   2.5     ,   2.5     ,   2.5     ,  19.732946,
  20.043798,  19.178373,  18.713434,  20.053125,   1.269788,   1.35779 ,
   1.293671,   2.570497,   1.037883,  12.981974,  13.488814,  12.936519,
  13.015907,  12.700281,   1.      ,   1.      ,   1.      ,   1.      ,
   1.      ]

Util_LB     Column:    0.044  Brace:    0.009
Util_NF     Column:    0.822  Brace:    0.759
Util_S      Column:    0.048  Brace:    0.018
Util_T      Column:    0.056  Brace:    0.083
Util_BR     Column:    1.017  Brace:    0.955
Util_IN     Column:    1.157  Brace:    1.092
Util_BS_sig  Column:    N/A    Brace:    1.208
Util_BS_defl  Column:    N/A    Brace:    0.499
[EVALUATION 729]
  Date/time : 2026-05-22 14:32:44
  x         : [247.01, 48.30, 48.30, 48.30, 48.30, 48.30, 2.50, 2.50, 2.50, 2.50, 2.50, 19.38, 19.45, 19.23, 18.99, 19.48, 1.10, 1.11, 1.29, 1.94, 1.01, 13.30, 13.79, 13.26, 13.27, 13.05, 1.00, 1.00, 1.00, 1.00, 1.00]
  Objective : 50.031

[EVALUATION 730]
  Date/time : 2026-05-22 14:32:50
  x         : [247.26, 48.30, 48.30, 48.30, 48.30, 48.30, 2.50, 2.50, 2.50, 2.50, 2.50, 19.38, 19.45, 19.23, 18.99, 19.48, 1.10, 1.11, 1.29, 1.94, 1.01, 13.30, 13.79, 13.26, 13.27, 13.05, 1.00, 1.00, 1.00, 1.00, 1.00]
  Objective : 50.045

[EVALUATION 731]
  Date/time : 2026-05-22 14:32:55
  x         : [247.01, 48.35, 48.30, 48.30, 48.30, 48.30, 2.50, 2.50, 2.50, 2.50, 2.50, 19.38, 19.45, 19.23, 18.99, 19.48, 1.10, 1.11, 1.29, 1.94, 1.01, 13.30, 13.79, 13.26, 13.27, 13.05, 1.00, 1.00, 1.00, 1.00, 1.00]
  Objective : 50.038

[EVALUATION 732]
  Date/time : 2026-05-22 14:33:01
  x         : [247.01, 48.30, 48.35, 48.30, 48.30, 48.30, 2.50, 2.50, 2.50, 2.50, 2.50, 19.38, 19.45, 19.23, 18.99, 19.48, 1.10, 1.11, 1.29, 1.94, 1.01, 13.30, 13.79, 13.26, 13.27, 13.05, 1.00, 1.00, 1.00, 1.00, 1.00]
  Objective : 50.038

[EVALUATION 733]
  Date/time : 2026-05-22 14:33:06
  x         : [247.01, 48.30, 48.30, 48.35, 48.30, 48.30, 2.50, 2.50, 2.50, 2.50, 2.50, 19.38, 19.45, 19.23, 18.99, 19.48, 1.10, 1.11, 1.29, 1.94, 1.01, 13.30, 13.79, 13.26, 13.27, 13.05, 1.00, 1.00, 1.00, 1.00, 1.00]
  Objective : 50.038

[EVALUATION 734]
  Date/time : 2026-05-22 14:33:12
  x         : [247.01, 48.30, 48.30, 48.30, 48.35, 48.30, 2.50, 2.50, 2.50, 2.50, 2.50, 19.38, 19.45, 19.23, 18.99, 19.48, 1.10, 1.11, 1.29, 1.94, 1.01, 13.30, 13.79, 13.26, 13.27, 13.05, 1.00, 1.00, 1.00, 1.00, 1.00]
  Objective : 50.038

[EVALUATION 735]
  Date/time : 2026-05-22 14:33:18
  x         : [247.01, 48.30, 48.30, 48.30, 48.30, 48.35, 2.50, 2.50, 2.50, 2.50, 2.50, 19.38, 19.45, 19.23, 18.99, 19.48, 1.10, 1.11, 1.29, 1.94, 1.01, 13.30, 13.79, 13.26, 13.27, 13.05, 1.00, 1.00, 1.00, 1.00, 1.00]
  Objective : 50.038

[EVALUATION 736]
  Date/time : 2026-05-22 14:33:23
  x         : [247.01, 48.30, 48.30, 48.30, 48.30, 48.30, 2.50, 2.50, 2.50, 2.50, 2.50, 19.38, 19.45, 19.23, 18.99, 19.48, 1.10, 1.11, 1.29, 1.94, 1.01, 13.30, 13.79, 13.26, 13.27, 13.05, 1.00, 1.00, 1.00, 1.00, 1.00]
  Objective : 50.037

[EVALUATION 737]
  Date/time : 2026-05-22 14:33:29
  x         : [247.01, 48.30, 48.30, 48.30, 48.30, 48.30, 2.50, 2.50, 2.50, 2.50, 2.50, 19.38, 19.45, 19.23, 18.99, 19.48, 1.10, 1.11, 1.29, 1.94, 1.01, 13.30, 13.79, 13.26, 13.27, 13.05, 1.00, 1.00, 1.00, 1.00, 1.00]
  Objective : 50.037

[EVALUATION 738]
  Date/time : 2026-05-22 14:33:34
  x         : [247.01, 48.30, 48.30, 48.30, 48.30, 48.30, 2.50, 2.50, 2.50, 2.50, 2.50, 19.38, 19.45, 19.23, 18.99, 19.48, 1.10, 1.11, 1.29, 1.94, 1.01, 13.30, 13.79, 13.26, 13.27, 13.05, 1.00, 1.00, 1.00, 1.00, 1.00]
  Objective : 50.037

[EVALUATION 739]
  Date/time : 2026-05-22 14:33:40
  x         : [247.01, 48.30, 48.30, 48.30, 48.30, 48.30, 2.50, 2.50, 2.50, 2.50, 2.50, 19.38, 19.45, 19.23, 18.99, 19.48, 1.10, 1.11, 1.29, 1.94, 1.01, 13.30, 13.79, 13.26, 13.27, 13.05, 1.00, 1.00, 1.00, 1.00, 1.00]
  Objective : 50.037

[EVALUATION 740]
  Date/time : 2026-05-22 14:33:46
  x         : [247.01, 48.30, 48.30, 48.30, 48.30, 48.30, 2.50, 2.50, 2.50, 2.50, 2.50, 19.38, 19.45, 19.23, 18.99, 19.48, 1.10, 1.11, 1.29, 1.94, 1.01, 13.30, 13.79, 13.26, 13.27, 13.05, 1.00, 1.00, 1.00, 1.00, 1.00]
  Objective : 50.037

[EVALUATION 741]
  Date/time : 2026-05-22 14:33:52
  x         : [247.01, 48.30, 48.30, 48.30, 48.30, 48.30, 2.50, 2.50, 2.50, 2.50, 2.50, 19.40, 19.45, 19.23, 18.99, 19.48, 1.10, 1.11, 1.29, 1.94, 1.01, 13.30, 13.79, 13.26, 13.27, 13.05, 1.00, 1.00, 1.00, 1.00, 1.00]
  Objective : 50.033

[EVALUATION 742]
  Date/time : 2026-05-22 14:33:57
  x         : [247.01, 48.30, 48.30, 48.30, 48.30, 48.30, 2.50, 2.50, 2.50, 2.50, 2.50, 19.38, 19.47, 19.23, 18.99, 19.48, 1.10, 1.11, 1.29, 1.94, 1.01, 13.30, 13.79, 13.26, 13.27, 13.05, 1.00, 1.00, 1.00, 1.00, 1.00]
  Objective : 50.033

[EVALUATION 743]
  Date/time : 2026-05-22 14:34:03
  x         : [247.01, 48.30, 48.30, 48.30, 48.30, 48.30, 2.50, 2.50, 2.50, 2.50, 2.50, 19.38, 19.45, 19.25, 18.99, 19.48, 1.10, 1.11, 1.29, 1.94, 1.01, 13.30, 13.79, 13.26, 13.27, 13.05, 1.00, 1.00, 1.00, 1.00, 1.00]
  Objective : 50.033

[EVALUATION 744]
  Date/time : 2026-05-22 14:34:09
  x         : [247.01, 48.30, 48.30, 48.30, 48.30, 48.30, 2.50, 2.50, 2.50, 2.50, 2.50, 19.38, 19.45, 19.23, 19.01, 19.48, 1.10, 1.11, 1.29, 1.94, 1.01, 13.30, 13.79, 13.26, 13.27, 13.05, 1.00, 1.00, 1.00, 1.00, 1.00]
  Objective : 50.034

[EVALUATION 745]
  Date/time : 2026-05-22 14:34:14
  x         : [247.01, 48.30, 48.30, 48.30, 48.30, 48.30, 2.50, 2.50, 2.50, 2.50, 2.50, 19.38, 19.45, 19.23, 18.99, 19.50, 1.10, 1.11, 1.29, 1.94, 1.01, 13.30, 13.79, 13.26, 13.27, 13.05, 1.00, 1.00, 1.00, 1.00, 1.00]
  Objective : 50.032

[EVALUATION 746]
  Date/time : 2026-05-22 14:34:20
  x         : [247.01, 48.30, 48.30, 48.30, 48.30, 48.30, 2.50, 2.50, 2.50, 2.50, 2.50, 19.38, 19.45, 19.23, 18.99, 19.48, 1.10, 1.11, 1.29, 1.94, 1.01, 13.30, 13.79, 13.26, 13.27, 13.05, 1.00, 1.00, 1.00, 1.00, 1.00]
  Objective : 50.032

[EVALUATION 747]
  Date/time : 2026-05-22 14:34:26
  x         : [247.01, 48.30, 48.30, 48.30, 48.30, 48.30, 2.50, 2.50, 2.50, 2.50, 2.50, 19.38, 19.45, 19.23, 18.99, 19.48, 1.10, 1.11, 1.29, 1.94, 1.01, 13.30, 13.79, 13.26, 13.27, 13.05, 1.00, 1.00, 1.00, 1.00, 1.00]
  Objective : 50.032

[EVALUATION 748]
  Date/time : 2026-05-22 14:34:31
  x         : [247.01, 48.30, 48.30, 48.30, 48.30, 48.30, 2.50, 2.50, 2.50, 2.50, 2.50, 19.38, 19.45, 19.23, 18.99, 19.48, 1.10, 1.11, 1.29, 1.94, 1.01, 13.30, 13.79, 13.26, 13.27, 13.05, 1.00, 1.00, 1.00, 1.00, 1.00]
  Objective : 50.033

[EVALUATION 749]
  Date/time : 2026-05-22 14:34:37
  x         : [247.01, 48.30, 48.30, 48.30, 48.30, 48.30, 2.50, 2.50, 2.50, 2.50, 2.50, 19.38, 19.45, 19.23, 18.99, 19.48, 1.10, 1.11, 1.29, 1.94, 1.01, 13.30, 13.79, 13.26, 13.27, 13.05, 1.00, 1.00, 1.00, 1.00, 1.00]
  Objective : 50.033

[EVALUATION 750]
  Date/time : 2026-05-22 14:34:43
  x         : [247.01, 48.30, 48.30, 48.30, 48.30, 48.30, 2.50, 2.50, 2.50, 2.50, 2.50, 19.38, 19.45, 19.23, 18.99, 19.48, 1.10, 1.11, 1.29, 1.94, 1.01, 13.30, 13.79, 13.26, 13.27, 13.05, 1.00, 1.00, 1.00, 1.00, 1.00]
  Objective : 50.032

[EVALUATION 751]
  Date/time : 2026-05-22 14:34:49
  x         : [247.01, 48.30, 48.30, 48.30, 48.30, 48.30, 2.50, 2.50, 2.50, 2.50, 2.50, 19.38, 19.45, 19.23, 18.99, 19.48, 1.10, 1.11, 1.29, 1.94, 1.01, 13.31, 13.79, 13.26, 13.27, 13.05, 1.00, 1.00, 1.00, 1.00, 1.00]
  Objective : 50.032

[EVALUATION 752]
  Date/time : 2026-05-22 14:34:54
  x         : [247.01, 48.30, 48.30, 48.30, 48.30, 48.30, 2.50, 2.50, 2.50, 2.50, 2.50, 19.38, 19.45, 19.23, 18.99, 19.48, 1.10, 1.11, 1.29, 1.94, 1.01, 13.30, 13.81, 13.26, 13.27, 13.05, 1.00, 1.00, 1.00, 1.00, 1.00]
  Objective : 50.032

[EVALUATION 753]
  Date/time : 2026-05-22 14:35:00
  x         : [247.01, 48.30, 48.30, 48.30, 48.30, 48.30, 2.50, 2.50, 2.50, 2.50, 2.50, 19.38, 19.45, 19.23, 18.99, 19.48, 1.10, 1.11, 1.29, 1.94, 1.01, 13.30, 13.79, 13.28, 13.27, 13.05, 1.00, 1.00, 1.00, 1.00, 1.00]
  Objective : 50.032

[EVALUATION 754]
  Date/time : 2026-05-22 14:35:06
  x         : [247.01, 48.30, 48.30, 48.30, 48.30, 48.30, 2.50, 2.50, 2.50, 2.50, 2.50, 19.38, 19.45, 19.23, 18.99, 19.48, 1.10, 1.11, 1.29, 1.94, 1.01, 13.30, 13.79, 13.26, 13.28, 13.05, 1.00, 1.00, 1.00, 1.00, 1.00]
  Objective : 50.032

[EVALUATION 755]
  Date/time : 2026-05-22 14:35:12
  x         : [247.01, 48.30, 48.30, 48.30, 48.30, 48.30, 2.50, 2.50, 2.50, 2.50, 2.50, 19.38, 19.45, 19.23, 18.99, 19.48, 1.10, 1.11, 1.29, 1.94, 1.01, 13.30, 13.79, 13.26, 13.27, 13.07, 1.00, 1.00, 1.00, 1.00, 1.00]
  Objective : 50.032

[EVALUATION 756]
  Date/time : 2026-05-22 14:35:17
  x         : [247.01, 48.30, 48.30, 48.30, 48.30, 48.30, 2.50, 2.50, 2.50, 2.50, 2.50, 19.38, 19.45, 19.23, 18.99, 19.48, 1.10, 1.11, 1.29, 1.94, 1.01, 13.30, 13.79, 13.26, 13.27, 13.05, 1.00, 1.00, 1.00, 1.00, 1.00]
  Objective : 50.031

[EVALUATION 757]
  Date/time : 2026-05-22 14:35:23
  x         : [247.01, 48.30, 48.30, 48.30, 48.30, 48.30, 2.50, 2.50, 2.50, 2.50, 2.50, 19.38, 19.45, 19.23, 18.99, 19.48, 1.10, 1.11, 1.29, 1.94, 1.01, 13.30, 13.79, 13.26, 13.27, 13.05, 1.00, 1.01, 1.00, 1.00, 1.00]
  Objective : 50.031

[EVALUATION 758]
  Date/time : 2026-05-22 14:35:29
  x         : [247.01, 48.30, 48.30, 48.30, 48.30, 48.30, 2.50, 2.50, 2.50, 2.50, 2.50, 19.38, 19.45, 19.23, 18.99, 19.48, 1.10, 1.11, 1.29, 1.94, 1.01, 13.30, 13.79, 13.26, 13.27, 13.05, 1.00, 1.00, 1.00, 1.00, 1.00]
  Objective : 50.031

[EVALUATION 759]
  Date/time : 2026-05-22 14:35:36
  x         : [247.01, 48.30, 48.30, 48.30, 48.30, 48.30, 2.50, 2.50, 2.50, 2.50, 2.50, 19.38, 19.45, 19.23, 18.99, 19.48, 1.10, 1.11, 1.29, 1.94, 1.01, 13.30, 13.79, 13.26, 13.27, 13.05, 1.00, 1.00, 1.00, 1.00, 1.00]
  Objective : 50.031

[EVALUATION 760]
  Date/time : 2026-05-22 14:35:43
  x         : [247.01, 48.30, 48.30, 48.30, 48.30, 48.30, 2.50, 2.50, 2.50, 2.50, 2.50, 19.38, 19.45, 19.23, 18.99, 19.48, 1.10, 1.11, 1.29, 1.94, 1.01, 13.30, 13.79, 13.26, 13.27, 13.05, 1.00, 1.00, 1.00, 1.00, 1.00]
  Objective : 50.031

[EVALUATION 761]
  Date/time : 2026-05-22 14:35:50
  x         : [247.01, 48.30, 48.30, 48.30, 48.30, 48.30, 2.50, 2.50, 2.50, 2.50, 2.50, 19.38, 19.45, 19.23, 18.99, 19.48, 1.10, 1.11, 1.29, 1.94, 1.01, 13.30, 13.79, 13.26, 13.27, 13.05, 1.00, 1.00, 1.00, 1.00, 1.00]
  Objective : 50.031

[EVALUATION 762]
  Date/time : 2026-05-22 14:35:56
  x         : [247.26, 48.30, 48.30, 48.30, 48.30, 48.30, 2.50, 2.50, 2.50, 2.50, 2.50, 19.38, 19.45, 19.23, 18.99, 19.48, 1.10, 1.11, 1.29, 1.94, 1.01, 13.30, 13.79, 13.26, 13.27, 13.05, 1.00, 1.00, 1.00, 1.00, 1.00]
  Objective : 50.045

[EVALUATION 763]
  Date/time : 2026-05-22 14:36:02
  x         : [247.01, 48.35, 48.30, 48.30, 48.30, 48.30, 2.50, 2.50, 2.50, 2.50, 2.50, 19.38, 19.45, 19.23, 18.99, 19.48, 1.10, 1.11, 1.29, 1.94, 1.01, 13.30, 13.79, 13.26, 13.27, 13.05, 1.00, 1.00, 1.00, 1.00, 1.00]
  Objective : 50.038

[EVALUATION 764]
  Date/time : 2026-05-22 14:36:08
  x         : [247.01, 48.30, 48.35, 48.30, 48.30, 48.30, 2.50, 2.50, 2.50, 2.50, 2.50, 19.38, 19.45, 19.23, 18.99, 19.48, 1.10, 1.11, 1.29, 1.94, 1.01, 13.30, 13.79, 13.26, 13.27, 13.05, 1.00, 1.00, 1.00, 1.00, 1.00]
  Objective : 50.038

[EVALUATION 765]
  Date/time : 2026-05-22 14:36:14
  x         : [247.01, 48.30, 48.30, 48.35, 48.30, 48.30, 2.50, 2.50, 2.50, 2.50, 2.50, 19.38, 19.45, 19.23, 18.99, 19.48, 1.10, 1.11, 1.29, 1.94, 1.01, 13.30, 13.79, 13.26, 13.27, 13.05, 1.00, 1.00, 1.00, 1.00, 1.00]
  Objective : 50.038

[EVALUATION 766]
  Date/time : 2026-05-22 14:36:20
  x         : [247.01, 48.30, 48.30, 48.30, 48.35, 48.30, 2.50, 2.50, 2.50, 2.50, 2.50, 19.38, 19.45, 19.23, 18.99, 19.48, 1.10, 1.11, 1.29, 1.94, 1.01, 13.30, 13.79, 13.26, 13.27, 13.05, 1.00, 1.00, 1.00, 1.00, 1.00]
  Objective : 50.038

[EVALUATION 767]
  Date/time : 2026-05-22 14:36:27
  x         : [247.01, 48.30, 48.30, 48.30, 48.30, 48.35, 2.50, 2.50, 2.50, 2.50, 2.50, 19.38, 19.45, 19.23, 18.99, 19.48, 1.10, 1.11, 1.29, 1.94, 1.01, 13.30, 13.79, 13.26, 13.27, 13.05, 1.00, 1.00, 1.00, 1.00, 1.00]
  Objective : 50.038

[EVALUATION 768]
  Date/time : 2026-05-22 14:36:33
  x         : [247.01, 48.30, 48.30, 48.30, 48.30, 48.30, 2.50, 2.50, 2.50, 2.50, 2.50, 19.38, 19.45, 19.23, 18.99, 19.48, 1.10, 1.11, 1.29, 1.94, 1.01, 13.30, 13.79, 13.26, 13.27, 13.05, 1.00, 1.00, 1.00, 1.00, 1.00]
  Objective : 50.037

[EVALUATION 769]
  Date/time : 2026-05-22 14:36:39
  x         : [247.01, 48.30, 48.30, 48.30, 48.30, 48.30, 2.50, 2.50, 2.50, 2.50, 2.50, 19.38, 19.45, 19.23, 18.99, 19.48, 1.10, 1.11, 1.29, 1.94, 1.01, 13.30, 13.79, 13.26, 13.27, 13.05, 1.00, 1.00, 1.00, 1.00, 1.00]
  Objective : 50.037

[EVALUATION 770]
  Date/time : 2026-05-22 14:36:45
  x         : [247.01, 48.30, 48.30, 48.30, 48.30, 48.30, 2.50, 2.50, 2.50, 2.50, 2.50, 19.38, 19.45, 19.23, 18.99, 19.48, 1.10, 1.11, 1.29, 1.94, 1.01, 13.30, 13.79, 13.26, 13.27, 13.05, 1.00, 1.00, 1.00, 1.00, 1.00]
  Objective : 50.037

[EVALUATION 771]
  Date/time : 2026-05-22 14:36:51
  x         : [247.01, 48.30, 48.30, 48.30, 48.30, 48.30, 2.50, 2.50, 2.50, 2.50, 2.50, 19.38, 19.45, 19.23, 18.99, 19.48, 1.10, 1.11, 1.29, 1.94, 1.01, 13.30, 13.79, 13.26, 13.27, 13.05, 1.00, 1.00, 1.00, 1.00, 1.00]
  Objective : 50.037

[EVALUATION 772]
  Date/time : 2026-05-22 14:36:56
  x         : [247.01, 48.30, 48.30, 48.30, 48.30, 48.30, 2.50, 2.50, 2.50, 2.50, 2.50, 19.38, 19.45, 19.23, 18.99, 19.48, 1.10, 1.11, 1.29, 1.94, 1.01, 13.30, 13.79, 13.26, 13.27, 13.05, 1.00, 1.00, 1.00, 1.00, 1.00]
  Objective : 50.037

[EVALUATION 773]
  Date/time : 2026-05-22 14:37:02
  x         : [247.01, 48.30, 48.30, 48.30, 48.30, 48.30, 2.50, 2.50, 2.50, 2.50, 2.50, 19.40, 19.45, 19.23, 18.99, 19.48, 1.10, 1.11, 1.29, 1.94, 1.01, 13.30, 13.79, 13.26, 13.27, 13.05, 1.00, 1.00, 1.00, 1.00, 1.00]
  Objective : 50.033

[EVALUATION 774]
  Date/time : 2026-05-22 14:37:08
  x         : [247.01, 48.30, 48.30, 48.30, 48.30, 48.30, 2.50, 2.50, 2.50, 2.50, 2.50, 19.38, 19.47, 19.23, 18.99, 19.48, 1.10, 1.11, 1.29, 1.94, 1.01, 13.30, 13.79, 13.26, 13.27, 13.05, 1.00, 1.00, 1.00, 1.00, 1.00]
  Objective : 50.033

[EVALUATION 775]
  Date/time : 2026-05-22 14:37:14
  x         : [247.01, 48.30, 48.30, 48.30, 48.30, 48.30, 2.50, 2.50, 2.50, 2.50, 2.50, 19.38, 19.45, 19.25, 18.99, 19.48, 1.10, 1.11, 1.29, 1.94, 1.01, 13.30, 13.79, 13.26, 13.27, 13.05, 1.00, 1.00, 1.00, 1.00, 1.00]
  Objective : 50.033

[EVALUATION 776]
  Date/time : 2026-05-22 14:37:20
  x         : [247.01, 48.30, 48.30, 48.30, 48.30, 48.30, 2.50, 2.50, 2.50, 2.50, 2.50, 19.38, 19.45, 19.23, 19.01, 19.48, 1.10, 1.11, 1.29, 1.94, 1.01, 13.30, 13.79, 13.26, 13.27, 13.05, 1.00, 1.00, 1.00, 1.00, 1.00]
  Objective : 50.034

[EVALUATION 777]
  Date/time : 2026-05-22 14:37:26
  x         : [247.01, 48.30, 48.30, 48.30, 48.30, 48.30, 2.50, 2.50, 2.50, 2.50, 2.50, 19.38, 19.45, 19.23, 18.99, 19.50, 1.10, 1.11, 1.29, 1.94, 1.01, 13.30, 13.79, 13.26, 13.27, 13.05, 1.00, 1.00, 1.00, 1.00, 1.00]
  Objective : 50.032

[EVALUATION 778]
  Date/time : 2026-05-22 14:37:31
  x         : [247.01, 48.30, 48.30, 48.30, 48.30, 48.30, 2.50, 2.50, 2.50, 2.50, 2.50, 19.38, 19.45, 19.23, 18.99, 19.48, 1.10, 1.11, 1.29, 1.94, 1.01, 13.30, 13.79, 13.26, 13.27, 13.05, 1.00, 1.00, 1.00, 1.00, 1.00]
  Objective : 50.032

[EVALUATION 779]
  Date/time : 2026-05-22 14:37:37
  x         : [247.01, 48.30, 48.30, 48.30, 48.30, 48.30, 2.50, 2.50, 2.50, 2.50, 2.50, 19.38, 19.45, 19.23, 18.99, 19.48, 1.10, 1.11, 1.29, 1.94, 1.01, 13.30, 13.79, 13.26, 13.27, 13.05, 1.00, 1.00, 1.00, 1.00, 1.00]
  Objective : 50.032

[EVALUATION 780]
  Date/time : 2026-05-22 14:37:43
  x         : [247.01, 48.30, 48.30, 48.30, 48.30, 48.30, 2.50, 2.50, 2.50, 2.50, 2.50, 19.38, 19.45, 19.23, 18.99, 19.48, 1.10, 1.11, 1.29, 1.94, 1.01, 13.30, 13.79, 13.26, 13.27, 13.05, 1.00, 1.00, 1.00, 1.00, 1.00]
  Objective : 50.033

[EVALUATION 781]
  Date/time : 2026-05-22 14:37:49
  x         : [247.01, 48.30, 48.30, 48.30, 48.30, 48.30, 2.50, 2.50, 2.50, 2.50, 2.50, 19.38, 19.45, 19.23, 18.99, 19.48, 1.10, 1.11, 1.29, 1.94, 1.01, 13.30, 13.79, 13.26, 13.27, 13.05, 1.00, 1.00, 1.00, 1.00, 1.00]
  Objective : 50.033

[EVALUATION 782]
  Date/time : 2026-05-22 14:37:55
  x         : [247.01, 48.30, 48.30, 48.30, 48.30, 48.30, 2.50, 2.50, 2.50, 2.50, 2.50, 19.38, 19.45, 19.23, 18.99, 19.48, 1.10, 1.11, 1.29, 1.94, 1.01, 13.30, 13.79, 13.26, 13.27, 13.05, 1.00, 1.00, 1.00, 1.00, 1.00]
  Objective : 50.032

[EVALUATION 783]
  Date/time : 2026-05-22 14:38:00
  x         : [247.01, 48.30, 48.30, 48.30, 48.30, 48.30, 2.50, 2.50, 2.50, 2.50, 2.50, 19.38, 19.45, 19.23, 18.99, 19.48, 1.10, 1.11, 1.29, 1.94, 1.01, 13.31, 13.79, 13.26, 13.27, 13.05, 1.00, 1.00, 1.00, 1.00, 1.00]
  Objective : 50.032

[EVALUATION 784]
  Date/time : 2026-05-22 14:38:06
  x         : [247.01, 48.30, 48.30, 48.30, 48.30, 48.30, 2.50, 2.50, 2.50, 2.50, 2.50, 19.38, 19.45, 19.23, 18.99, 19.48, 1.10, 1.11, 1.29, 1.94, 1.01, 13.30, 13.81, 13.26, 13.27, 13.05, 1.00, 1.00, 1.00, 1.00, 1.00]
  Objective : 50.032

[EVALUATION 785]
  Date/time : 2026-05-22 14:38:12
  x         : [247.01, 48.30, 48.30, 48.30, 48.30, 48.30, 2.50, 2.50, 2.50, 2.50, 2.50, 19.38, 19.45, 19.23, 18.99, 19.48, 1.10, 1.11, 1.29, 1.94, 1.01, 13.30, 13.79, 13.28, 13.27, 13.05, 1.00, 1.00, 1.00, 1.00, 1.00]
  Objective : 50.032

[EVALUATION 786]
  Date/time : 2026-05-22 14:38:17
  x         : [247.01, 48.30, 48.30, 48.30, 48.30, 48.30, 2.50, 2.50, 2.50, 2.50, 2.50, 19.38, 19.45, 19.23, 18.99, 19.48, 1.10, 1.11, 1.29, 1.94, 1.01, 13.30, 13.79, 13.26, 13.28, 13.05, 1.00, 1.00, 1.00, 1.00, 1.00]
  Objective : 50.032

[EVALUATION 787]
  Date/time : 2026-05-22 14:38:23
  x         : [247.01, 48.30, 48.30, 48.30, 48.30, 48.30, 2.50, 2.50, 2.50, 2.50, 2.50, 19.38, 19.45, 19.23, 18.99, 19.48, 1.10, 1.11, 1.29, 1.94, 1.01, 13.30, 13.79, 13.26, 13.27, 13.07, 1.00, 1.00, 1.00, 1.00, 1.00]
  Objective : 50.032

[EVALUATION 788]
  Date/time : 2026-05-22 14:38:29
  x         : [247.01, 48.30, 48.30, 48.30, 48.30, 48.30, 2.50, 2.50, 2.50, 2.50, 2.50, 19.38, 19.45, 19.23, 18.99, 19.48, 1.10, 1.11, 1.29, 1.94, 1.01, 13.30, 13.79, 13.26, 13.27, 13.05, 1.00, 1.00, 1.00, 1.00, 1.00]
  Objective : 50.031

[EVALUATION 789]
  Date/time : 2026-05-22 14:38:36
  x         : [247.01, 48.30, 48.30, 48.30, 48.30, 48.30, 2.50, 2.50, 2.50, 2.50, 2.50, 19.38, 19.45, 19.23, 18.99, 19.48, 1.10, 1.11, 1.29, 1.94, 1.01, 13.30, 13.79, 13.26, 13.27, 13.05, 1.00, 1.01, 1.00, 1.00, 1.00]
  Objective : 50.031

[EVALUATION 790]
  Date/time : 2026-05-22 14:38:42
  x         : [247.01, 48.30, 48.30, 48.30, 48.30, 48.30, 2.50, 2.50, 2.50, 2.50, 2.50, 19.38, 19.45, 19.23, 18.99, 19.48, 1.10, 1.11, 1.29, 1.94, 1.01, 13.30, 13.79, 13.26, 13.27, 13.05, 1.00, 1.00, 1.00, 1.00, 1.00]
  Objective : 50.031

[EVALUATION 791]
  Date/time : 2026-05-22 14:38:49
  x         : [247.01, 48.30, 48.30, 48.30, 48.30, 48.30, 2.50, 2.50, 2.50, 2.50, 2.50, 19.38, 19.45, 19.23, 18.99, 19.48, 1.10, 1.11, 1.29, 1.94, 1.01, 13.30, 13.79, 13.26, 13.27, 13.05, 1.00, 1.00, 1.00, 1.00, 1.00]
  Objective : 50.031

[EVALUATION 792]
  Date/time : 2026-05-22 14:38:55
  x         : [247.01, 48.30, 48.30, 48.30, 48.30, 48.30, 2.50, 2.50, 2.50, 2.50, 2.50, 19.38, 19.45, 19.23, 18.99, 19.48, 1.10, 1.11, 1.29, 1.94, 1.01, 13.30, 13.79, 13.26, 13.27, 13.05, 1.00, 1.00, 1.00, 1.00, 1.00]
  Objective : 50.031

[EVALUATION 793]
  Date/time : 2026-05-22 14:39:02
  x         : [247.05, 48.30, 48.30, 48.30, 48.30, 48.30, 2.50, 2.50, 2.50, 2.50, 2.50, 20.31, 21.17, 18.86, 17.94, 21.20, 1.19, 1.03, 1.00, 2.25, 1.08, 12.98, 13.55, 12.92, 13.18, 12.86, 1.00, 1.00, 1.00, 1.00, 1.00]
  Objective : 50.247

[ITERATION 12]
  Date/time : 2026-05-22 14:39:02
  x         : [247.053135,  48.3     ,  48.3     ,  48.3     ,  48.3     ,  48.3     ,
   2.5     ,   2.5     ,   2.5     ,   2.5     ,   2.5     ,  20.308288,
  21.167175,  18.858479,  17.937308,  21.204225,   1.1948  ,   1.034941,
   1.      ,   2.249658,   1.08485 ,  12.981296,  13.548427,  12.920019,
  13.183012,  12.864093,   1.      ,   1.      ,   1.      ,   1.      ,
   1.      ]

Util_LB     Column:    0.043  Brace:    0.009
Util_NF     Column:    0.821  Brace:    0.749
Util_S      Column:    0.048  Brace:    0.020
Util_T      Column:    0.056  Brace:    0.086
Util_BR     Column:    1.010  Brace:    0.939
Util_IN     Column:    1.149  Brace:    1.070
Util_BS_sig  Column:    N/A    Brace:    1.422
Util_BS_defl  Column:    N/A    Brace:    0.626
[EVALUATION 794]
  Date/time : 2026-05-22 14:39:09
  x         : [247.03, 48.30, 48.30, 48.30, 48.30, 48.30, 2.50, 2.50, 2.50, 2.50, 2.50, 19.70, 20.04, 19.10, 18.63, 20.07, 1.13, 1.08, 1.19, 2.05, 1.04, 13.19, 13.71, 13.14, 13.24, 12.99, 1.00, 1.00, 1.00, 1.00, 1.00]
  Objective : 50.112

[EVALUATION 795]
  Date/time : 2026-05-22 14:39:15
  x         : [247.28, 48.30, 48.30, 48.30, 48.30, 48.30, 2.50, 2.50, 2.50, 2.50, 2.50, 19.70, 20.04, 19.10, 18.63, 20.07, 1.13, 1.08, 1.19, 2.05, 1.04, 13.19, 13.71, 13.14, 13.24, 12.99, 1.00, 1.00, 1.00, 1.00, 1.00]
  Objective : 50.126

[EVALUATION 796]
  Date/time : 2026-05-22 14:39:20
  x         : [247.03, 48.35, 48.30, 48.30, 48.30, 48.30, 2.50, 2.50, 2.50, 2.50, 2.50, 19.70, 20.04, 19.10, 18.63, 20.07, 1.13, 1.08, 1.19, 2.05, 1.04, 13.19, 13.71, 13.14, 13.24, 12.99, 1.00, 1.00, 1.00, 1.00, 1.00]
  Objective : 50.119

[EVALUATION 797]
  Date/time : 2026-05-22 14:39:26
  x         : [247.03, 48.30, 48.35, 48.30, 48.30, 48.30, 2.50, 2.50, 2.50, 2.50, 2.50, 19.70, 20.04, 19.10, 18.63, 20.07, 1.13, 1.08, 1.19, 2.05, 1.04, 13.19, 13.71, 13.14, 13.24, 12.99, 1.00, 1.00, 1.00, 1.00, 1.00]
  Objective : 50.119

[EVALUATION 798]
  Date/time : 2026-05-22 14:39:32
  x         : [247.03, 48.30, 48.30, 48.35, 48.30, 48.30, 2.50, 2.50, 2.50, 2.50, 2.50, 19.70, 20.04, 19.10, 18.63, 20.07, 1.13, 1.08, 1.19, 2.05, 1.04, 13.19, 13.71, 13.14, 13.24, 12.99, 1.00, 1.00, 1.00, 1.00, 1.00]
  Objective : 50.119

[EVALUATION 799]
  Date/time : 2026-05-22 14:39:38
  x         : [247.03, 48.30, 48.30, 48.30, 48.35, 48.30, 2.50, 2.50, 2.50, 2.50, 2.50, 19.70, 20.04, 19.10, 18.63, 20.07, 1.13, 1.08, 1.19, 2.05, 1.04, 13.19, 13.71, 13.14, 13.24, 12.99, 1.00, 1.00, 1.00, 1.00, 1.00]
  Objective : 50.119

[EVALUATION 800]
  Date/time : 2026-05-22 14:39:44
  x         : [247.03, 48.30, 48.30, 48.30, 48.30, 48.35, 2.50, 2.50, 2.50, 2.50, 2.50, 19.70, 20.04, 19.10, 18.63, 20.07, 1.13, 1.08, 1.19, 2.05, 1.04, 13.19, 13.71, 13.14, 13.24, 12.99, 1.00, 1.00, 1.00, 1.00, 1.00]
  Objective : 50.119

[EVALUATION 801]
  Date/time : 2026-05-22 14:39:51
  x         : [247.03, 48.30, 48.30, 48.30, 48.30, 48.30, 2.50, 2.50, 2.50, 2.50, 2.50, 19.70, 20.04, 19.10, 18.63, 20.07, 1.13, 1.08, 1.19, 2.05, 1.04, 13.19, 13.71, 13.14, 13.24, 12.99, 1.00, 1.00, 1.00, 1.00, 1.00]
  Objective : 50.118

[EVALUATION 802]
  Date/time : 2026-05-22 14:39:58
  x         : [247.03, 48.30, 48.30, 48.30, 48.30, 48.30, 2.50, 2.50, 2.50, 2.50, 2.50, 19.70, 20.04, 19.10, 18.63, 20.07, 1.13, 1.08, 1.19, 2.05, 1.04, 13.19, 13.71, 13.14, 13.24, 12.99, 1.00, 1.00, 1.00, 1.00, 1.00]
  Objective : 50.118

[EVALUATION 803]
  Date/time : 2026-05-22 14:40:05
  x         : [247.03, 48.30, 48.30, 48.30, 48.30, 48.30, 2.50, 2.50, 2.50, 2.50, 2.50, 19.70, 20.04, 19.10, 18.63, 20.07, 1.13, 1.08, 1.19, 2.05, 1.04, 13.19, 13.71, 13.14, 13.24, 12.99, 1.00, 1.00, 1.00, 1.00, 1.00]
  Objective : 50.118

[EVALUATION 804]
  Date/time : 2026-05-22 14:40:11
  x         : [247.03, 48.30, 48.30, 48.30, 48.30, 48.30, 2.50, 2.50, 2.50, 2.50, 2.50, 19.70, 20.04, 19.10, 18.63, 20.07, 1.13, 1.08, 1.19, 2.05, 1.04, 13.19, 13.71, 13.14, 13.24, 12.99, 1.00, 1.00, 1.00, 1.00, 1.00]
  Objective : 50.118

[EVALUATION 805]
  Date/time : 2026-05-22 14:40:17
  x         : [247.03, 48.30, 48.30, 48.30, 48.30, 48.30, 2.50, 2.50, 2.50, 2.50, 2.50, 19.70, 20.04, 19.10, 18.63, 20.07, 1.13, 1.08, 1.19, 2.05, 1.04, 13.19, 13.71, 13.14, 13.24, 12.99, 1.00, 1.00, 1.00, 1.00, 1.00]
  Objective : 50.118

[EVALUATION 806]
  Date/time : 2026-05-22 14:40:24
  x         : [247.03, 48.30, 48.30, 48.30, 48.30, 48.30, 2.50, 2.50, 2.50, 2.50, 2.50, 19.72, 20.04, 19.10, 18.63, 20.07, 1.13, 1.08, 1.19, 2.05, 1.04, 13.19, 13.71, 13.14, 13.24, 12.99, 1.00, 1.00, 1.00, 1.00, 1.00]
  Objective : 50.114

[EVALUATION 807]
  Date/time : 2026-05-22 14:40:29
  x         : [247.03, 48.30, 48.30, 48.30, 48.30, 48.30, 2.50, 2.50, 2.50, 2.50, 2.50, 19.70, 20.06, 19.10, 18.63, 20.07, 1.13, 1.08, 1.19, 2.05, 1.04, 13.19, 13.71, 13.14, 13.24, 12.99, 1.00, 1.00, 1.00, 1.00, 1.00]
  Objective : 50.114

[EVALUATION 808]
  Date/time : 2026-05-22 14:40:35
  x         : [247.03, 48.30, 48.30, 48.30, 48.30, 48.30, 2.50, 2.50, 2.50, 2.50, 2.50, 19.70, 20.04, 19.12, 18.63, 20.07, 1.13, 1.08, 1.19, 2.05, 1.04, 13.19, 13.71, 13.14, 13.24, 12.99, 1.00, 1.00, 1.00, 1.00, 1.00]
  Objective : 50.114

[EVALUATION 809]
  Date/time : 2026-05-22 14:40:42
  x         : [247.03, 48.30, 48.30, 48.30, 48.30, 48.30, 2.50, 2.50, 2.50, 2.50, 2.50, 19.70, 20.04, 19.10, 18.65, 20.07, 1.13, 1.08, 1.19, 2.05, 1.04, 13.19, 13.71, 13.14, 13.24, 12.99, 1.00, 1.00, 1.00, 1.00, 1.00]
  Objective : 50.116

[EVALUATION 810]
  Date/time : 2026-05-22 14:40:48
  x         : [247.03, 48.30, 48.30, 48.30, 48.30, 48.30, 2.50, 2.50, 2.50, 2.50, 2.50, 19.70, 20.04, 19.10, 18.63, 20.09, 1.13, 1.08, 1.19, 2.05, 1.04, 13.19, 13.71, 13.14, 13.24, 12.99, 1.00, 1.00, 1.00, 1.00, 1.00]
  Objective : 50.114

[EVALUATION 811]
  Date/time : 2026-05-22 14:40:54
  x         : [247.03, 48.30, 48.30, 48.30, 48.30, 48.30, 2.50, 2.50, 2.50, 2.50, 2.50, 19.70, 20.04, 19.10, 18.63, 20.07, 1.13, 1.08, 1.19, 2.05, 1.04, 13.19, 13.71, 13.14, 13.24, 12.99, 1.00, 1.00, 1.00, 1.00, 1.00]
  Objective : 50.114

[EVALUATION 812]
  Date/time : 2026-05-22 14:41:00
  x         : [247.03, 48.30, 48.30, 48.30, 48.30, 48.30, 2.50, 2.50, 2.50, 2.50, 2.50, 19.70, 20.04, 19.10, 18.63, 20.07, 1.13, 1.08, 1.19, 2.05, 1.04, 13.19, 13.71, 13.14, 13.24, 12.99, 1.00, 1.00, 1.00, 1.00, 1.00]
  Objective : 50.114

[EVALUATION 813]
  Date/time : 2026-05-22 14:41:06
  x         : [247.03, 48.30, 48.30, 48.30, 48.30, 48.30, 2.50, 2.50, 2.50, 2.50, 2.50, 19.70, 20.04, 19.10, 18.63, 20.07, 1.13, 1.08, 1.19, 2.05, 1.04, 13.19, 13.71, 13.14, 13.24, 12.99, 1.00, 1.00, 1.00, 1.00, 1.00]
  Objective : 50.114

[EVALUATION 814]
  Date/time : 2026-05-22 14:41:12
  x         : [247.03, 48.30, 48.30, 48.30, 48.30, 48.30, 2.50, 2.50, 2.50, 2.50, 2.50, 19.70, 20.04, 19.10, 18.63, 20.07, 1.13, 1.08, 1.19, 2.05, 1.04, 13.19, 13.71, 13.14, 13.24, 12.99, 1.00, 1.00, 1.00, 1.00, 1.00]
  Objective : 50.115

[EVALUATION 815]
  Date/time : 2026-05-22 14:41:17
  x         : [247.03, 48.30, 48.30, 48.30, 48.30, 48.30, 2.50, 2.50, 2.50, 2.50, 2.50, 19.70, 20.04, 19.10, 18.63, 20.07, 1.13, 1.08, 1.19, 2.05, 1.04, 13.19, 13.71, 13.14, 13.24, 12.99, 1.00, 1.00, 1.00, 1.00, 1.00]
  Objective : 50.114

[EVALUATION 816]
  Date/time : 2026-05-22 14:41:23
  x         : [247.03, 48.30, 48.30, 48.30, 48.30, 48.30, 2.50, 2.50, 2.50, 2.50, 2.50, 19.70, 20.04, 19.10, 18.63, 20.07, 1.13, 1.08, 1.19, 2.05, 1.04, 13.20, 13.71, 13.14, 13.24, 12.99, 1.00, 1.00, 1.00, 1.00, 1.00]
  Objective : 50.113

[EVALUATION 817]
  Date/time : 2026-05-22 14:41:29
  x         : [247.03, 48.30, 48.30, 48.30, 48.30, 48.30, 2.50, 2.50, 2.50, 2.50, 2.50, 19.70, 20.04, 19.10, 18.63, 20.07, 1.13, 1.08, 1.19, 2.05, 1.04, 13.19, 13.72, 13.14, 13.24, 12.99, 1.00, 1.00, 1.00, 1.00, 1.00]
  Objective : 50.113

[EVALUATION 818]
  Date/time : 2026-05-22 14:41:35
  x         : [247.03, 48.30, 48.30, 48.30, 48.30, 48.30, 2.50, 2.50, 2.50, 2.50, 2.50, 19.70, 20.04, 19.10, 18.63, 20.07, 1.13, 1.08, 1.19, 2.05, 1.04, 13.19, 13.71, 13.16, 13.24, 12.99, 1.00, 1.00, 1.00, 1.00, 1.00]
  Objective : 50.113

[EVALUATION 819]
  Date/time : 2026-05-22 14:41:42
  x         : [247.03, 48.30, 48.30, 48.30, 48.30, 48.30, 2.50, 2.50, 2.50, 2.50, 2.50, 19.70, 20.04, 19.10, 18.63, 20.07, 1.13, 1.08, 1.19, 2.05, 1.04, 13.19, 13.71, 13.14, 13.25, 12.99, 1.00, 1.00, 1.00, 1.00, 1.00]
  Objective : 50.113

[EVALUATION 820]
  Date/time : 2026-05-22 14:41:48
  x         : [247.03, 48.30, 48.30, 48.30, 48.30, 48.30, 2.50, 2.50, 2.50, 2.50, 2.50, 19.70, 20.04, 19.10, 18.63, 20.07, 1.13, 1.08, 1.19, 2.05, 1.04, 13.19, 13.71, 13.14, 13.24, 13.00, 1.00, 1.00, 1.00, 1.00, 1.00]
  Objective : 50.113

[EVALUATION 821]
  Date/time : 2026-05-22 14:41:54
  x         : [247.03, 48.30, 48.30, 48.30, 48.30, 48.30, 2.50, 2.50, 2.50, 2.50, 2.50, 19.70, 20.04, 19.10, 18.63, 20.07, 1.13, 1.08, 1.19, 2.05, 1.04, 13.19, 13.71, 13.14, 13.24, 12.99, 1.00, 1.00, 1.00, 1.00, 1.00]
  Objective : 50.113

[EVALUATION 822]
  Date/time : 2026-05-22 14:42:00
  x         : [247.03, 48.30, 48.30, 48.30, 48.30, 48.30, 2.50, 2.50, 2.50, 2.50, 2.50, 19.70, 20.04, 19.10, 18.63, 20.07, 1.13, 1.08, 1.19, 2.05, 1.04, 13.19, 13.71, 13.14, 13.24, 12.99, 1.00, 1.00, 1.00, 1.00, 1.00]
  Objective : 50.113

[EVALUATION 823]
  Date/time : 2026-05-22 14:42:05
  x         : [247.03, 48.30, 48.30, 48.30, 48.30, 48.30, 2.50, 2.50, 2.50, 2.50, 2.50, 19.70, 20.04, 19.10, 18.63, 20.07, 1.13, 1.08, 1.19, 2.05, 1.04, 13.19, 13.71, 13.14, 13.24, 12.99, 1.00, 1.00, 1.00, 1.00, 1.00]
  Objective : 50.113

[EVALUATION 824]
  Date/time : 2026-05-22 14:42:11
  x         : [247.03, 48.30, 48.30, 48.30, 48.30, 48.30, 2.50, 2.50, 2.50, 2.50, 2.50, 19.70, 20.04, 19.10, 18.63, 20.07, 1.13, 1.08, 1.19, 2.05, 1.04, 13.19, 13.71, 13.14, 13.24, 12.99, 1.00, 1.00, 1.00, 1.00, 1.00]
  Objective : 50.113

[EVALUATION 825]
  Date/time : 2026-05-22 14:42:17
  x         : [247.03, 48.30, 48.30, 48.30, 48.30, 48.30, 2.50, 2.50, 2.50, 2.50, 2.50, 19.70, 20.04, 19.10, 18.63, 20.07, 1.13, 1.08, 1.19, 2.05, 1.04, 13.19, 13.71, 13.14, 13.24, 12.99, 1.00, 1.00, 1.00, 1.00, 1.00]
  Objective : 50.113

[EVALUATION 826]
  Date/time : 2026-05-22 14:42:22
  x         : [247.03, 48.30, 48.30, 48.30, 48.30, 48.30, 2.50, 2.50, 2.50, 2.50, 2.50, 19.70, 20.04, 19.10, 18.63, 20.07, 1.13, 1.08, 1.19, 2.05, 1.04, 13.19, 13.71, 13.14, 13.24, 12.99, 1.00, 1.00, 1.00, 1.00, 1.00]
  Objective : 50.112

[EVALUATION 827]
  Date/time : 2026-05-22 14:42:28
  x         : [247.28, 48.30, 48.30, 48.30, 48.30, 48.30, 2.50, 2.50, 2.50, 2.50, 2.50, 19.70, 20.04, 19.10, 18.63, 20.07, 1.13, 1.08, 1.19, 2.05, 1.04, 13.19, 13.71, 13.14, 13.24, 12.99, 1.00, 1.00, 1.00, 1.00, 1.00]
  Objective : 50.126

[EVALUATION 828]
  Date/time : 2026-05-22 14:42:34
  x         : [247.03, 48.35, 48.30, 48.30, 48.30, 48.30, 2.50, 2.50, 2.50, 2.50, 2.50, 19.70, 20.04, 19.10, 18.63, 20.07, 1.13, 1.08, 1.19, 2.05, 1.04, 13.19, 13.71, 13.14, 13.24, 12.99, 1.00, 1.00, 1.00, 1.00, 1.00]
  Objective : 50.119

[EVALUATION 829]
  Date/time : 2026-05-22 14:42:39
  x         : [247.03, 48.30, 48.35, 48.30, 48.30, 48.30, 2.50, 2.50, 2.50, 2.50, 2.50, 19.70, 20.04, 19.10, 18.63, 20.07, 1.13, 1.08, 1.19, 2.05, 1.04, 13.19, 13.71, 13.14, 13.24, 12.99, 1.00, 1.00, 1.00, 1.00, 1.00]
  Objective : 50.119

[EVALUATION 830]
  Date/time : 2026-05-22 14:42:45
  x         : [247.03, 48.30, 48.30, 48.35, 48.30, 48.30, 2.50, 2.50, 2.50, 2.50, 2.50, 19.70, 20.04, 19.10, 18.63, 20.07, 1.13, 1.08, 1.19, 2.05, 1.04, 13.19, 13.71, 13.14, 13.24, 12.99, 1.00, 1.00, 1.00, 1.00, 1.00]
  Objective : 50.119

[EVALUATION 831]
  Date/time : 2026-05-22 14:42:51
  x         : [247.03, 48.30, 48.30, 48.30, 48.35, 48.30, 2.50, 2.50, 2.50, 2.50, 2.50, 19.70, 20.04, 19.10, 18.63, 20.07, 1.13, 1.08, 1.19, 2.05, 1.04, 13.19, 13.71, 13.14, 13.24, 12.99, 1.00, 1.00, 1.00, 1.00, 1.00]
  Objective : 50.119

[EVALUATION 832]
  Date/time : 2026-05-22 14:42:56
  x         : [247.03, 48.30, 48.30, 48.30, 48.30, 48.35, 2.50, 2.50, 2.50, 2.50, 2.50, 19.70, 20.04, 19.10, 18.63, 20.07, 1.13, 1.08, 1.19, 2.05, 1.04, 13.19, 13.71, 13.14, 13.24, 12.99, 1.00, 1.00, 1.00, 1.00, 1.00]
  Objective : 50.119

[EVALUATION 833]
  Date/time : 2026-05-22 14:43:02
  x         : [247.03, 48.30, 48.30, 48.30, 48.30, 48.30, 2.50, 2.50, 2.50, 2.50, 2.50, 19.70, 20.04, 19.10, 18.63, 20.07, 1.13, 1.08, 1.19, 2.05, 1.04, 13.19, 13.71, 13.14, 13.24, 12.99, 1.00, 1.00, 1.00, 1.00, 1.00]
  Objective : 50.118

[EVALUATION 834]
  Date/time : 2026-05-22 14:43:08
  x         : [247.03, 48.30, 48.30, 48.30, 48.30, 48.30, 2.50, 2.50, 2.50, 2.50, 2.50, 19.70, 20.04, 19.10, 18.63, 20.07, 1.13, 1.08, 1.19, 2.05, 1.04, 13.19, 13.71, 13.14, 13.24, 12.99, 1.00, 1.00, 1.00, 1.00, 1.00]
  Objective : 50.118

[EVALUATION 835]
  Date/time : 2026-05-22 14:43:13
  x         : [247.03, 48.30, 48.30, 48.30, 48.30, 48.30, 2.50, 2.50, 2.50, 2.50, 2.50, 19.70, 20.04, 19.10, 18.63, 20.07, 1.13, 1.08, 1.19, 2.05, 1.04, 13.19, 13.71, 13.14, 13.24, 12.99, 1.00, 1.00, 1.00, 1.00, 1.00]
  Objective : 50.118

[EVALUATION 836]
  Date/time : 2026-05-22 14:43:19
  x         : [247.03, 48.30, 48.30, 48.30, 48.30, 48.30, 2.50, 2.50, 2.50, 2.50, 2.50, 19.70, 20.04, 19.10, 18.63, 20.07, 1.13, 1.08, 1.19, 2.05, 1.04, 13.19, 13.71, 13.14, 13.24, 12.99, 1.00, 1.00, 1.00, 1.00, 1.00]
  Objective : 50.118

[EVALUATION 837]
  Date/time : 2026-05-22 14:43:25
  x         : [247.03, 48.30, 48.30, 48.30, 48.30, 48.30, 2.50, 2.50, 2.50, 2.50, 2.50, 19.70, 20.04, 19.10, 18.63, 20.07, 1.13, 1.08, 1.19, 2.05, 1.04, 13.19, 13.71, 13.14, 13.24, 12.99, 1.00, 1.00, 1.00, 1.00, 1.00]
  Objective : 50.118

[EVALUATION 838]
  Date/time : 2026-05-22 14:43:30
  x         : [247.03, 48.30, 48.30, 48.30, 48.30, 48.30, 2.50, 2.50, 2.50, 2.50, 2.50, 19.72, 20.04, 19.10, 18.63, 20.07, 1.13, 1.08, 1.19, 2.05, 1.04, 13.19, 13.71, 13.14, 13.24, 12.99, 1.00, 1.00, 1.00, 1.00, 1.00]
  Objective : 50.114

[EVALUATION 839]
  Date/time : 2026-05-22 14:43:36
  x         : [247.03, 48.30, 48.30, 48.30, 48.30, 48.30, 2.50, 2.50, 2.50, 2.50, 2.50, 19.70, 20.06, 19.10, 18.63, 20.07, 1.13, 1.08, 1.19, 2.05, 1.04, 13.19, 13.71, 13.14, 13.24, 12.99, 1.00, 1.00, 1.00, 1.00, 1.00]
  Objective : 50.114

[EVALUATION 840]
  Date/time : 2026-05-22 14:43:42
  x         : [247.03, 48.30, 48.30, 48.30, 48.30, 48.30, 2.50, 2.50, 2.50, 2.50, 2.50, 19.70, 20.04, 19.12, 18.63, 20.07, 1.13, 1.08, 1.19, 2.05, 1.04, 13.19, 13.71, 13.14, 13.24, 12.99, 1.00, 1.00, 1.00, 1.00, 1.00]
  Objective : 50.114

[EVALUATION 841]
  Date/time : 2026-05-22 14:43:47
  x         : [247.03, 48.30, 48.30, 48.30, 48.30, 48.30, 2.50, 2.50, 2.50, 2.50, 2.50, 19.70, 20.04, 19.10, 18.65, 20.07, 1.13, 1.08, 1.19, 2.05, 1.04, 13.19, 13.71, 13.14, 13.24, 12.99, 1.00, 1.00, 1.00, 1.00, 1.00]
  Objective : 50.116

[EVALUATION 842]
  Date/time : 2026-05-22 14:43:53
  x         : [247.03, 48.30, 48.30, 48.30, 48.30, 48.30, 2.50, 2.50, 2.50, 2.50, 2.50, 19.70, 20.04, 19.10, 18.63, 20.09, 1.13, 1.08, 1.19, 2.05, 1.04, 13.19, 13.71, 13.14, 13.24, 12.99, 1.00, 1.00, 1.00, 1.00, 1.00]
  Objective : 50.114

[EVALUATION 843]
  Date/time : 2026-05-22 14:43:59
  x         : [247.03, 48.30, 48.30, 48.30, 48.30, 48.30, 2.50, 2.50, 2.50, 2.50, 2.50, 19.70, 20.04, 19.10, 18.63, 20.07, 1.13, 1.08, 1.19, 2.05, 1.04, 13.19, 13.71, 13.14, 13.24, 12.99, 1.00, 1.00, 1.00, 1.00, 1.00]
  Objective : 50.114

[EVALUATION 844]
  Date/time : 2026-05-22 14:44:05
  x         : [247.03, 48.30, 48.30, 48.30, 48.30, 48.30, 2.50, 2.50, 2.50, 2.50, 2.50, 19.70, 20.04, 19.10, 18.63, 20.07, 1.13, 1.08, 1.19, 2.05, 1.04, 13.19, 13.71, 13.14, 13.24, 12.99, 1.00, 1.00, 1.00, 1.00, 1.00]
  Objective : 50.114

[EVALUATION 845]
  Date/time : 2026-05-22 14:44:10
  x         : [247.03, 48.30, 48.30, 48.30, 48.30, 48.30, 2.50, 2.50, 2.50, 2.50, 2.50, 19.70, 20.04, 19.10, 18.63, 20.07, 1.13, 1.08, 1.19, 2.05, 1.04, 13.19, 13.71, 13.14, 13.24, 12.99, 1.00, 1.00, 1.00, 1.00, 1.00]
  Objective : 50.114

[EVALUATION 846]
  Date/time : 2026-05-22 14:44:16
  x         : [247.03, 48.30, 48.30, 48.30, 48.30, 48.30, 2.50, 2.50, 2.50, 2.50, 2.50, 19.70, 20.04, 19.10, 18.63, 20.07, 1.13, 1.08, 1.19, 2.05, 1.04, 13.19, 13.71, 13.14, 13.24, 12.99, 1.00, 1.00, 1.00, 1.00, 1.00]
  Objective : 50.115

[EVALUATION 847]
  Date/time : 2026-05-22 14:44:22
  x         : [247.03, 48.30, 48.30, 48.30, 48.30, 48.30, 2.50, 2.50, 2.50, 2.50, 2.50, 19.70, 20.04, 19.10, 18.63, 20.07, 1.13, 1.08, 1.19, 2.05, 1.04, 13.19, 13.71, 13.14, 13.24, 12.99, 1.00, 1.00, 1.00, 1.00, 1.00]
  Objective : 50.114

[EVALUATION 848]
  Date/time : 2026-05-22 14:44:27
  x         : [247.03, 48.30, 48.30, 48.30, 48.30, 48.30, 2.50, 2.50, 2.50, 2.50, 2.50, 19.70, 20.04, 19.10, 18.63, 20.07, 1.13, 1.08, 1.19, 2.05, 1.04, 13.20, 13.71, 13.14, 13.24, 12.99, 1.00, 1.00, 1.00, 1.00, 1.00]
  Objective : 50.113

[EVALUATION 849]
  Date/time : 2026-05-22 14:44:33
  x         : [247.03, 48.30, 48.30, 48.30, 48.30, 48.30, 2.50, 2.50, 2.50, 2.50, 2.50, 19.70, 20.04, 19.10, 18.63, 20.07, 1.13, 1.08, 1.19, 2.05, 1.04, 13.19, 13.72, 13.14, 13.24, 12.99, 1.00, 1.00, 1.00, 1.00, 1.00]
  Objective : 50.113

[EVALUATION 850]
  Date/time : 2026-05-22 14:44:39
  x         : [247.03, 48.30, 48.30, 48.30, 48.30, 48.30, 2.50, 2.50, 2.50, 2.50, 2.50, 19.70, 20.04, 19.10, 18.63, 20.07, 1.13, 1.08, 1.19, 2.05, 1.04, 13.19, 13.71, 13.16, 13.24, 12.99, 1.00, 1.00, 1.00, 1.00, 1.00]
  Objective : 50.113

[EVALUATION 851]
  Date/time : 2026-05-22 14:44:44
  x         : [247.03, 48.30, 48.30, 48.30, 48.30, 48.30, 2.50, 2.50, 2.50, 2.50, 2.50, 19.70, 20.04, 19.10, 18.63, 20.07, 1.13, 1.08, 1.19, 2.05, 1.04, 13.19, 13.71, 13.14, 13.25, 12.99, 1.00, 1.00, 1.00, 1.00, 1.00]
  Objective : 50.113

[EVALUATION 852]
  Date/time : 2026-05-22 14:44:50
  x         : [247.03, 48.30, 48.30, 48.30, 48.30, 48.30, 2.50, 2.50, 2.50, 2.50, 2.50, 19.70, 20.04, 19.10, 18.63, 20.07, 1.13, 1.08, 1.19, 2.05, 1.04, 13.19, 13.71, 13.14, 13.24, 13.00, 1.00, 1.00, 1.00, 1.00, 1.00]
  Objective : 50.113

[EVALUATION 853]
  Date/time : 2026-05-22 14:44:56
  x         : [247.03, 48.30, 48.30, 48.30, 48.30, 48.30, 2.50, 2.50, 2.50, 2.50, 2.50, 19.70, 20.04, 19.10, 18.63, 20.07, 1.13, 1.08, 1.19, 2.05, 1.04, 13.19, 13.71, 13.14, 13.24, 12.99, 1.00, 1.00, 1.00, 1.00, 1.00]
  Objective : 50.113

[EVALUATION 854]
  Date/time : 2026-05-22 14:45:01
  x         : [247.03, 48.30, 48.30, 48.30, 48.30, 48.30, 2.50, 2.50, 2.50, 2.50, 2.50, 19.70, 20.04, 19.10, 18.63, 20.07, 1.13, 1.08, 1.19, 2.05, 1.04, 13.19, 13.71, 13.14, 13.24, 12.99, 1.00, 1.00, 1.00, 1.00, 1.00]
  Objective : 50.113

[EVALUATION 855]
  Date/time : 2026-05-22 14:45:07
  x         : [247.03, 48.30, 48.30, 48.30, 48.30, 48.30, 2.50, 2.50, 2.50, 2.50, 2.50, 19.70, 20.04, 19.10, 18.63, 20.07, 1.13, 1.08, 1.19, 2.05, 1.04, 13.19, 13.71, 13.14, 13.24, 12.99, 1.00, 1.00, 1.00, 1.00, 1.00]
  Objective : 50.113

[EVALUATION 856]
  Date/time : 2026-05-22 14:45:13
  x         : [247.03, 48.30, 48.30, 48.30, 48.30, 48.30, 2.50, 2.50, 2.50, 2.50, 2.50, 19.70, 20.04, 19.10, 18.63, 20.07, 1.13, 1.08, 1.19, 2.05, 1.04, 13.19, 13.71, 13.14, 13.24, 12.99, 1.00, 1.00, 1.00, 1.00, 1.00]
  Objective : 50.113

[EVALUATION 857]
  Date/time : 2026-05-22 14:45:18
  x         : [247.03, 48.30, 48.30, 48.30, 48.30, 48.30, 2.50, 2.50, 2.50, 2.50, 2.50, 19.70, 20.04, 19.10, 18.63, 20.07, 1.13, 1.08, 1.19, 2.05, 1.04, 13.19, 13.71, 13.14, 13.24, 12.99, 1.00, 1.00, 1.00, 1.00, 1.00]
  Objective : 50.113

[EVALUATION 858]
  Date/time : 2026-05-22 14:45:24
  x         : [246.98, 48.30, 48.30, 48.30, 48.30, 48.30, 2.50, 2.50, 2.50, 2.50, 2.50, 20.76, 21.41, 18.81, 17.25, 22.11, 1.08, 1.00, 1.64, 1.49, 1.00, 12.72, 13.38, 12.64, 13.01, 12.90, 1.00, 1.00, 1.00, 1.00, 1.00]
  Objective : 49.779

[ITERATION 13]
  Date/time : 2026-05-22 14:45:24
  x         : [246.983709,  48.3     ,  48.3     ,  48.3     ,  48.3     ,  48.3     ,
   2.5     ,   2.5     ,   2.5     ,   2.5     ,   2.5     ,  20.756226,
  21.409712,  18.806643,  17.249497,  22.111387,   1.077386,   1.      ,
   1.643576,   1.490805,   1.      ,  12.723852,  13.384875,  12.643966,
  13.009745,  12.897538,   1.      ,   1.      ,   1.      ,   1.      ,
   1.      ]

Util_LB     Column:    0.044  Brace:    0.009
Util_NF     Column:    0.821  Brace:    0.750
Util_S      Column:    0.048  Brace:    0.022
Util_T      Column:    0.056  Brace:    0.091
Util_BR     Column:    1.023  Brace:    0.953
Util_IN     Column:    1.166  Brace:    1.086
Util_BS_sig  Column:    N/A    Brace:    1.259
Util_BS_defl  Column:    N/A    Brace:    0.607
[EVALUATION 859]
  Date/time : 2026-05-22 14:45:30
  x         : [247.01, 48.30, 48.30, 48.30, 48.30, 48.30, 2.50, 2.50, 2.50, 2.50, 2.50, 20.22, 20.71, 18.96, 17.95, 21.07, 1.10, 1.04, 1.41, 1.77, 1.02, 12.96, 13.55, 12.90, 13.13, 12.94, 1.00, 1.00, 1.00, 1.00, 1.00]
  Objective : 49.952

[EVALUATION 860]
  Date/time : 2026-05-22 14:45:36
  x         : [247.25, 48.30, 48.30, 48.30, 48.30, 48.30, 2.50, 2.50, 2.50, 2.50, 2.50, 20.22, 20.71, 18.96, 17.95, 21.07, 1.10, 1.04, 1.41, 1.77, 1.02, 12.96, 13.55, 12.90, 13.13, 12.94, 1.00, 1.00, 1.00, 1.00, 1.00]
  Objective : 49.966

[EVALUATION 861]
  Date/time : 2026-05-22 14:45:42
  x         : [247.01, 48.35, 48.30, 48.30, 48.30, 48.30, 2.50, 2.50, 2.50, 2.50, 2.50, 20.22, 20.71, 18.96, 17.95, 21.07, 1.10, 1.04, 1.41, 1.77, 1.02, 12.96, 13.55, 12.90, 13.13, 12.94, 1.00, 1.00, 1.00, 1.00, 1.00]
  Objective : 49.959

[EVALUATION 862]
  Date/time : 2026-05-22 14:45:48
  x         : [247.01, 48.30, 48.35, 48.30, 48.30, 48.30, 2.50, 2.50, 2.50, 2.50, 2.50, 20.22, 20.71, 18.96, 17.95, 21.07, 1.10, 1.04, 1.41, 1.77, 1.02, 12.96, 13.55, 12.90, 13.13, 12.94, 1.00, 1.00, 1.00, 1.00, 1.00]
  Objective : 49.959

[EVALUATION 863]
  Date/time : 2026-05-22 14:45:55
  x         : [247.01, 48.30, 48.30, 48.35, 48.30, 48.30, 2.50, 2.50, 2.50, 2.50, 2.50, 20.22, 20.71, 18.96, 17.95, 21.07, 1.10, 1.04, 1.41, 1.77, 1.02, 12.96, 13.55, 12.90, 13.13, 12.94, 1.00, 1.00, 1.00, 1.00, 1.00]
  Objective : 49.959

[EVALUATION 864]
  Date/time : 2026-05-22 14:46:01
  x         : [247.01, 48.30, 48.30, 48.30, 48.35, 48.30, 2.50, 2.50, 2.50, 2.50, 2.50, 20.22, 20.71, 18.96, 17.95, 21.07, 1.10, 1.04, 1.41, 1.77, 1.02, 12.96, 13.55, 12.90, 13.13, 12.94, 1.00, 1.00, 1.00, 1.00, 1.00]
  Objective : 49.959

[EVALUATION 865]
  Date/time : 2026-05-22 14:46:07
  x         : [247.01, 48.30, 48.30, 48.30, 48.30, 48.35, 2.50, 2.50, 2.50, 2.50, 2.50, 20.22, 20.71, 18.96, 17.95, 21.07, 1.10, 1.04, 1.41, 1.77, 1.02, 12.96, 13.55, 12.90, 13.13, 12.94, 1.00, 1.00, 1.00, 1.00, 1.00]
  Objective : 49.959

[EVALUATION 866]
  Date/time : 2026-05-22 14:46:13
  x         : [247.01, 48.30, 48.30, 48.30, 48.30, 48.30, 2.50, 2.50, 2.50, 2.50, 2.50, 20.22, 20.71, 18.96, 17.95, 21.07, 1.10, 1.04, 1.41, 1.77, 1.02, 12.96, 13.55, 12.90, 13.13, 12.94, 1.00, 1.00, 1.00, 1.00, 1.00]
  Objective : 49.958

[EVALUATION 867]
  Date/time : 2026-05-22 14:46:20
  x         : [247.01, 48.30, 48.30, 48.30, 48.30, 48.30, 2.50, 2.50, 2.50, 2.50, 2.50, 20.22, 20.71, 18.96, 17.95, 21.07, 1.10, 1.04, 1.41, 1.77, 1.02, 12.96, 13.55, 12.90, 13.13, 12.94, 1.00, 1.00, 1.00, 1.00, 1.00]
  Objective : 49.958

[EVALUATION 868]
  Date/time : 2026-05-22 14:46:26
  x         : [247.01, 48.30, 48.30, 48.30, 48.30, 48.30, 2.50, 2.50, 2.50, 2.50, 2.50, 20.22, 20.71, 18.96, 17.95, 21.07, 1.10, 1.04, 1.41, 1.77, 1.02, 12.96, 13.55, 12.90, 13.13, 12.94, 1.00, 1.00, 1.00, 1.00, 1.00]
  Objective : 49.958

[EVALUATION 869]
  Date/time : 2026-05-22 14:46:32
  x         : [247.01, 48.30, 48.30, 48.30, 48.30, 48.30, 2.50, 2.50, 2.50, 2.50, 2.50, 20.22, 20.71, 18.96, 17.95, 21.07, 1.10, 1.04, 1.41, 1.77, 1.02, 12.96, 13.55, 12.90, 13.13, 12.94, 1.00, 1.00, 1.00, 1.00, 1.00]
  Objective : 49.958

[EVALUATION 870]
  Date/time : 2026-05-22 14:46:39
  x         : [247.01, 48.30, 48.30, 48.30, 48.30, 48.30, 2.50, 2.50, 2.50, 2.50, 2.50, 20.22, 20.71, 18.96, 17.95, 21.07, 1.10, 1.04, 1.41, 1.77, 1.02, 12.96, 13.55, 12.90, 13.13, 12.94, 1.00, 1.00, 1.00, 1.00, 1.00]
  Objective : 49.958

[EVALUATION 871]
  Date/time : 2026-05-22 14:46:45
  x         : [247.01, 48.30, 48.30, 48.30, 48.30, 48.30, 2.50, 2.50, 2.50, 2.50, 2.50, 20.24, 20.71, 18.96, 17.95, 21.07, 1.10, 1.04, 1.41, 1.77, 1.02, 12.96, 13.55, 12.90, 13.13, 12.94, 1.00, 1.00, 1.00, 1.00, 1.00]
  Objective : 49.954

[EVALUATION 872]
  Date/time : 2026-05-22 14:46:51
  x         : [247.01, 48.30, 48.30, 48.30, 48.30, 48.30, 2.50, 2.50, 2.50, 2.50, 2.50, 20.22, 20.73, 18.96, 17.95, 21.07, 1.10, 1.04, 1.41, 1.77, 1.02, 12.96, 13.55, 12.90, 13.13, 12.94, 1.00, 1.00, 1.00, 1.00, 1.00]
  Objective : 49.954

[EVALUATION 873]
  Date/time : 2026-05-22 14:46:57
  x         : [247.01, 48.30, 48.30, 48.30, 48.30, 48.30, 2.50, 2.50, 2.50, 2.50, 2.50, 20.22, 20.71, 18.98, 17.95, 21.07, 1.10, 1.04, 1.41, 1.77, 1.02, 12.96, 13.55, 12.90, 13.13, 12.94, 1.00, 1.00, 1.00, 1.00, 1.00]
  Objective : 49.954

[EVALUATION 874]
  Date/time : 2026-05-22 14:47:03
  x         : [247.01, 48.30, 48.30, 48.30, 48.30, 48.30, 2.50, 2.50, 2.50, 2.50, 2.50, 20.22, 20.71, 18.96, 17.97, 21.07, 1.10, 1.04, 1.41, 1.77, 1.02, 12.96, 13.55, 12.90, 13.13, 12.94, 1.00, 1.00, 1.00, 1.00, 1.00]
  Objective : 49.955

[EVALUATION 875]
  Date/time : 2026-05-22 14:47:09
  x         : [247.01, 48.30, 48.30, 48.30, 48.30, 48.30, 2.50, 2.50, 2.50, 2.50, 2.50, 20.22, 20.71, 18.96, 17.95, 21.09, 1.10, 1.04, 1.41, 1.77, 1.02, 12.96, 13.55, 12.90, 13.13, 12.94, 1.00, 1.00, 1.00, 1.00, 1.00]
  Objective : 49.954

[EVALUATION 876]
  Date/time : 2026-05-22 14:47:15
  x         : [247.01, 48.30, 48.30, 48.30, 48.30, 48.30, 2.50, 2.50, 2.50, 2.50, 2.50, 20.22, 20.71, 18.96, 17.95, 21.07, 1.11, 1.04, 1.41, 1.77, 1.02, 12.96, 13.55, 12.90, 13.13, 12.94, 1.00, 1.00, 1.00, 1.00, 1.00]
  Objective : 49.954

[EVALUATION 877]
  Date/time : 2026-05-22 14:47:21
  x         : [247.01, 48.30, 48.30, 48.30, 48.30, 48.30, 2.50, 2.50, 2.50, 2.50, 2.50, 20.22, 20.71, 18.96, 17.95, 21.07, 1.10, 1.04, 1.41, 1.77, 1.02, 12.96, 13.55, 12.90, 13.13, 12.94, 1.00, 1.00, 1.00, 1.00, 1.00]
  Objective : 49.954

[EVALUATION 878]
  Date/time : 2026-05-22 14:47:26
  x         : [247.01, 48.30, 48.30, 48.30, 48.30, 48.30, 2.50, 2.50, 2.50, 2.50, 2.50, 20.22, 20.71, 18.96, 17.95, 21.07, 1.10, 1.04, 1.42, 1.77, 1.02, 12.96, 13.55, 12.90, 13.13, 12.94, 1.00, 1.00, 1.00, 1.00, 1.00]
  Objective : 49.954

[EVALUATION 879]
  Date/time : 2026-05-22 14:47:32
  x         : [247.01, 48.30, 48.30, 48.30, 48.30, 48.30, 2.50, 2.50, 2.50, 2.50, 2.50, 20.22, 20.71, 18.96, 17.95, 21.07, 1.10, 1.04, 1.41, 1.78, 1.02, 12.96, 13.55, 12.90, 13.13, 12.94, 1.00, 1.00, 1.00, 1.00, 1.00]
  Objective : 49.954

[EVALUATION 880]
  Date/time : 2026-05-22 14:47:38
  x         : [247.01, 48.30, 48.30, 48.30, 48.30, 48.30, 2.50, 2.50, 2.50, 2.50, 2.50, 20.22, 20.71, 18.96, 17.95, 21.07, 1.10, 1.04, 1.41, 1.77, 1.02, 12.96, 13.55, 12.90, 13.13, 12.94, 1.00, 1.00, 1.00, 1.00, 1.00]
  Objective : 49.954

[EVALUATION 881]
  Date/time : 2026-05-22 14:47:44
  x         : [247.01, 48.30, 48.30, 48.30, 48.30, 48.30, 2.50, 2.50, 2.50, 2.50, 2.50, 20.22, 20.71, 18.96, 17.95, 21.07, 1.10, 1.04, 1.41, 1.77, 1.02, 12.97, 13.55, 12.90, 13.13, 12.94, 1.00, 1.00, 1.00, 1.00, 1.00]
  Objective : 49.953

[EVALUATION 882]
  Date/time : 2026-05-22 14:47:49
  x         : [247.01, 48.30, 48.30, 48.30, 48.30, 48.30, 2.50, 2.50, 2.50, 2.50, 2.50, 20.22, 20.71, 18.96, 17.95, 21.07, 1.10, 1.04, 1.41, 1.77, 1.02, 12.96, 13.56, 12.90, 13.13, 12.94, 1.00, 1.00, 1.00, 1.00, 1.00]
  Objective : 49.953

[EVALUATION 883]
  Date/time : 2026-05-22 14:47:55
  x         : [247.01, 48.30, 48.30, 48.30, 48.30, 48.30, 2.50, 2.50, 2.50, 2.50, 2.50, 20.22, 20.71, 18.96, 17.95, 21.07, 1.10, 1.04, 1.41, 1.77, 1.02, 12.96, 13.55, 12.91, 13.13, 12.94, 1.00, 1.00, 1.00, 1.00, 1.00]
  Objective : 49.953

[EVALUATION 884]
  Date/time : 2026-05-22 14:48:01
  x         : [247.01, 48.30, 48.30, 48.30, 48.30, 48.30, 2.50, 2.50, 2.50, 2.50, 2.50, 20.22, 20.71, 18.96, 17.95, 21.07, 1.10, 1.04, 1.41, 1.77, 1.02, 12.96, 13.55, 12.90, 13.14, 12.94, 1.00, 1.00, 1.00, 1.00, 1.00]
  Objective : 49.953

[EVALUATION 885]
  Date/time : 2026-05-22 14:48:07
  x         : [247.01, 48.30, 48.30, 48.30, 48.30, 48.30, 2.50, 2.50, 2.50, 2.50, 2.50, 20.22, 20.71, 18.96, 17.95, 21.07, 1.10, 1.04, 1.41, 1.77, 1.02, 12.96, 13.55, 12.90, 13.13, 12.96, 1.00, 1.00, 1.00, 1.00, 1.00]
  Objective : 49.953

[EVALUATION 886]
  Date/time : 2026-05-22 14:48:13
  x         : [247.01, 48.30, 48.30, 48.30, 48.30, 48.30, 2.50, 2.50, 2.50, 2.50, 2.50, 20.22, 20.71, 18.96, 17.95, 21.07, 1.10, 1.04, 1.41, 1.77, 1.02, 12.96, 13.55, 12.90, 13.13, 12.94, 1.00, 1.00, 1.00, 1.00, 1.00]
  Objective : 49.953

[EVALUATION 887]
  Date/time : 2026-05-22 14:48:18
  x         : [247.01, 48.30, 48.30, 48.30, 48.30, 48.30, 2.50, 2.50, 2.50, 2.50, 2.50, 20.22, 20.71, 18.96, 17.95, 21.07, 1.10, 1.04, 1.41, 1.77, 1.02, 12.96, 13.55, 12.90, 13.13, 12.94, 1.00, 1.00, 1.00, 1.00, 1.00]
  Objective : 49.953

[EVALUATION 888]
  Date/time : 2026-05-22 14:48:25
  x         : [247.01, 48.30, 48.30, 48.30, 48.30, 48.30, 2.50, 2.50, 2.50, 2.50, 2.50, 20.22, 20.71, 18.96, 17.95, 21.07, 1.10, 1.04, 1.41, 1.77, 1.02, 12.96, 13.55, 12.90, 13.13, 12.94, 1.00, 1.00, 1.00, 1.00, 1.00]
  Objective : 49.953

[EVALUATION 889]
  Date/time : 2026-05-22 14:48:32
  x         : [247.01, 48.30, 48.30, 48.30, 48.30, 48.30, 2.50, 2.50, 2.50, 2.50, 2.50, 20.22, 20.71, 18.96, 17.95, 21.07, 1.10, 1.04, 1.41, 1.77, 1.02, 12.96, 13.55, 12.90, 13.13, 12.94, 1.00, 1.00, 1.00, 1.00, 1.00]
  Objective : 49.953

[EVALUATION 890]
  Date/time : 2026-05-22 14:48:38
  x         : [247.01, 48.30, 48.30, 48.30, 48.30, 48.30, 2.50, 2.50, 2.50, 2.50, 2.50, 20.22, 20.71, 18.96, 17.95, 21.07, 1.10, 1.04, 1.41, 1.77, 1.02, 12.96, 13.55, 12.90, 13.13, 12.94, 1.00, 1.00, 1.00, 1.00, 1.00]
  Objective : 49.953

[EVALUATION 891]
  Date/time : 2026-05-22 14:48:44
  x         : [247.01, 48.30, 48.30, 48.30, 48.30, 48.30, 2.50, 2.50, 2.50, 2.50, 2.50, 20.22, 20.71, 18.96, 17.95, 21.07, 1.10, 1.04, 1.41, 1.77, 1.02, 12.96, 13.55, 12.90, 13.13, 12.94, 1.00, 1.00, 1.00, 1.00, 1.00]
  Objective : 49.952

[EVALUATION 892]
  Date/time : 2026-05-22 14:48:50
  x         : [247.25, 48.30, 48.30, 48.30, 48.30, 48.30, 2.50, 2.50, 2.50, 2.50, 2.50, 20.22, 20.71, 18.96, 17.95, 21.07, 1.10, 1.04, 1.41, 1.77, 1.02, 12.96, 13.55, 12.90, 13.13, 12.94, 1.00, 1.00, 1.00, 1.00, 1.00]
  Objective : 49.966

[EVALUATION 893]
  Date/time : 2026-05-22 14:48:57
  x         : [247.01, 48.35, 48.30, 48.30, 48.30, 48.30, 2.50, 2.50, 2.50, 2.50, 2.50, 20.22, 20.71, 18.96, 17.95, 21.07, 1.10, 1.04, 1.41, 1.77, 1.02, 12.96, 13.55, 12.90, 13.13, 12.94, 1.00, 1.00, 1.00, 1.00, 1.00]
  Objective : 49.959

[EVALUATION 894]
  Date/time : 2026-05-22 14:49:03
  x         : [247.01, 48.30, 48.35, 48.30, 48.30, 48.30, 2.50, 2.50, 2.50, 2.50, 2.50, 20.22, 20.71, 18.96, 17.95, 21.07, 1.10, 1.04, 1.41, 1.77, 1.02, 12.96, 13.55, 12.90, 13.13, 12.94, 1.00, 1.00, 1.00, 1.00, 1.00]
  Objective : 49.959

[EVALUATION 895]
  Date/time : 2026-05-22 14:49:09
  x         : [247.01, 48.30, 48.30, 48.35, 48.30, 48.30, 2.50, 2.50, 2.50, 2.50, 2.50, 20.22, 20.71, 18.96, 17.95, 21.07, 1.10, 1.04, 1.41, 1.77, 1.02, 12.96, 13.55, 12.90, 13.13, 12.94, 1.00, 1.00, 1.00, 1.00, 1.00]
  Objective : 49.959

[EVALUATION 896]
  Date/time : 2026-05-22 14:49:15
  x         : [247.01, 48.30, 48.30, 48.30, 48.35, 48.30, 2.50, 2.50, 2.50, 2.50, 2.50, 20.22, 20.71, 18.96, 17.95, 21.07, 1.10, 1.04, 1.41, 1.77, 1.02, 12.96, 13.55, 12.90, 13.13, 12.94, 1.00, 1.00, 1.00, 1.00, 1.00]
  Objective : 49.959

[EVALUATION 897]
  Date/time : 2026-05-22 14:49:21
  x         : [247.01, 48.30, 48.30, 48.30, 48.30, 48.35, 2.50, 2.50, 2.50, 2.50, 2.50, 20.22, 20.71, 18.96, 17.95, 21.07, 1.10, 1.04, 1.41, 1.77, 1.02, 12.96, 13.55, 12.90, 13.13, 12.94, 1.00, 1.00, 1.00, 1.00, 1.00]
  Objective : 49.959

[EVALUATION 898]
  Date/time : 2026-05-22 14:49:28
  x         : [247.01, 48.30, 48.30, 48.30, 48.30, 48.30, 2.50, 2.50, 2.50, 2.50, 2.50, 20.22, 20.71, 18.96, 17.95, 21.07, 1.10, 1.04, 1.41, 1.77, 1.02, 12.96, 13.55, 12.90, 13.13, 12.94, 1.00, 1.00, 1.00, 1.00, 1.00]
  Objective : 49.958

[EVALUATION 899]
  Date/time : 2026-05-22 14:49:34
  x         : [247.01, 48.30, 48.30, 48.30, 48.30, 48.30, 2.50, 2.50, 2.50, 2.50, 2.50, 20.22, 20.71, 18.96, 17.95, 21.07, 1.10, 1.04, 1.41, 1.77, 1.02, 12.96, 13.55, 12.90, 13.13, 12.94, 1.00, 1.00, 1.00, 1.00, 1.00]
  Objective : 49.958

[EVALUATION 900]
  Date/time : 2026-05-22 14:49:41
  x         : [247.01, 48.30, 48.30, 48.30, 48.30, 48.30, 2.50, 2.50, 2.50, 2.50, 2.50, 20.22, 20.71, 18.96, 17.95, 21.07, 1.10, 1.04, 1.41, 1.77, 1.02, 12.96, 13.55, 12.90, 13.13, 12.94, 1.00, 1.00, 1.00, 1.00, 1.00]
  Objective : 49.958

[EVALUATION 901]
  Date/time : 2026-05-22 14:49:48
  x         : [247.01, 48.30, 48.30, 48.30, 48.30, 48.30, 2.50, 2.50, 2.50, 2.50, 2.50, 20.22, 20.71, 18.96, 17.95, 21.07, 1.10, 1.04, 1.41, 1.77, 1.02, 12.96, 13.55, 12.90, 13.13, 12.94, 1.00, 1.00, 1.00, 1.00, 1.00]
  Objective : 49.958

[EVALUATION 902]
  Date/time : 2026-05-22 14:49:55
  x         : [247.01, 48.30, 48.30, 48.30, 48.30, 48.30, 2.50, 2.50, 2.50, 2.50, 2.50, 20.22, 20.71, 18.96, 17.95, 21.07, 1.10, 1.04, 1.41, 1.77, 1.02, 12.96, 13.55, 12.90, 13.13, 12.94, 1.00, 1.00, 1.00, 1.00, 1.00]
  Objective : 49.958

[EVALUATION 903]
  Date/time : 2026-05-22 14:50:00
  x         : [247.01, 48.30, 48.30, 48.30, 48.30, 48.30, 2.50, 2.50, 2.50, 2.50, 2.50, 20.24, 20.71, 18.96, 17.95, 21.07, 1.10, 1.04, 1.41, 1.77, 1.02, 12.96, 13.55, 12.90, 13.13, 12.94, 1.00, 1.00, 1.00, 1.00, 1.00]
  Objective : 49.954

[EVALUATION 904]
  Date/time : 2026-05-22 14:50:06
  x         : [247.01, 48.30, 48.30, 48.30, 48.30, 48.30, 2.50, 2.50, 2.50, 2.50, 2.50, 20.22, 20.73, 18.96, 17.95, 21.07, 1.10, 1.04, 1.41, 1.77, 1.02, 12.96, 13.55, 12.90, 13.13, 12.94, 1.00, 1.00, 1.00, 1.00, 1.00]
  Objective : 49.954

[EVALUATION 905]
  Date/time : 2026-05-22 14:50:12
  x         : [247.01, 48.30, 48.30, 48.30, 48.30, 48.30, 2.50, 2.50, 2.50, 2.50, 2.50, 20.22, 20.71, 18.98, 17.95, 21.07, 1.10, 1.04, 1.41, 1.77, 1.02, 12.96, 13.55, 12.90, 13.13, 12.94, 1.00, 1.00, 1.00, 1.00, 1.00]
  Objective : 49.954

[EVALUATION 906]
  Date/time : 2026-05-22 14:50:18
  x         : [247.01, 48.30, 48.30, 48.30, 48.30, 48.30, 2.50, 2.50, 2.50, 2.50, 2.50, 20.22, 20.71, 18.96, 17.97, 21.07, 1.10, 1.04, 1.41, 1.77, 1.02, 12.96, 13.55, 12.90, 13.13, 12.94, 1.00, 1.00, 1.00, 1.00, 1.00]
  Objective : 49.955

[EVALUATION 907]
  Date/time : 2026-05-22 14:50:24
  x         : [247.01, 48.30, 48.30, 48.30, 48.30, 48.30, 2.50, 2.50, 2.50, 2.50, 2.50, 20.22, 20.71, 18.96, 17.95, 21.09, 1.10, 1.04, 1.41, 1.77, 1.02, 12.96, 13.55, 12.90, 13.13, 12.94, 1.00, 1.00, 1.00, 1.00, 1.00]
  Objective : 49.954

[EVALUATION 908]
  Date/time : 2026-05-22 14:50:31
  x         : [247.01, 48.30, 48.30, 48.30, 48.30, 48.30, 2.50, 2.50, 2.50, 2.50, 2.50, 20.22, 20.71, 18.96, 17.95, 21.07, 1.11, 1.04, 1.41, 1.77, 1.02, 12.96, 13.55, 12.90, 13.13, 12.94, 1.00, 1.00, 1.00, 1.00, 1.00]
  Objective : 49.954

[EVALUATION 909]
  Date/time : 2026-05-22 14:50:38
  x         : [247.01, 48.30, 48.30, 48.30, 48.30, 48.30, 2.50, 2.50, 2.50, 2.50, 2.50, 20.22, 20.71, 18.96, 17.95, 21.07, 1.10, 1.04, 1.41, 1.77, 1.02, 12.96, 13.55, 12.90, 13.13, 12.94, 1.00, 1.00, 1.00, 1.00, 1.00]
  Objective : 49.954

[EVALUATION 910]
  Date/time : 2026-05-22 14:50:45
  x         : [247.01, 48.30, 48.30, 48.30, 48.30, 48.30, 2.50, 2.50, 2.50, 2.50, 2.50, 20.22, 20.71, 18.96, 17.95, 21.07, 1.10, 1.04, 1.42, 1.77, 1.02, 12.96, 13.55, 12.90, 13.13, 12.94, 1.00, 1.00, 1.00, 1.00, 1.00]
  Objective : 49.954

[EVALUATION 911]
  Date/time : 2026-05-22 14:50:52
  x         : [247.01, 48.30, 48.30, 48.30, 48.30, 48.30, 2.50, 2.50, 2.50, 2.50, 2.50, 20.22, 20.71, 18.96, 17.95, 21.07, 1.10, 1.04, 1.41, 1.78, 1.02, 12.96, 13.55, 12.90, 13.13, 12.94, 1.00, 1.00, 1.00, 1.00, 1.00]
  Objective : 49.954

[EVALUATION 912]
  Date/time : 2026-05-22 14:51:00
  x         : [247.01, 48.30, 48.30, 48.30, 48.30, 48.30, 2.50, 2.50, 2.50, 2.50, 2.50, 20.22, 20.71, 18.96, 17.95, 21.07, 1.10, 1.04, 1.41, 1.77, 1.02, 12.96, 13.55, 12.90, 13.13, 12.94, 1.00, 1.00, 1.00, 1.00, 1.00]
  Objective : 49.954

[EVALUATION 913]
  Date/time : 2026-05-22 14:51:07
  x         : [247.01, 48.30, 48.30, 48.30, 48.30, 48.30, 2.50, 2.50, 2.50, 2.50, 2.50, 20.22, 20.71, 18.96, 17.95, 21.07, 1.10, 1.04, 1.41, 1.77, 1.02, 12.97, 13.55, 12.90, 13.13, 12.94, 1.00, 1.00, 1.00, 1.00, 1.00]
  Objective : 49.953

[EVALUATION 914]
  Date/time : 2026-05-22 14:51:13
  x         : [247.01, 48.30, 48.30, 48.30, 48.30, 48.30, 2.50, 2.50, 2.50, 2.50, 2.50, 20.22, 20.71, 18.96, 17.95, 21.07, 1.10, 1.04, 1.41, 1.77, 1.02, 12.96, 13.56, 12.90, 13.13, 12.94, 1.00, 1.00, 1.00, 1.00, 1.00]
  Objective : 49.953

[EVALUATION 915]
  Date/time : 2026-05-22 14:51:19
  x         : [247.01, 48.30, 48.30, 48.30, 48.30, 48.30, 2.50, 2.50, 2.50, 2.50, 2.50, 20.22, 20.71, 18.96, 17.95, 21.07, 1.10, 1.04, 1.41, 1.77, 1.02, 12.96, 13.55, 12.91, 13.13, 12.94, 1.00, 1.00, 1.00, 1.00, 1.00]
  Objective : 49.953

[EVALUATION 916]
  Date/time : 2026-05-22 14:51:24
  x         : [247.01, 48.30, 48.30, 48.30, 48.30, 48.30, 2.50, 2.50, 2.50, 2.50, 2.50, 20.22, 20.71, 18.96, 17.95, 21.07, 1.10, 1.04, 1.41, 1.77, 1.02, 12.96, 13.55, 12.90, 13.14, 12.94, 1.00, 1.00, 1.00, 1.00, 1.00]
  Objective : 49.953

[EVALUATION 917]
  Date/time : 2026-05-22 14:51:30
  x         : [247.01, 48.30, 48.30, 48.30, 48.30, 48.30, 2.50, 2.50, 2.50, 2.50, 2.50, 20.22, 20.71, 18.96, 17.95, 21.07, 1.10, 1.04, 1.41, 1.77, 1.02, 12.96, 13.55, 12.90, 13.13, 12.96, 1.00, 1.00, 1.00, 1.00, 1.00]
  Objective : 49.953

[EVALUATION 918]
  Date/time : 2026-05-22 14:51:36
  x         : [247.01, 48.30, 48.30, 48.30, 48.30, 48.30, 2.50, 2.50, 2.50, 2.50, 2.50, 20.22, 20.71, 18.96, 17.95, 21.07, 1.10, 1.04, 1.41, 1.77, 1.02, 12.96, 13.55, 12.90, 13.13, 12.94, 1.00, 1.00, 1.00, 1.00, 1.00]
  Objective : 49.953

[EVALUATION 919]
  Date/time : 2026-05-22 14:51:42
  x         : [247.01, 48.30, 48.30, 48.30, 48.30, 48.30, 2.50, 2.50, 2.50, 2.50, 2.50, 20.22, 20.71, 18.96, 17.95, 21.07, 1.10, 1.04, 1.41, 1.77, 1.02, 12.96, 13.55, 12.90, 13.13, 12.94, 1.00, 1.00, 1.00, 1.00, 1.00]
  Objective : 49.953

[EVALUATION 920]
  Date/time : 2026-05-22 14:51:47
  x         : [247.01, 48.30, 48.30, 48.30, 48.30, 48.30, 2.50, 2.50, 2.50, 2.50, 2.50, 20.22, 20.71, 18.96, 17.95, 21.07, 1.10, 1.04, 1.41, 1.77, 1.02, 12.96, 13.55, 12.90, 13.13, 12.94, 1.00, 1.00, 1.00, 1.00, 1.00]
  Objective : 49.953

[EVALUATION 921]
  Date/time : 2026-05-22 14:51:53
  x         : [247.01, 48.30, 48.30, 48.30, 48.30, 48.30, 2.50, 2.50, 2.50, 2.50, 2.50, 20.22, 20.71, 18.96, 17.95, 21.07, 1.10, 1.04, 1.41, 1.77, 1.02, 12.96, 13.55, 12.90, 13.13, 12.94, 1.00, 1.00, 1.00, 1.00, 1.00]
  Objective : 49.953

[EVALUATION 922]
  Date/time : 2026-05-22 14:51:59
  x         : [247.01, 48.30, 48.30, 48.30, 48.30, 48.30, 2.50, 2.50, 2.50, 2.50, 2.50, 20.22, 20.71, 18.96, 17.95, 21.07, 1.10, 1.04, 1.41, 1.77, 1.02, 12.96, 13.55, 12.90, 13.13, 12.94, 1.00, 1.00, 1.00, 1.00, 1.00]
  Objective : 49.953

[EVALUATION 923]
  Date/time : 2026-05-22 14:52:04
  x         : [249.41, 48.30, 48.30, 48.30, 48.30, 48.30, 2.50, 2.50, 2.50, 2.50, 2.50, 21.21, 21.58, 18.70, 16.54, 22.50, 1.00, 1.00, 1.65, 1.06, 1.00, 14.96, 15.75, 15.06, 15.34, 15.21, 1.00, 1.00, 1.00, 1.00, 1.00]
  Objective : 50.083

[ITERATION 14]
  Date/time : 2026-05-22 14:52:05
  x         : [249.414958,  48.3     ,  48.3     ,  48.3     ,  48.3     ,  48.3     ,
   2.5     ,   2.5     ,   2.5     ,   2.5     ,   2.5     ,  21.205478,
  21.579325,  18.704308,  16.537306,  22.497891,   1.      ,   1.      ,
   1.650065,   1.05783 ,   1.      ,  14.962832,  15.750202,  15.057911,
  15.338238,  15.211463,   1.      ,   1.      ,   1.      ,   1.      ,
   1.      ]

Util_LB     Column:    0.043  Brace:    0.009
Util_NF     Column:    0.814  Brace:    0.644
Util_S      Column:    0.049  Brace:    0.020
Util_T      Column:    0.051  Brace:    0.085
Util_BR     Column:    0.974  Brace:    0.807
Util_IN     Column:    1.098  Brace:    0.927
Util_BS_sig  Column:    N/A    Brace:    1.820
Util_BS_defl  Column:    N/A    Brace:    0.925
[EVALUATION 924]
  Date/time : 2026-05-22 14:52:11
  x         : [247.26, 48.30, 48.30, 48.30, 48.30, 48.30, 2.50, 2.50, 2.50, 2.50, 2.50, 20.32, 20.80, 18.93, 17.80, 21.22, 1.09, 1.04, 1.44, 1.70, 1.02, 13.17, 13.79, 13.13, 13.36, 13.19, 1.00, 1.00, 1.00, 1.00, 1.00]
  Objective : 49.964

[EVALUATION 925]
  Date/time : 2026-05-22 14:52:16
  x         : [247.51, 48.30, 48.30, 48.30, 48.30, 48.30, 2.50, 2.50, 2.50, 2.50, 2.50, 20.32, 20.80, 18.93, 17.80, 21.22, 1.09, 1.04, 1.44, 1.70, 1.02, 13.17, 13.79, 13.13, 13.36, 13.19, 1.00, 1.00, 1.00, 1.00, 1.00]
  Objective : 49.978

[EVALUATION 926]
  Date/time : 2026-05-22 14:52:22
  x         : [247.26, 48.35, 48.30, 48.30, 48.30, 48.30, 2.50, 2.50, 2.50, 2.50, 2.50, 20.32, 20.80, 18.93, 17.80, 21.22, 1.09, 1.04, 1.44, 1.70, 1.02, 13.17, 13.79, 13.13, 13.36, 13.19, 1.00, 1.00, 1.00, 1.00, 1.00]
  Objective : 49.971

[EVALUATION 927]
  Date/time : 2026-05-22 14:52:27
  x         : [247.26, 48.30, 48.35, 48.30, 48.30, 48.30, 2.50, 2.50, 2.50, 2.50, 2.50, 20.32, 20.80, 18.93, 17.80, 21.22, 1.09, 1.04, 1.44, 1.70, 1.02, 13.17, 13.79, 13.13, 13.36, 13.19, 1.00, 1.00, 1.00, 1.00, 1.00]
  Objective : 49.971

[EVALUATION 928]
  Date/time : 2026-05-22 14:52:33
  x         : [247.26, 48.30, 48.30, 48.35, 48.30, 48.30, 2.50, 2.50, 2.50, 2.50, 2.50, 20.32, 20.80, 18.93, 17.80, 21.22, 1.09, 1.04, 1.44, 1.70, 1.02, 13.17, 13.79, 13.13, 13.36, 13.19, 1.00, 1.00, 1.00, 1.00, 1.00]
  Objective : 49.971

[EVALUATION 929]
  Date/time : 2026-05-22 14:52:39
  x         : [247.26, 48.30, 48.30, 48.30, 48.35, 48.30, 2.50, 2.50, 2.50, 2.50, 2.50, 20.32, 20.80, 18.93, 17.80, 21.22, 1.09, 1.04, 1.44, 1.70, 1.02, 13.17, 13.79, 13.13, 13.36, 13.19, 1.00, 1.00, 1.00, 1.00, 1.00]
  Objective : 49.971

[EVALUATION 930]
  Date/time : 2026-05-22 14:52:44
  x         : [247.26, 48.30, 48.30, 48.30, 48.30, 48.35, 2.50, 2.50, 2.50, 2.50, 2.50, 20.32, 20.80, 18.93, 17.80, 21.22, 1.09, 1.04, 1.44, 1.70, 1.02, 13.17, 13.79, 13.13, 13.36, 13.19, 1.00, 1.00, 1.00, 1.00, 1.00]
  Objective : 49.972

[EVALUATION 931]
  Date/time : 2026-05-22 14:52:50
  x         : [247.26, 48.30, 48.30, 48.30, 48.30, 48.30, 2.50, 2.50, 2.50, 2.50, 2.50, 20.32, 20.80, 18.93, 17.80, 21.22, 1.09, 1.04, 1.44, 1.70, 1.02, 13.17, 13.79, 13.13, 13.36, 13.19, 1.00, 1.00, 1.00, 1.00, 1.00]
  Objective : 49.971

[EVALUATION 932]
  Date/time : 2026-05-22 14:52:55
  x         : [247.26, 48.30, 48.30, 48.30, 48.30, 48.30, 2.50, 2.50, 2.50, 2.50, 2.50, 20.32, 20.80, 18.93, 17.80, 21.22, 1.09, 1.04, 1.44, 1.70, 1.02, 13.17, 13.79, 13.13, 13.36, 13.19, 1.00, 1.00, 1.00, 1.00, 1.00]
  Objective : 49.971

[EVALUATION 933]
  Date/time : 2026-05-22 14:53:01
  x         : [247.26, 48.30, 48.30, 48.30, 48.30, 48.30, 2.50, 2.50, 2.50, 2.50, 2.50, 20.32, 20.80, 18.93, 17.80, 21.22, 1.09, 1.04, 1.44, 1.70, 1.02, 13.17, 13.79, 13.13, 13.36, 13.19, 1.00, 1.00, 1.00, 1.00, 1.00]
  Objective : 49.971

[EVALUATION 934]
  Date/time : 2026-05-22 14:53:07
  x         : [247.26, 48.30, 48.30, 48.30, 48.30, 48.30, 2.50, 2.50, 2.50, 2.50, 2.50, 20.32, 20.80, 18.93, 17.80, 21.22, 1.09, 1.04, 1.44, 1.70, 1.02, 13.17, 13.79, 13.13, 13.36, 13.19, 1.00, 1.00, 1.00, 1.00, 1.00]
  Objective : 49.971

[EVALUATION 935]
  Date/time : 2026-05-22 14:53:13
  x         : [247.26, 48.30, 48.30, 48.30, 48.30, 48.30, 2.50, 2.50, 2.50, 2.50, 2.50, 20.32, 20.80, 18.93, 17.80, 21.22, 1.09, 1.04, 1.44, 1.70, 1.02, 13.17, 13.79, 13.13, 13.36, 13.19, 1.00, 1.00, 1.00, 1.00, 1.00]
  Objective : 49.971

[EVALUATION 936]
  Date/time : 2026-05-22 14:53:18
  x         : [247.26, 48.30, 48.30, 48.30, 48.30, 48.30, 2.50, 2.50, 2.50, 2.50, 2.50, 20.34, 20.80, 18.93, 17.80, 21.22, 1.09, 1.04, 1.44, 1.70, 1.02, 13.17, 13.79, 13.13, 13.36, 13.19, 1.00, 1.00, 1.00, 1.00, 1.00]
  Objective : 49.966

[EVALUATION 937]
  Date/time : 2026-05-22 14:53:24
  x         : [247.26, 48.30, 48.30, 48.30, 48.30, 48.30, 2.50, 2.50, 2.50, 2.50, 2.50, 20.32, 20.82, 18.93, 17.80, 21.22, 1.09, 1.04, 1.44, 1.70, 1.02, 13.17, 13.79, 13.13, 13.36, 13.19, 1.00, 1.00, 1.00, 1.00, 1.00]
  Objective : 49.966

[EVALUATION 938]
  Date/time : 2026-05-22 14:53:31
  x         : [247.26, 48.30, 48.30, 48.30, 48.30, 48.30, 2.50, 2.50, 2.50, 2.50, 2.50, 20.32, 20.80, 18.95, 17.80, 21.22, 1.09, 1.04, 1.44, 1.70, 1.02, 13.17, 13.79, 13.13, 13.36, 13.19, 1.00, 1.00, 1.00, 1.00, 1.00]
  Objective : 49.967

[EVALUATION 939]
  Date/time : 2026-05-22 14:53:38
  x         : [247.26, 48.30, 48.30, 48.30, 48.30, 48.30, 2.50, 2.50, 2.50, 2.50, 2.50, 20.32, 20.80, 18.93, 17.82, 21.22, 1.09, 1.04, 1.44, 1.70, 1.02, 13.17, 13.79, 13.13, 13.36, 13.19, 1.00, 1.00, 1.00, 1.00, 1.00]
  Objective : 49.967

[EVALUATION 940]
  Date/time : 2026-05-22 14:53:44
  x         : [247.26, 48.30, 48.30, 48.30, 48.30, 48.30, 2.50, 2.50, 2.50, 2.50, 2.50, 20.32, 20.80, 18.93, 17.80, 21.24, 1.09, 1.04, 1.44, 1.70, 1.02, 13.17, 13.79, 13.13, 13.36, 13.19, 1.00, 1.00, 1.00, 1.00, 1.00]
  Objective : 49.966

[EVALUATION 941]
  Date/time : 2026-05-22 14:53:50
  x         : [247.26, 48.30, 48.30, 48.30, 48.30, 48.30, 2.50, 2.50, 2.50, 2.50, 2.50, 20.32, 20.80, 18.93, 17.80, 21.22, 1.09, 1.04, 1.44, 1.70, 1.02, 13.17, 13.79, 13.13, 13.36, 13.19, 1.00, 1.00, 1.00, 1.00, 1.00]
  Objective : 49.966

[EVALUATION 942]
  Date/time : 2026-05-22 14:53:57
  x         : [247.26, 48.30, 48.30, 48.30, 48.30, 48.30, 2.50, 2.50, 2.50, 2.50, 2.50, 20.32, 20.80, 18.93, 17.80, 21.22, 1.09, 1.04, 1.44, 1.70, 1.02, 13.17, 13.79, 13.13, 13.36, 13.19, 1.00, 1.00, 1.00, 1.00, 1.00]
  Objective : 49.966

[EVALUATION 943]
  Date/time : 2026-05-22 14:54:02
  x         : [247.26, 48.30, 48.30, 48.30, 48.30, 48.30, 2.50, 2.50, 2.50, 2.50, 2.50, 20.32, 20.80, 18.93, 17.80, 21.22, 1.09, 1.04, 1.44, 1.70, 1.02, 13.17, 13.79, 13.13, 13.36, 13.19, 1.00, 1.00, 1.00, 1.00, 1.00]
  Objective : 49.966

[EVALUATION 944]
  Date/time : 2026-05-22 14:54:08
  x         : [247.26, 48.30, 48.30, 48.30, 48.30, 48.30, 2.50, 2.50, 2.50, 2.50, 2.50, 20.32, 20.80, 18.93, 17.80, 21.22, 1.09, 1.04, 1.44, 1.70, 1.02, 13.17, 13.79, 13.13, 13.36, 13.19, 1.00, 1.00, 1.00, 1.00, 1.00]
  Objective : 49.967

[EVALUATION 945]
  Date/time : 2026-05-22 14:54:14
  x         : [247.26, 48.30, 48.30, 48.30, 48.30, 48.30, 2.50, 2.50, 2.50, 2.50, 2.50, 20.32, 20.80, 18.93, 17.80, 21.22, 1.09, 1.04, 1.44, 1.70, 1.02, 13.17, 13.79, 13.13, 13.36, 13.19, 1.00, 1.00, 1.00, 1.00, 1.00]
  Objective : 49.966

[EVALUATION 946]
  Date/time : 2026-05-22 14:54:20
  x         : [247.26, 48.30, 48.30, 48.30, 48.30, 48.30, 2.50, 2.50, 2.50, 2.50, 2.50, 20.32, 20.80, 18.93, 17.80, 21.22, 1.09, 1.04, 1.44, 1.70, 1.02, 13.19, 13.79, 13.13, 13.36, 13.19, 1.00, 1.00, 1.00, 1.00, 1.00]
  Objective : 49.965

[EVALUATION 947]
  Date/time : 2026-05-22 14:54:26
  x         : [247.26, 48.30, 48.30, 48.30, 48.30, 48.30, 2.50, 2.50, 2.50, 2.50, 2.50, 20.32, 20.80, 18.93, 17.80, 21.22, 1.09, 1.04, 1.44, 1.70, 1.02, 13.17, 13.80, 13.13, 13.36, 13.19, 1.00, 1.00, 1.00, 1.00, 1.00]
  Objective : 49.965

[EVALUATION 948]
  Date/time : 2026-05-22 14:54:32
  x         : [247.26, 48.30, 48.30, 48.30, 48.30, 48.30, 2.50, 2.50, 2.50, 2.50, 2.50, 20.32, 20.80, 18.93, 17.80, 21.22, 1.09, 1.04, 1.44, 1.70, 1.02, 13.17, 13.79, 13.14, 13.36, 13.19, 1.00, 1.00, 1.00, 1.00, 1.00]
  Objective : 49.965

[EVALUATION 949]
  Date/time : 2026-05-22 14:54:38
  x         : [247.26, 48.30, 48.30, 48.30, 48.30, 48.30, 2.50, 2.50, 2.50, 2.50, 2.50, 20.32, 20.80, 18.93, 17.80, 21.22, 1.09, 1.04, 1.44, 1.70, 1.02, 13.17, 13.79, 13.13, 13.38, 13.19, 1.00, 1.00, 1.00, 1.00, 1.00]
  Objective : 49.965

[EVALUATION 950]
  Date/time : 2026-05-22 14:54:43
  x         : [247.26, 48.30, 48.30, 48.30, 48.30, 48.30, 2.50, 2.50, 2.50, 2.50, 2.50, 20.32, 20.80, 18.93, 17.80, 21.22, 1.09, 1.04, 1.44, 1.70, 1.02, 13.17, 13.79, 13.13, 13.36, 13.20, 1.00, 1.00, 1.00, 1.00, 1.00]
  Objective : 49.965

[EVALUATION 951]
  Date/time : 2026-05-22 14:54:50
  x         : [247.26, 48.30, 48.30, 48.30, 48.30, 48.30, 2.50, 2.50, 2.50, 2.50, 2.50, 20.32, 20.80, 18.93, 17.80, 21.22, 1.09, 1.04, 1.44, 1.70, 1.02, 13.17, 13.79, 13.13, 13.36, 13.19, 1.00, 1.00, 1.00, 1.00, 1.00]
  Objective : 49.965

[EVALUATION 952]
  Date/time : 2026-05-22 14:54:56
  x         : [247.26, 48.30, 48.30, 48.30, 48.30, 48.30, 2.50, 2.50, 2.50, 2.50, 2.50, 20.32, 20.80, 18.93, 17.80, 21.22, 1.09, 1.04, 1.44, 1.70, 1.02, 13.17, 13.79, 13.13, 13.36, 13.19, 1.00, 1.00, 1.00, 1.00, 1.00]
  Objective : 49.965

[EVALUATION 953]
  Date/time : 2026-05-22 14:55:02
  x         : [247.26, 48.30, 48.30, 48.30, 48.30, 48.30, 2.50, 2.50, 2.50, 2.50, 2.50, 20.32, 20.80, 18.93, 17.80, 21.22, 1.09, 1.04, 1.44, 1.70, 1.02, 13.17, 13.79, 13.13, 13.36, 13.19, 1.00, 1.00, 1.00, 1.00, 1.00]
  Objective : 49.965

[EVALUATION 954]
  Date/time : 2026-05-22 14:55:08
  x         : [247.26, 48.30, 48.30, 48.30, 48.30, 48.30, 2.50, 2.50, 2.50, 2.50, 2.50, 20.32, 20.80, 18.93, 17.80, 21.22, 1.09, 1.04, 1.44, 1.70, 1.02, 13.17, 13.79, 13.13, 13.36, 13.19, 1.00, 1.00, 1.00, 1.00, 1.00]
  Objective : 49.965

[EVALUATION 955]
  Date/time : 2026-05-22 14:55:14
  x         : [247.26, 48.30, 48.30, 48.30, 48.30, 48.30, 2.50, 2.50, 2.50, 2.50, 2.50, 20.32, 20.80, 18.93, 17.80, 21.22, 1.09, 1.04, 1.44, 1.70, 1.02, 13.17, 13.79, 13.13, 13.36, 13.19, 1.00, 1.00, 1.00, 1.00, 1.00]
  Objective : 49.965

[EVALUATION 956]
  Date/time : 2026-05-22 14:55:20
  x         : [247.26, 48.30, 48.30, 48.30, 48.30, 48.30, 2.50, 2.50, 2.50, 2.50, 2.50, 20.32, 20.80, 18.93, 17.80, 21.22, 1.09, 1.04, 1.44, 1.70, 1.02, 13.17, 13.79, 13.13, 13.36, 13.19, 1.00, 1.00, 1.00, 1.00, 1.00]
  Objective : 49.964

[EVALUATION 957]
  Date/time : 2026-05-22 14:55:26
  x         : [247.51, 48.30, 48.30, 48.30, 48.30, 48.30, 2.50, 2.50, 2.50, 2.50, 2.50, 20.32, 20.80, 18.93, 17.80, 21.22, 1.09, 1.04, 1.44, 1.70, 1.02, 13.17, 13.79, 13.13, 13.36, 13.19, 1.00, 1.00, 1.00, 1.00, 1.00]
  Objective : 49.978

[EVALUATION 958]
  Date/time : 2026-05-22 14:55:33
  x         : [247.26, 48.35, 48.30, 48.30, 48.30, 48.30, 2.50, 2.50, 2.50, 2.50, 2.50, 20.32, 20.80, 18.93, 17.80, 21.22, 1.09, 1.04, 1.44, 1.70, 1.02, 13.17, 13.79, 13.13, 13.36, 13.19, 1.00, 1.00, 1.00, 1.00, 1.00]
  Objective : 49.971

[EVALUATION 959]
  Date/time : 2026-05-22 14:55:39
  x         : [247.26, 48.30, 48.35, 48.30, 48.30, 48.30, 2.50, 2.50, 2.50, 2.50, 2.50, 20.32, 20.80, 18.93, 17.80, 21.22, 1.09, 1.04, 1.44, 1.70, 1.02, 13.17, 13.79, 13.13, 13.36, 13.19, 1.00, 1.00, 1.00, 1.00, 1.00]
  Objective : 49.971

[EVALUATION 960]
  Date/time : 2026-05-22 14:55:46
  x         : [247.26, 48.30, 48.30, 48.35, 48.30, 48.30, 2.50, 2.50, 2.50, 2.50, 2.50, 20.32, 20.80, 18.93, 17.80, 21.22, 1.09, 1.04, 1.44, 1.70, 1.02, 13.17, 13.79, 13.13, 13.36, 13.19, 1.00, 1.00, 1.00, 1.00, 1.00]
  Objective : 49.971

[EVALUATION 961]
  Date/time : 2026-05-22 14:55:51
  x         : [247.26, 48.30, 48.30, 48.30, 48.35, 48.30, 2.50, 2.50, 2.50, 2.50, 2.50, 20.32, 20.80, 18.93, 17.80, 21.22, 1.09, 1.04, 1.44, 1.70, 1.02, 13.17, 13.79, 13.13, 13.36, 13.19, 1.00, 1.00, 1.00, 1.00, 1.00]
  Objective : 49.971

[EVALUATION 962]
  Date/time : 2026-05-22 14:55:57
  x         : [247.26, 48.30, 48.30, 48.30, 48.30, 48.35, 2.50, 2.50, 2.50, 2.50, 2.50, 20.32, 20.80, 18.93, 17.80, 21.22, 1.09, 1.04, 1.44, 1.70, 1.02, 13.17, 13.79, 13.13, 13.36, 13.19, 1.00, 1.00, 1.00, 1.00, 1.00]
  Objective : 49.972

[EVALUATION 963]
  Date/time : 2026-05-22 14:56:03
  x         : [247.26, 48.30, 48.30, 48.30, 48.30, 48.30, 2.50, 2.50, 2.50, 2.50, 2.50, 20.32, 20.80, 18.93, 17.80, 21.22, 1.09, 1.04, 1.44, 1.70, 1.02, 13.17, 13.79, 13.13, 13.36, 13.19, 1.00, 1.00, 1.00, 1.00, 1.00]
  Objective : 49.971

[EVALUATION 964]
  Date/time : 2026-05-22 14:56:08
  x         : [247.26, 48.30, 48.30, 48.30, 48.30, 48.30, 2.50, 2.50, 2.50, 2.50, 2.50, 20.32, 20.80, 18.93, 17.80, 21.22, 1.09, 1.04, 1.44, 1.70, 1.02, 13.17, 13.79, 13.13, 13.36, 13.19, 1.00, 1.00, 1.00, 1.00, 1.00]
  Objective : 49.971

[EVALUATION 965]
  Date/time : 2026-05-22 14:56:14
  x         : [247.26, 48.30, 48.30, 48.30, 48.30, 48.30, 2.50, 2.50, 2.50, 2.50, 2.50, 20.32, 20.80, 18.93, 17.80, 21.22, 1.09, 1.04, 1.44, 1.70, 1.02, 13.17, 13.79, 13.13, 13.36, 13.19, 1.00, 1.00, 1.00, 1.00, 1.00]
  Objective : 49.971

[EVALUATION 966]
  Date/time : 2026-05-22 14:56:20
  x         : [247.26, 48.30, 48.30, 48.30, 48.30, 48.30, 2.50, 2.50, 2.50, 2.50, 2.50, 20.32, 20.80, 18.93, 17.80, 21.22, 1.09, 1.04, 1.44, 1.70, 1.02, 13.17, 13.79, 13.13, 13.36, 13.19, 1.00, 1.00, 1.00, 1.00, 1.00]
  Objective : 49.971

[EVALUATION 967]
  Date/time : 2026-05-22 14:56:25
  x         : [247.26, 48.30, 48.30, 48.30, 48.30, 48.30, 2.50, 2.50, 2.50, 2.50, 2.50, 20.32, 20.80, 18.93, 17.80, 21.22, 1.09, 1.04, 1.44, 1.70, 1.02, 13.17, 13.79, 13.13, 13.36, 13.19, 1.00, 1.00, 1.00, 1.00, 1.00]
  Objective : 49.971

[EVALUATION 968]
  Date/time : 2026-05-22 14:56:31
  x         : [247.26, 48.30, 48.30, 48.30, 48.30, 48.30, 2.50, 2.50, 2.50, 2.50, 2.50, 20.34, 20.80, 18.93, 17.80, 21.22, 1.09, 1.04, 1.44, 1.70, 1.02, 13.17, 13.79, 13.13, 13.36, 13.19, 1.00, 1.00, 1.00, 1.00, 1.00]
  Objective : 49.966

[EVALUATION 969]
  Date/time : 2026-05-22 14:56:37
  x         : [247.26, 48.30, 48.30, 48.30, 48.30, 48.30, 2.50, 2.50, 2.50, 2.50, 2.50, 20.32, 20.82, 18.93, 17.80, 21.22, 1.09, 1.04, 1.44, 1.70, 1.02, 13.17, 13.79, 13.13, 13.36, 13.19, 1.00, 1.00, 1.00, 1.00, 1.00]
  Objective : 49.966

[EVALUATION 970]
  Date/time : 2026-05-22 14:56:42
  x         : [247.26, 48.30, 48.30, 48.30, 48.30, 48.30, 2.50, 2.50, 2.50, 2.50, 2.50, 20.32, 20.80, 18.95, 17.80, 21.22, 1.09, 1.04, 1.44, 1.70, 1.02, 13.17, 13.79, 13.13, 13.36, 13.19, 1.00, 1.00, 1.00, 1.00, 1.00]
  Objective : 49.967

[EVALUATION 971]
  Date/time : 2026-05-22 14:56:48
  x         : [247.26, 48.30, 48.30, 48.30, 48.30, 48.30, 2.50, 2.50, 2.50, 2.50, 2.50, 20.32, 20.80, 18.93, 17.82, 21.22, 1.09, 1.04, 1.44, 1.70, 1.02, 13.17, 13.79, 13.13, 13.36, 13.19, 1.00, 1.00, 1.00, 1.00, 1.00]
  Objective : 49.967

[EVALUATION 972]
  Date/time : 2026-05-22 14:56:55
  x         : [247.26, 48.30, 48.30, 48.30, 48.30, 48.30, 2.50, 2.50, 2.50, 2.50, 2.50, 20.32, 20.80, 18.93, 17.80, 21.24, 1.09, 1.04, 1.44, 1.70, 1.02, 13.17, 13.79, 13.13, 13.36, 13.19, 1.00, 1.00, 1.00, 1.00, 1.00]
  Objective : 49.966

[EVALUATION 973]
  Date/time : 2026-05-22 14:57:00
  x         : [247.26, 48.30, 48.30, 48.30, 48.30, 48.30, 2.50, 2.50, 2.50, 2.50, 2.50, 20.32, 20.80, 18.93, 17.80, 21.22, 1.09, 1.04, 1.44, 1.70, 1.02, 13.17, 13.79, 13.13, 13.36, 13.19, 1.00, 1.00, 1.00, 1.00, 1.00]
  Objective : 49.966

[EVALUATION 974]
  Date/time : 2026-05-22 14:57:06
  x         : [247.26, 48.30, 48.30, 48.30, 48.30, 48.30, 2.50, 2.50, 2.50, 2.50, 2.50, 20.32, 20.80, 18.93, 17.80, 21.22, 1.09, 1.04, 1.44, 1.70, 1.02, 13.17, 13.79, 13.13, 13.36, 13.19, 1.00, 1.00, 1.00, 1.00, 1.00]
  Objective : 49.966

[EVALUATION 975]
  Date/time : 2026-05-22 14:57:13
  x         : [247.26, 48.30, 48.30, 48.30, 48.30, 48.30, 2.50, 2.50, 2.50, 2.50, 2.50, 20.32, 20.80, 18.93, 17.80, 21.22, 1.09, 1.04, 1.44, 1.70, 1.02, 13.17, 13.79, 13.13, 13.36, 13.19, 1.00, 1.00, 1.00, 1.00, 1.00]
  Objective : 49.966

[EVALUATION 976]
  Date/time : 2026-05-22 14:57:19
  x         : [247.26, 48.30, 48.30, 48.30, 48.30, 48.30, 2.50, 2.50, 2.50, 2.50, 2.50, 20.32, 20.80, 18.93, 17.80, 21.22, 1.09, 1.04, 1.44, 1.70, 1.02, 13.17, 13.79, 13.13, 13.36, 13.19, 1.00, 1.00, 1.00, 1.00, 1.00]
  Objective : 49.967

[EVALUATION 977]
  Date/time : 2026-05-22 14:57:25
  x         : [247.26, 48.30, 48.30, 48.30, 48.30, 48.30, 2.50, 2.50, 2.50, 2.50, 2.50, 20.32, 20.80, 18.93, 17.80, 21.22, 1.09, 1.04, 1.44, 1.70, 1.02, 13.17, 13.79, 13.13, 13.36, 13.19, 1.00, 1.00, 1.00, 1.00, 1.00]
  Objective : 49.966

[EVALUATION 978]
  Date/time : 2026-05-22 14:57:32
  x         : [247.26, 48.30, 48.30, 48.30, 48.30, 48.30, 2.50, 2.50, 2.50, 2.50, 2.50, 20.32, 20.80, 18.93, 17.80, 21.22, 1.09, 1.04, 1.44, 1.70, 1.02, 13.19, 13.79, 13.13, 13.36, 13.19, 1.00, 1.00, 1.00, 1.00, 1.00]
  Objective : 49.965

[EVALUATION 979]
  Date/time : 2026-05-22 14:57:39
  x         : [247.26, 48.30, 48.30, 48.30, 48.30, 48.30, 2.50, 2.50, 2.50, 2.50, 2.50, 20.32, 20.80, 18.93, 17.80, 21.22, 1.09, 1.04, 1.44, 1.70, 1.02, 13.17, 13.80, 13.13, 13.36, 13.19, 1.00, 1.00, 1.00, 1.00, 1.00]
  Objective : 49.965

[EVALUATION 980]
  Date/time : 2026-05-22 14:57:45
  x         : [247.26, 48.30, 48.30, 48.30, 48.30, 48.30, 2.50, 2.50, 2.50, 2.50, 2.50, 20.32, 20.80, 18.93, 17.80, 21.22, 1.09, 1.04, 1.44, 1.70, 1.02, 13.17, 13.79, 13.14, 13.36, 13.19, 1.00, 1.00, 1.00, 1.00, 1.00]
  Objective : 49.965

[EVALUATION 981]
  Date/time : 2026-05-22 14:57:52
  x         : [247.26, 48.30, 48.30, 48.30, 48.30, 48.30, 2.50, 2.50, 2.50, 2.50, 2.50, 20.32, 20.80, 18.93, 17.80, 21.22, 1.09, 1.04, 1.44, 1.70, 1.02, 13.17, 13.79, 13.13, 13.38, 13.19, 1.00, 1.00, 1.00, 1.00, 1.00]
  Objective : 49.965

[EVALUATION 982]
  Date/time : 2026-05-22 14:57:58
  x         : [247.26, 48.30, 48.30, 48.30, 48.30, 48.30, 2.50, 2.50, 2.50, 2.50, 2.50, 20.32, 20.80, 18.93, 17.80, 21.22, 1.09, 1.04, 1.44, 1.70, 1.02, 13.17, 13.79, 13.13, 13.36, 13.20, 1.00, 1.00, 1.00, 1.00, 1.00]
  Objective : 49.965

[EVALUATION 983]
  Date/time : 2026-05-22 14:58:04
  x         : [247.26, 48.30, 48.30, 48.30, 48.30, 48.30, 2.50, 2.50, 2.50, 2.50, 2.50, 20.32, 20.80, 18.93, 17.80, 21.22, 1.09, 1.04, 1.44, 1.70, 1.02, 13.17, 13.79, 13.13, 13.36, 13.19, 1.00, 1.00, 1.00, 1.00, 1.00]
  Objective : 49.965

