================================================================================
OPTIMIZATION LOG
================================================================================
Run start date/time : 2026-05-21 13:28:03
Log file            : Optimization_Logs\optimization_log_2026-05-21_13-28-03.txt
Objective CSV       : Optimization_Logs\objective_history_2026-05-21_13-28-03.csv

Initial design variables:
x0 = [202.07,  76.1 ,  76.1 ,  76.1 ,  76.1 ,  76.1 ,   3.  ,   3.  ,   3.  ,
   3.  ,   3.  ,  26.9 ,  26.9 ,  26.9 ,  26.9 ,  26.9 ,   2.3 ,   2.3 ,
   2.3 ,   2.3 ,   2.3 ,  26.9 ,  26.9 ,  26.9 ,  26.9 ,  26.9 ,   2.3 ,
   2.3 ,   2.3 ,   2.3 ,   2.3 ]

Bounds:
  x[0] in [150.0, 350.0]
  x[1] in [48.3, 114.3]
  x[2] in [48.3, 114.3]
  x[3] in [48.3, 114.3]
  x[4] in [48.3, 114.3]
  x[5] in [48.3, 114.3]
  x[6] in [2.5, 5.0]
  x[7] in [2.5, 5.0]
  x[8] in [2.5, 5.0]
  x[9] in [2.5, 5.0]
  x[10] in [2.5, 5.0]
  x[11] in [10.0, 50.0]
  x[12] in [10.0, 50.0]
  x[13] in [10.0, 50.0]
  x[14] in [10.0, 50.0]
  x[15] in [10.0, 50.0]
  x[16] in [1.0, 4.0]
  x[17] in [1.0, 4.0]
  x[18] in [1.0, 4.0]
  x[19] in [1.0, 4.0]
  x[20] in [1.0, 4.0]
  x[21] in [10.0, 50.0]
  x[22] in [10.0, 50.0]
  x[23] in [10.0, 50.0]
  x[24] in [10.0, 50.0]
  x[25] in [10.0, 50.0]
  x[26] in [1.0, 4.0]
  x[27] in [1.0, 4.0]
  x[28] in [1.0, 4.0]
  x[29] in [1.0, 4.0]
  x[30] in [1.0, 4.0]

Optimizer settings:
  Method  : PySLSQP
  acc     : 0.001
  finite_diff_abs_step: [0.020207, 0.00761, 0.00761, 0.00761, 0.00761, 0.00761, 0.00030000000000000003, 0.00030000000000000003, 0.00030000000000000003, 0.00030000000000000003, 0.00030000000000000003, 0.00269, 0.00269, 0.00269, 0.00269, 0.00269, 0.00022999999999999998, 0.00022999999999999998, 0.00022999999999999998, 0.00022999999999999998, 0.00022999999999999998, 0.00269, 0.00269, 0.00269, 0.00269, 0.00269, 0.00022999999999999998, 0.00022999999999999998, 0.00022999999999999998, 0.00022999999999999998, 0.00022999999999999998]
  maxiter : 120
  Aggregate: P-norm
  p_value : 8
  rho_value: 100
  relaxation: 0

================================================================================

[EVALUATION 1]
  Date/time : 2026-05-21 13:28:08
  x         : [202.07, 76.10, 76.10, 76.10, 76.10, 76.10, 3.00, 3.00, 3.00, 3.00, 3.00, 26.90, 26.90, 26.90, 26.90, 26.90, 2.30, 2.30, 2.30, 2.30, 2.30, 26.90, 26.90, 26.90, 26.90, 26.90, 2.30, 2.30, 2.30, 2.30, 2.30]
  Objective : 106.788

[EVALUATION 2]
  Date/time : 2026-05-21 13:28:12
  x         : [202.27, 76.10, 76.10, 76.10, 76.10, 76.10, 3.00, 3.00, 3.00, 3.00, 3.00, 26.90, 26.90, 26.90, 26.90, 26.90, 2.30, 2.30, 2.30, 2.30, 2.30, 26.90, 26.90, 26.90, 26.90, 26.90, 2.30, 2.30, 2.30, 2.30, 2.30]
  Objective : 106.821

[EVALUATION 3]
  Date/time : 2026-05-21 13:28:16
  x         : [202.07, 76.18, 76.10, 76.10, 76.10, 76.10, 3.00, 3.00, 3.00, 3.00, 3.00, 26.90, 26.90, 26.90, 26.90, 26.90, 2.30, 2.30, 2.30, 2.30, 2.30, 26.90, 26.90, 26.90, 26.90, 26.90, 2.30, 2.30, 2.30, 2.30, 2.30]
  Objective : 106.801

[EVALUATION 4]
  Date/time : 2026-05-21 13:28:20
  x         : [202.07, 76.10, 76.18, 76.10, 76.10, 76.10, 3.00, 3.00, 3.00, 3.00, 3.00, 26.90, 26.90, 26.90, 26.90, 26.90, 2.30, 2.30, 2.30, 2.30, 2.30, 26.90, 26.90, 26.90, 26.90, 26.90, 2.30, 2.30, 2.30, 2.30, 2.30]
  Objective : 106.801

[EVALUATION 5]
  Date/time : 2026-05-21 13:28:24
  x         : [202.07, 76.10, 76.10, 76.18, 76.10, 76.10, 3.00, 3.00, 3.00, 3.00, 3.00, 26.90, 26.90, 26.90, 26.90, 26.90, 2.30, 2.30, 2.30, 2.30, 2.30, 26.90, 26.90, 26.90, 26.90, 26.90, 2.30, 2.30, 2.30, 2.30, 2.30]
  Objective : 106.801

[EVALUATION 6]
  Date/time : 2026-05-21 13:28:28
  x         : [202.07, 76.10, 76.10, 76.10, 76.18, 76.10, 3.00, 3.00, 3.00, 3.00, 3.00, 26.90, 26.90, 26.90, 26.90, 26.90, 2.30, 2.30, 2.30, 2.30, 2.30, 26.90, 26.90, 26.90, 26.90, 26.90, 2.30, 2.30, 2.30, 2.30, 2.30]
  Objective : 106.801

[EVALUATION 7]
  Date/time : 2026-05-21 13:28:32
  x         : [202.07, 76.10, 76.10, 76.10, 76.10, 76.18, 3.00, 3.00, 3.00, 3.00, 3.00, 26.90, 26.90, 26.90, 26.90, 26.90, 2.30, 2.30, 2.30, 2.30, 2.30, 26.90, 26.90, 26.90, 26.90, 26.90, 2.30, 2.30, 2.30, 2.30, 2.30]
  Objective : 106.801

[EVALUATION 8]
  Date/time : 2026-05-21 13:28:36
  x         : [202.07, 76.10, 76.10, 76.10, 76.10, 76.10, 3.00, 3.00, 3.00, 3.00, 3.00, 26.90, 26.90, 26.90, 26.90, 26.90, 2.30, 2.30, 2.30, 2.30, 2.30, 26.90, 26.90, 26.90, 26.90, 26.90, 2.30, 2.30, 2.30, 2.30, 2.30]
  Objective : 106.800

[EVALUATION 9]
  Date/time : 2026-05-21 13:28:40
  x         : [202.07, 76.10, 76.10, 76.10, 76.10, 76.10, 3.00, 3.00, 3.00, 3.00, 3.00, 26.90, 26.90, 26.90, 26.90, 26.90, 2.30, 2.30, 2.30, 2.30, 2.30, 26.90, 26.90, 26.90, 26.90, 26.90, 2.30, 2.30, 2.30, 2.30, 2.30]
  Objective : 106.800

[EVALUATION 10]
  Date/time : 2026-05-21 13:28:44
  x         : [202.07, 76.10, 76.10, 76.10, 76.10, 76.10, 3.00, 3.00, 3.00, 3.00, 3.00, 26.90, 26.90, 26.90, 26.90, 26.90, 2.30, 2.30, 2.30, 2.30, 2.30, 26.90, 26.90, 26.90, 26.90, 26.90, 2.30, 2.30, 2.30, 2.30, 2.30]
  Objective : 106.800

[EVALUATION 11]
  Date/time : 2026-05-21 13:28:49
  x         : [202.07, 76.10, 76.10, 76.10, 76.10, 76.10, 3.00, 3.00, 3.00, 3.00, 3.00, 26.90, 26.90, 26.90, 26.90, 26.90, 2.30, 2.30, 2.30, 2.30, 2.30, 26.90, 26.90, 26.90, 26.90, 26.90, 2.30, 2.30, 2.30, 2.30, 2.30]
  Objective : 106.800

[EVALUATION 12]
  Date/time : 2026-05-21 13:28:53
  x         : [202.07, 76.10, 76.10, 76.10, 76.10, 76.10, 3.00, 3.00, 3.00, 3.00, 3.00, 26.90, 26.90, 26.90, 26.90, 26.90, 2.30, 2.30, 2.30, 2.30, 2.30, 26.90, 26.90, 26.90, 26.90, 26.90, 2.30, 2.30, 2.30, 2.30, 2.30]
  Objective : 106.800

[EVALUATION 13]
  Date/time : 2026-05-21 13:28:57
  x         : [202.07, 76.10, 76.10, 76.10, 76.10, 76.10, 3.00, 3.00, 3.00, 3.00, 3.00, 26.93, 26.90, 26.90, 26.90, 26.90, 2.30, 2.30, 2.30, 2.30, 2.30, 26.90, 26.90, 26.90, 26.90, 26.90, 2.30, 2.30, 2.30, 2.30, 2.30]
  Objective : 106.792

[EVALUATION 14]
  Date/time : 2026-05-21 13:29:01
  x         : [202.07, 76.10, 76.10, 76.10, 76.10, 76.10, 3.00, 3.00, 3.00, 3.00, 3.00, 26.90, 26.93, 26.90, 26.90, 26.90, 2.30, 2.30, 2.30, 2.30, 2.30, 26.90, 26.90, 26.90, 26.90, 26.90, 2.30, 2.30, 2.30, 2.30, 2.30]
  Objective : 106.792

[EVALUATION 15]
  Date/time : 2026-05-21 13:29:06
  x         : [202.07, 76.10, 76.10, 76.10, 76.10, 76.10, 3.00, 3.00, 3.00, 3.00, 3.00, 26.90, 26.90, 26.93, 26.90, 26.90, 2.30, 2.30, 2.30, 2.30, 2.30, 26.90, 26.90, 26.90, 26.90, 26.90, 2.30, 2.30, 2.30, 2.30, 2.30]
  Objective : 106.792

[EVALUATION 16]
  Date/time : 2026-05-21 13:29:10
  x         : [202.07, 76.10, 76.10, 76.10, 76.10, 76.10, 3.00, 3.00, 3.00, 3.00, 3.00, 26.90, 26.90, 26.90, 26.93, 26.90, 2.30, 2.30, 2.30, 2.30, 2.30, 26.90, 26.90, 26.90, 26.90, 26.90, 2.30, 2.30, 2.30, 2.30, 2.30]
  Objective : 106.792

[EVALUATION 17]
  Date/time : 2026-05-21 13:29:14
  x         : [202.07, 76.10, 76.10, 76.10, 76.10, 76.10, 3.00, 3.00, 3.00, 3.00, 3.00, 26.90, 26.90, 26.90, 26.90, 26.93, 2.30, 2.30, 2.30, 2.30, 2.30, 26.90, 26.90, 26.90, 26.90, 26.90, 2.30, 2.30, 2.30, 2.30, 2.30]
  Objective : 106.792

[EVALUATION 18]
  Date/time : 2026-05-21 13:29:18
  x         : [202.07, 76.10, 76.10, 76.10, 76.10, 76.10, 3.00, 3.00, 3.00, 3.00, 3.00, 26.90, 26.90, 26.90, 26.90, 26.90, 2.30, 2.30, 2.30, 2.30, 2.30, 26.90, 26.90, 26.90, 26.90, 26.90, 2.30, 2.30, 2.30, 2.30, 2.30]
  Objective : 106.792

[EVALUATION 19]
  Date/time : 2026-05-21 13:29:22
  x         : [202.07, 76.10, 76.10, 76.10, 76.10, 76.10, 3.00, 3.00, 3.00, 3.00, 3.00, 26.90, 26.90, 26.90, 26.90, 26.90, 2.30, 2.30, 2.30, 2.30, 2.30, 26.90, 26.90, 26.90, 26.90, 26.90, 2.30, 2.30, 2.30, 2.30, 2.30]
  Objective : 106.792

[EVALUATION 20]
  Date/time : 2026-05-21 13:29:26
  x         : [202.07, 76.10, 76.10, 76.10, 76.10, 76.10, 3.00, 3.00, 3.00, 3.00, 3.00, 26.90, 26.90, 26.90, 26.90, 26.90, 2.30, 2.30, 2.30, 2.30, 2.30, 26.90, 26.90, 26.90, 26.90, 26.90, 2.30, 2.30, 2.30, 2.30, 2.30]
  Objective : 106.792

[EVALUATION 21]
  Date/time : 2026-05-21 13:29:30
  x         : [202.07, 76.10, 76.10, 76.10, 76.10, 76.10, 3.00, 3.00, 3.00, 3.00, 3.00, 26.90, 26.90, 26.90, 26.90, 26.90, 2.30, 2.30, 2.30, 2.30, 2.30, 26.90, 26.90, 26.90, 26.90, 26.90, 2.30, 2.30, 2.30, 2.30, 2.30]
  Objective : 106.792

[EVALUATION 22]
  Date/time : 2026-05-21 13:29:35
  x         : [202.07, 76.10, 76.10, 76.10, 76.10, 76.10, 3.00, 3.00, 3.00, 3.00, 3.00, 26.90, 26.90, 26.90, 26.90, 26.90, 2.30, 2.30, 2.30, 2.30, 2.30, 26.90, 26.90, 26.90, 26.90, 26.90, 2.30, 2.30, 2.30, 2.30, 2.30]
  Objective : 106.792

[EVALUATION 23]
  Date/time : 2026-05-21 13:29:39
  x         : [202.07, 76.10, 76.10, 76.10, 76.10, 76.10, 3.00, 3.00, 3.00, 3.00, 3.00, 26.90, 26.90, 26.90, 26.90, 26.90, 2.30, 2.30, 2.30, 2.30, 2.30, 26.93, 26.90, 26.90, 26.90, 26.90, 2.30, 2.30, 2.30, 2.30, 2.30]
  Objective : 106.792

[EVALUATION 24]
  Date/time : 2026-05-21 13:29:43
  x         : [202.07, 76.10, 76.10, 76.10, 76.10, 76.10, 3.00, 3.00, 3.00, 3.00, 3.00, 26.90, 26.90, 26.90, 26.90, 26.90, 2.30, 2.30, 2.30, 2.30, 2.30, 26.90, 26.93, 26.90, 26.90, 26.90, 2.30, 2.30, 2.30, 2.30, 2.30]
  Objective : 106.792

[EVALUATION 25]
  Date/time : 2026-05-21 13:29:47
  x         : [202.07, 76.10, 76.10, 76.10, 76.10, 76.10, 3.00, 3.00, 3.00, 3.00, 3.00, 26.90, 26.90, 26.90, 26.90, 26.90, 2.30, 2.30, 2.30, 2.30, 2.30, 26.90, 26.90, 26.93, 26.90, 26.90, 2.30, 2.30, 2.30, 2.30, 2.30]
  Objective : 106.792

[EVALUATION 26]
  Date/time : 2026-05-21 13:29:52
  x         : [202.07, 76.10, 76.10, 76.10, 76.10, 76.10, 3.00, 3.00, 3.00, 3.00, 3.00, 26.90, 26.90, 26.90, 26.90, 26.90, 2.30, 2.30, 2.30, 2.30, 2.30, 26.90, 26.90, 26.90, 26.93, 26.90, 2.30, 2.30, 2.30, 2.30, 2.30]
  Objective : 106.792

[EVALUATION 27]
  Date/time : 2026-05-21 13:29:56
  x         : [202.07, 76.10, 76.10, 76.10, 76.10, 76.10, 3.00, 3.00, 3.00, 3.00, 3.00, 26.90, 26.90, 26.90, 26.90, 26.90, 2.30, 2.30, 2.30, 2.30, 2.30, 26.90, 26.90, 26.90, 26.90, 26.93, 2.30, 2.30, 2.30, 2.30, 2.30]
  Objective : 106.792

[EVALUATION 28]
  Date/time : 2026-05-21 13:30:01
  x         : [202.07, 76.10, 76.10, 76.10, 76.10, 76.10, 3.00, 3.00, 3.00, 3.00, 3.00, 26.90, 26.90, 26.90, 26.90, 26.90, 2.30, 2.30, 2.30, 2.30, 2.30, 26.90, 26.90, 26.90, 26.90, 26.90, 2.30, 2.30, 2.30, 2.30, 2.30]
  Objective : 106.791

[EVALUATION 29]
  Date/time : 2026-05-21 13:30:05
  x         : [202.07, 76.10, 76.10, 76.10, 76.10, 76.10, 3.00, 3.00, 3.00, 3.00, 3.00, 26.90, 26.90, 26.90, 26.90, 26.90, 2.30, 2.30, 2.30, 2.30, 2.30, 26.90, 26.90, 26.90, 26.90, 26.90, 2.30, 2.30, 2.30, 2.30, 2.30]
  Objective : 106.791

[EVALUATION 30]
  Date/time : 2026-05-21 13:30:10
  x         : [202.07, 76.10, 76.10, 76.10, 76.10, 76.10, 3.00, 3.00, 3.00, 3.00, 3.00, 26.90, 26.90, 26.90, 26.90, 26.90, 2.30, 2.30, 2.30, 2.30, 2.30, 26.90, 26.90, 26.90, 26.90, 26.90, 2.30, 2.30, 2.30, 2.30, 2.30]
  Objective : 106.791

[EVALUATION 31]
  Date/time : 2026-05-21 13:30:14
  x         : [202.07, 76.10, 76.10, 76.10, 76.10, 76.10, 3.00, 3.00, 3.00, 3.00, 3.00, 26.90, 26.90, 26.90, 26.90, 26.90, 2.30, 2.30, 2.30, 2.30, 2.30, 26.90, 26.90, 26.90, 26.90, 26.90, 2.30, 2.30, 2.30, 2.30, 2.30]
  Objective : 106.791

[EVALUATION 32]
  Date/time : 2026-05-21 13:30:18
  x         : [202.07, 76.10, 76.10, 76.10, 76.10, 76.10, 3.00, 3.00, 3.00, 3.00, 3.00, 26.90, 26.90, 26.90, 26.90, 26.90, 2.30, 2.30, 2.30, 2.30, 2.30, 26.90, 26.90, 26.90, 26.90, 26.90, 2.30, 2.30, 2.30, 2.30, 2.30]
  Objective : 106.791

[EVALUATION 33]
  Date/time : 2026-05-21 13:30:23
  x         : [202.07, 76.10, 76.10, 76.10, 76.10, 76.10, 3.00, 3.00, 3.00, 3.00, 3.00, 26.90, 26.90, 26.90, 26.90, 26.90, 2.30, 2.30, 2.30, 2.30, 2.30, 26.90, 26.90, 26.90, 26.90, 26.90, 2.30, 2.30, 2.30, 2.30, 2.30]
  Objective : 106.788

[EVALUATION 34]
  Date/time : 2026-05-21 13:30:27
  x         : [202.27, 76.10, 76.10, 76.10, 76.10, 76.10, 3.00, 3.00, 3.00, 3.00, 3.00, 26.90, 26.90, 26.90, 26.90, 26.90, 2.30, 2.30, 2.30, 2.30, 2.30, 26.90, 26.90, 26.90, 26.90, 26.90, 2.30, 2.30, 2.30, 2.30, 2.30]
  Objective : 106.821

[EVALUATION 35]
  Date/time : 2026-05-21 13:30:32
  x         : [202.07, 76.18, 76.10, 76.10, 76.10, 76.10, 3.00, 3.00, 3.00, 3.00, 3.00, 26.90, 26.90, 26.90, 26.90, 26.90, 2.30, 2.30, 2.30, 2.30, 2.30, 26.90, 26.90, 26.90, 26.90, 26.90, 2.30, 2.30, 2.30, 2.30, 2.30]
  Objective : 106.801

[EVALUATION 36]
  Date/time : 2026-05-21 13:30:36
  x         : [202.07, 76.10, 76.18, 76.10, 76.10, 76.10, 3.00, 3.00, 3.00, 3.00, 3.00, 26.90, 26.90, 26.90, 26.90, 26.90, 2.30, 2.30, 2.30, 2.30, 2.30, 26.90, 26.90, 26.90, 26.90, 26.90, 2.30, 2.30, 2.30, 2.30, 2.30]
  Objective : 106.801

[EVALUATION 37]
  Date/time : 2026-05-21 13:30:40
  x         : [202.07, 76.10, 76.10, 76.18, 76.10, 76.10, 3.00, 3.00, 3.00, 3.00, 3.00, 26.90, 26.90, 26.90, 26.90, 26.90, 2.30, 2.30, 2.30, 2.30, 2.30, 26.90, 26.90, 26.90, 26.90, 26.90, 2.30, 2.30, 2.30, 2.30, 2.30]
  Objective : 106.801

[EVALUATION 38]
  Date/time : 2026-05-21 13:30:45
  x         : [202.07, 76.10, 76.10, 76.10, 76.18, 76.10, 3.00, 3.00, 3.00, 3.00, 3.00, 26.90, 26.90, 26.90, 26.90, 26.90, 2.30, 2.30, 2.30, 2.30, 2.30, 26.90, 26.90, 26.90, 26.90, 26.90, 2.30, 2.30, 2.30, 2.30, 2.30]
  Objective : 106.801

[EVALUATION 39]
  Date/time : 2026-05-21 13:30:49
  x         : [202.07, 76.10, 76.10, 76.10, 76.10, 76.18, 3.00, 3.00, 3.00, 3.00, 3.00, 26.90, 26.90, 26.90, 26.90, 26.90, 2.30, 2.30, 2.30, 2.30, 2.30, 26.90, 26.90, 26.90, 26.90, 26.90, 2.30, 2.30, 2.30, 2.30, 2.30]
  Objective : 106.801

[EVALUATION 40]
  Date/time : 2026-05-21 13:30:54
  x         : [202.07, 76.10, 76.10, 76.10, 76.10, 76.10, 3.00, 3.00, 3.00, 3.00, 3.00, 26.90, 26.90, 26.90, 26.90, 26.90, 2.30, 2.30, 2.30, 2.30, 2.30, 26.90, 26.90, 26.90, 26.90, 26.90, 2.30, 2.30, 2.30, 2.30, 2.30]
  Objective : 106.800

[EVALUATION 41]
  Date/time : 2026-05-21 13:30:59
  x         : [202.07, 76.10, 76.10, 76.10, 76.10, 76.10, 3.00, 3.00, 3.00, 3.00, 3.00, 26.90, 26.90, 26.90, 26.90, 26.90, 2.30, 2.30, 2.30, 2.30, 2.30, 26.90, 26.90, 26.90, 26.90, 26.90, 2.30, 2.30, 2.30, 2.30, 2.30]
  Objective : 106.800

[EVALUATION 42]
  Date/time : 2026-05-21 13:31:03
  x         : [202.07, 76.10, 76.10, 76.10, 76.10, 76.10, 3.00, 3.00, 3.00, 3.00, 3.00, 26.90, 26.90, 26.90, 26.90, 26.90, 2.30, 2.30, 2.30, 2.30, 2.30, 26.90, 26.90, 26.90, 26.90, 26.90, 2.30, 2.30, 2.30, 2.30, 2.30]
  Objective : 106.800

[EVALUATION 43]
  Date/time : 2026-05-21 13:31:08
  x         : [202.07, 76.10, 76.10, 76.10, 76.10, 76.10, 3.00, 3.00, 3.00, 3.00, 3.00, 26.90, 26.90, 26.90, 26.90, 26.90, 2.30, 2.30, 2.30, 2.30, 2.30, 26.90, 26.90, 26.90, 26.90, 26.90, 2.30, 2.30, 2.30, 2.30, 2.30]
  Objective : 106.800

[EVALUATION 44]
  Date/time : 2026-05-21 13:31:12
  x         : [202.07, 76.10, 76.10, 76.10, 76.10, 76.10, 3.00, 3.00, 3.00, 3.00, 3.00, 26.90, 26.90, 26.90, 26.90, 26.90, 2.30, 2.30, 2.30, 2.30, 2.30, 26.90, 26.90, 26.90, 26.90, 26.90, 2.30, 2.30, 2.30, 2.30, 2.30]
  Objective : 106.800

[EVALUATION 45]
  Date/time : 2026-05-21 13:31:16
  x         : [202.07, 76.10, 76.10, 76.10, 76.10, 76.10, 3.00, 3.00, 3.00, 3.00, 3.00, 26.93, 26.90, 26.90, 26.90, 26.90, 2.30, 2.30, 2.30, 2.30, 2.30, 26.90, 26.90, 26.90, 26.90, 26.90, 2.30, 2.30, 2.30, 2.30, 2.30]
  Objective : 106.792

[EVALUATION 46]
  Date/time : 2026-05-21 13:31:21
  x         : [202.07, 76.10, 76.10, 76.10, 76.10, 76.10, 3.00, 3.00, 3.00, 3.00, 3.00, 26.90, 26.93, 26.90, 26.90, 26.90, 2.30, 2.30, 2.30, 2.30, 2.30, 26.90, 26.90, 26.90, 26.90, 26.90, 2.30, 2.30, 2.30, 2.30, 2.30]
  Objective : 106.792

[EVALUATION 47]
  Date/time : 2026-05-21 13:31:25
  x         : [202.07, 76.10, 76.10, 76.10, 76.10, 76.10, 3.00, 3.00, 3.00, 3.00, 3.00, 26.90, 26.90, 26.93, 26.90, 26.90, 2.30, 2.30, 2.30, 2.30, 2.30, 26.90, 26.90, 26.90, 26.90, 26.90, 2.30, 2.30, 2.30, 2.30, 2.30]
  Objective : 106.792

[EVALUATION 48]
  Date/time : 2026-05-21 13:31:29
  x         : [202.07, 76.10, 76.10, 76.10, 76.10, 76.10, 3.00, 3.00, 3.00, 3.00, 3.00, 26.90, 26.90, 26.90, 26.93, 26.90, 2.30, 2.30, 2.30, 2.30, 2.30, 26.90, 26.90, 26.90, 26.90, 26.90, 2.30, 2.30, 2.30, 2.30, 2.30]
  Objective : 106.792

[EVALUATION 49]
  Date/time : 2026-05-21 13:31:34
  x         : [202.07, 76.10, 76.10, 76.10, 76.10, 76.10, 3.00, 3.00, 3.00, 3.00, 3.00, 26.90, 26.90, 26.90, 26.90, 26.93, 2.30, 2.30, 2.30, 2.30, 2.30, 26.90, 26.90, 26.90, 26.90, 26.90, 2.30, 2.30, 2.30, 2.30, 2.30]
  Objective : 106.792

[EVALUATION 50]
  Date/time : 2026-05-21 13:31:38
  x         : [202.07, 76.10, 76.10, 76.10, 76.10, 76.10, 3.00, 3.00, 3.00, 3.00, 3.00, 26.90, 26.90, 26.90, 26.90, 26.90, 2.30, 2.30, 2.30, 2.30, 2.30, 26.90, 26.90, 26.90, 26.90, 26.90, 2.30, 2.30, 2.30, 2.30, 2.30]
  Objective : 106.792

[EVALUATION 51]
  Date/time : 2026-05-21 13:31:43
  x         : [202.07, 76.10, 76.10, 76.10, 76.10, 76.10, 3.00, 3.00, 3.00, 3.00, 3.00, 26.90, 26.90, 26.90, 26.90, 26.90, 2.30, 2.30, 2.30, 2.30, 2.30, 26.90, 26.90, 26.90, 26.90, 26.90, 2.30, 2.30, 2.30, 2.30, 2.30]
  Objective : 106.792

[EVALUATION 52]
  Date/time : 2026-05-21 13:31:48
  x         : [202.07, 76.10, 76.10, 76.10, 76.10, 76.10, 3.00, 3.00, 3.00, 3.00, 3.00, 26.90, 26.90, 26.90, 26.90, 26.90, 2.30, 2.30, 2.30, 2.30, 2.30, 26.90, 26.90, 26.90, 26.90, 26.90, 2.30, 2.30, 2.30, 2.30, 2.30]
  Objective : 106.792

[EVALUATION 53]
  Date/time : 2026-05-21 13:31:52
  x         : [202.07, 76.10, 76.10, 76.10, 76.10, 76.10, 3.00, 3.00, 3.00, 3.00, 3.00, 26.90, 26.90, 26.90, 26.90, 26.90, 2.30, 2.30, 2.30, 2.30, 2.30, 26.90, 26.90, 26.90, 26.90, 26.90, 2.30, 2.30, 2.30, 2.30, 2.30]
  Objective : 106.792

[EVALUATION 54]
  Date/time : 2026-05-21 13:31:57
  x         : [202.07, 76.10, 76.10, 76.10, 76.10, 76.10, 3.00, 3.00, 3.00, 3.00, 3.00, 26.90, 26.90, 26.90, 26.90, 26.90, 2.30, 2.30, 2.30, 2.30, 2.30, 26.90, 26.90, 26.90, 26.90, 26.90, 2.30, 2.30, 2.30, 2.30, 2.30]
  Objective : 106.792

[EVALUATION 55]
  Date/time : 2026-05-21 13:32:02
  x         : [202.07, 76.10, 76.10, 76.10, 76.10, 76.10, 3.00, 3.00, 3.00, 3.00, 3.00, 26.90, 26.90, 26.90, 26.90, 26.90, 2.30, 2.30, 2.30, 2.30, 2.30, 26.93, 26.90, 26.90, 26.90, 26.90, 2.30, 2.30, 2.30, 2.30, 2.30]
  Objective : 106.792

[EVALUATION 56]
  Date/time : 2026-05-21 13:32:06
  x         : [202.07, 76.10, 76.10, 76.10, 76.10, 76.10, 3.00, 3.00, 3.00, 3.00, 3.00, 26.90, 26.90, 26.90, 26.90, 26.90, 2.30, 2.30, 2.30, 2.30, 2.30, 26.90, 26.93, 26.90, 26.90, 26.90, 2.30, 2.30, 2.30, 2.30, 2.30]
  Objective : 106.792

[EVALUATION 57]
  Date/time : 2026-05-21 13:32:11
  x         : [202.07, 76.10, 76.10, 76.10, 76.10, 76.10, 3.00, 3.00, 3.00, 3.00, 3.00, 26.90, 26.90, 26.90, 26.90, 26.90, 2.30, 2.30, 2.30, 2.30, 2.30, 26.90, 26.90, 26.93, 26.90, 26.90, 2.30, 2.30, 2.30, 2.30, 2.30]
  Objective : 106.792

[EVALUATION 58]
  Date/time : 2026-05-21 13:32:16
  x         : [202.07, 76.10, 76.10, 76.10, 76.10, 76.10, 3.00, 3.00, 3.00, 3.00, 3.00, 26.90, 26.90, 26.90, 26.90, 26.90, 2.30, 2.30, 2.30, 2.30, 2.30, 26.90, 26.90, 26.90, 26.93, 26.90, 2.30, 2.30, 2.30, 2.30, 2.30]
  Objective : 106.792

[EVALUATION 59]
  Date/time : 2026-05-21 13:32:20
  x         : [202.07, 76.10, 76.10, 76.10, 76.10, 76.10, 3.00, 3.00, 3.00, 3.00, 3.00, 26.90, 26.90, 26.90, 26.90, 26.90, 2.30, 2.30, 2.30, 2.30, 2.30, 26.90, 26.90, 26.90, 26.90, 26.93, 2.30, 2.30, 2.30, 2.30, 2.30]
  Objective : 106.792

[EVALUATION 60]
  Date/time : 2026-05-21 13:32:25
  x         : [202.07, 76.10, 76.10, 76.10, 76.10, 76.10, 3.00, 3.00, 3.00, 3.00, 3.00, 26.90, 26.90, 26.90, 26.90, 26.90, 2.30, 2.30, 2.30, 2.30, 2.30, 26.90, 26.90, 26.90, 26.90, 26.90, 2.30, 2.30, 2.30, 2.30, 2.30]
  Objective : 106.791

[EVALUATION 61]
  Date/time : 2026-05-21 13:32:30
  x         : [202.07, 76.10, 76.10, 76.10, 76.10, 76.10, 3.00, 3.00, 3.00, 3.00, 3.00, 26.90, 26.90, 26.90, 26.90, 26.90, 2.30, 2.30, 2.30, 2.30, 2.30, 26.90, 26.90, 26.90, 26.90, 26.90, 2.30, 2.30, 2.30, 2.30, 2.30]
  Objective : 106.791

[EVALUATION 62]
  Date/time : 2026-05-21 13:32:34
  x         : [202.07, 76.10, 76.10, 76.10, 76.10, 76.10, 3.00, 3.00, 3.00, 3.00, 3.00, 26.90, 26.90, 26.90, 26.90, 26.90, 2.30, 2.30, 2.30, 2.30, 2.30, 26.90, 26.90, 26.90, 26.90, 26.90, 2.30, 2.30, 2.30, 2.30, 2.30]
  Objective : 106.791

[EVALUATION 63]
  Date/time : 2026-05-21 13:32:39
  x         : [202.07, 76.10, 76.10, 76.10, 76.10, 76.10, 3.00, 3.00, 3.00, 3.00, 3.00, 26.90, 26.90, 26.90, 26.90, 26.90, 2.30, 2.30, 2.30, 2.30, 2.30, 26.90, 26.90, 26.90, 26.90, 26.90, 2.30, 2.30, 2.30, 2.30, 2.30]
  Objective : 106.791

[EVALUATION 64]
  Date/time : 2026-05-21 13:32:44
  x         : [202.07, 76.10, 76.10, 76.10, 76.10, 76.10, 3.00, 3.00, 3.00, 3.00, 3.00, 26.90, 26.90, 26.90, 26.90, 26.90, 2.30, 2.30, 2.30, 2.30, 2.30, 26.90, 26.90, 26.90, 26.90, 26.90, 2.30, 2.30, 2.30, 2.30, 2.30]
  Objective : 106.791

[EVALUATION 65]
  Date/time : 2026-05-21 13:32:49
  x         : [201.91, 75.75, 75.75, 75.75, 75.75, 75.74, 3.21, 3.21, 3.21, 3.21, 3.21, 26.72, 26.72, 26.72, 26.72, 26.72, 1.00, 1.00, 1.00, 1.00, 1.00, 26.75, 26.75, 26.75, 26.75, 26.75, 1.00, 1.00, 1.00, 1.00, 1.00]
  Objective : 88.438

[ITERATION 1]
  Date/time : 2026-05-21 13:32:50
  x         : [201.905503,  75.745542,  75.74633 ,  75.74633 ,  75.74633 ,  75.743179,
   3.206996,   3.207027,   3.207027,   3.207027,   3.206902,  26.72119 ,
  26.72119 ,  26.72119 ,  26.72119 ,  26.72119 ,   1.      ,   1.      ,
   1.      ,   1.      ,   1.      ,  26.745353,  26.745353,  26.745353,
  26.745353,  26.745353,   1.      ,   1.      ,   1.      ,   1.      ,
   1.      ]

Util_LB     Column:    0.031  Brace:    0.007
Util_NF     Column:    0.471  Brace:    0.287
Util_S      Column:    0.018  Brace:    0.013
Util_T      Column:    0.030  Brace:    0.036
Util_BR     Column:    0.549  Brace:    0.367
Util_IN     Column:    0.636  Brace:    0.465
Util_BS_sig  Column:    N/A    Brace:    0.563
Util_BS_defl  Column:    N/A    Brace:    0.140
[EVALUATION 66]
  Date/time : 2026-05-21 13:32:54
  x         : [202.11, 75.75, 75.75, 75.75, 75.75, 75.74, 3.21, 3.21, 3.21, 3.21, 3.21, 26.72, 26.72, 26.72, 26.72, 26.72, 1.00, 1.00, 1.00, 1.00, 1.00, 26.75, 26.75, 26.75, 26.75, 26.75, 1.00, 1.00, 1.00, 1.00, 1.00]
  Objective : 88.453

[EVALUATION 67]
  Date/time : 2026-05-21 13:32:59
  x         : [201.91, 75.82, 75.75, 75.75, 75.75, 75.74, 3.21, 3.21, 3.21, 3.21, 3.21, 26.72, 26.72, 26.72, 26.72, 26.72, 1.00, 1.00, 1.00, 1.00, 1.00, 26.75, 26.75, 26.75, 26.75, 26.75, 1.00, 1.00, 1.00, 1.00, 1.00]
  Objective : 88.453

[EVALUATION 68]
  Date/time : 2026-05-21 13:33:03
  x         : [201.91, 75.75, 75.82, 75.75, 75.75, 75.74, 3.21, 3.21, 3.21, 3.21, 3.21, 26.72, 26.72, 26.72, 26.72, 26.72, 1.00, 1.00, 1.00, 1.00, 1.00, 26.75, 26.75, 26.75, 26.75, 26.75, 1.00, 1.00, 1.00, 1.00, 1.00]
  Objective : 88.453

[EVALUATION 69]
  Date/time : 2026-05-21 13:33:08
  x         : [201.91, 75.75, 75.75, 75.82, 75.75, 75.74, 3.21, 3.21, 3.21, 3.21, 3.21, 26.72, 26.72, 26.72, 26.72, 26.72, 1.00, 1.00, 1.00, 1.00, 1.00, 26.75, 26.75, 26.75, 26.75, 26.75, 1.00, 1.00, 1.00, 1.00, 1.00]
  Objective : 88.453

[EVALUATION 70]
  Date/time : 2026-05-21 13:33:12
  x         : [201.91, 75.75, 75.75, 75.75, 75.82, 75.74, 3.21, 3.21, 3.21, 3.21, 3.21, 26.72, 26.72, 26.72, 26.72, 26.72, 1.00, 1.00, 1.00, 1.00, 1.00, 26.75, 26.75, 26.75, 26.75, 26.75, 1.00, 1.00, 1.00, 1.00, 1.00]
  Objective : 88.453

[EVALUATION 71]
  Date/time : 2026-05-21 13:33:17
  x         : [201.91, 75.75, 75.75, 75.75, 75.75, 75.82, 3.21, 3.21, 3.21, 3.21, 3.21, 26.72, 26.72, 26.72, 26.72, 26.72, 1.00, 1.00, 1.00, 1.00, 1.00, 26.75, 26.75, 26.75, 26.75, 26.75, 1.00, 1.00, 1.00, 1.00, 1.00]
  Objective : 88.453

[EVALUATION 72]
  Date/time : 2026-05-21 13:33:21
  x         : [201.91, 75.75, 75.75, 75.75, 75.75, 75.74, 3.21, 3.21, 3.21, 3.21, 3.21, 26.72, 26.72, 26.72, 26.72, 26.72, 1.00, 1.00, 1.00, 1.00, 1.00, 26.75, 26.75, 26.75, 26.75, 26.75, 1.00, 1.00, 1.00, 1.00, 1.00]
  Objective : 88.452

[EVALUATION 73]
  Date/time : 2026-05-21 13:33:26
  x         : [201.91, 75.75, 75.75, 75.75, 75.75, 75.74, 3.21, 3.21, 3.21, 3.21, 3.21, 26.72, 26.72, 26.72, 26.72, 26.72, 1.00, 1.00, 1.00, 1.00, 1.00, 26.75, 26.75, 26.75, 26.75, 26.75, 1.00, 1.00, 1.00, 1.00, 1.00]
  Objective : 88.452

[EVALUATION 74]
  Date/time : 2026-05-21 13:33:31
  x         : [201.91, 75.75, 75.75, 75.75, 75.75, 75.74, 3.21, 3.21, 3.21, 3.21, 3.21, 26.72, 26.72, 26.72, 26.72, 26.72, 1.00, 1.00, 1.00, 1.00, 1.00, 26.75, 26.75, 26.75, 26.75, 26.75, 1.00, 1.00, 1.00, 1.00, 1.00]
  Objective : 88.452

[EVALUATION 75]
  Date/time : 2026-05-21 13:33:35
  x         : [201.91, 75.75, 75.75, 75.75, 75.75, 75.74, 3.21, 3.21, 3.21, 3.21, 3.21, 26.72, 26.72, 26.72, 26.72, 26.72, 1.00, 1.00, 1.00, 1.00, 1.00, 26.75, 26.75, 26.75, 26.75, 26.75, 1.00, 1.00, 1.00, 1.00, 1.00]
  Objective : 88.452

[EVALUATION 76]
  Date/time : 2026-05-21 13:33:40
  x         : [201.91, 75.75, 75.75, 75.75, 75.75, 75.74, 3.21, 3.21, 3.21, 3.21, 3.21, 26.72, 26.72, 26.72, 26.72, 26.72, 1.00, 1.00, 1.00, 1.00, 1.00, 26.75, 26.75, 26.75, 26.75, 26.75, 1.00, 1.00, 1.00, 1.00, 1.00]
  Objective : 88.452

[EVALUATION 77]
  Date/time : 2026-05-21 13:33:44
  x         : [201.91, 75.75, 75.75, 75.75, 75.75, 75.74, 3.21, 3.21, 3.21, 3.21, 3.21, 26.75, 26.72, 26.72, 26.72, 26.72, 1.00, 1.00, 1.00, 1.00, 1.00, 26.75, 26.75, 26.75, 26.75, 26.75, 1.00, 1.00, 1.00, 1.00, 1.00]
  Objective : 88.440

[EVALUATION 78]
  Date/time : 2026-05-21 13:33:49
  x         : [201.91, 75.75, 75.75, 75.75, 75.75, 75.74, 3.21, 3.21, 3.21, 3.21, 3.21, 26.72, 26.75, 26.72, 26.72, 26.72, 1.00, 1.00, 1.00, 1.00, 1.00, 26.75, 26.75, 26.75, 26.75, 26.75, 1.00, 1.00, 1.00, 1.00, 1.00]
  Objective : 88.440

[EVALUATION 79]
  Date/time : 2026-05-21 13:33:53
  x         : [201.91, 75.75, 75.75, 75.75, 75.75, 75.74, 3.21, 3.21, 3.21, 3.21, 3.21, 26.72, 26.72, 26.75, 26.72, 26.72, 1.00, 1.00, 1.00, 1.00, 1.00, 26.75, 26.75, 26.75, 26.75, 26.75, 1.00, 1.00, 1.00, 1.00, 1.00]
  Objective : 88.440

[EVALUATION 80]
  Date/time : 2026-05-21 13:33:58
  x         : [201.91, 75.75, 75.75, 75.75, 75.75, 75.74, 3.21, 3.21, 3.21, 3.21, 3.21, 26.72, 26.72, 26.72, 26.75, 26.72, 1.00, 1.00, 1.00, 1.00, 1.00, 26.75, 26.75, 26.75, 26.75, 26.75, 1.00, 1.00, 1.00, 1.00, 1.00]
  Objective : 88.440

[EVALUATION 81]
  Date/time : 2026-05-21 13:34:02
  x         : [201.91, 75.75, 75.75, 75.75, 75.75, 75.74, 3.21, 3.21, 3.21, 3.21, 3.21, 26.72, 26.72, 26.72, 26.72, 26.75, 1.00, 1.00, 1.00, 1.00, 1.00, 26.75, 26.75, 26.75, 26.75, 26.75, 1.00, 1.00, 1.00, 1.00, 1.00]
  Objective : 88.440

[EVALUATION 82]
  Date/time : 2026-05-21 13:34:07
  x         : [201.91, 75.75, 75.75, 75.75, 75.75, 75.74, 3.21, 3.21, 3.21, 3.21, 3.21, 26.72, 26.72, 26.72, 26.72, 26.72, 1.00, 1.00, 1.00, 1.00, 1.00, 26.75, 26.75, 26.75, 26.75, 26.75, 1.00, 1.00, 1.00, 1.00, 1.00]
  Objective : 88.440

[EVALUATION 83]
  Date/time : 2026-05-21 13:34:12
  x         : [201.91, 75.75, 75.75, 75.75, 75.75, 75.74, 3.21, 3.21, 3.21, 3.21, 3.21, 26.72, 26.72, 26.72, 26.72, 26.72, 1.00, 1.00, 1.00, 1.00, 1.00, 26.75, 26.75, 26.75, 26.75, 26.75, 1.00, 1.00, 1.00, 1.00, 1.00]
  Objective : 88.440

[EVALUATION 84]
  Date/time : 2026-05-21 13:34:16
  x         : [201.91, 75.75, 75.75, 75.75, 75.75, 75.74, 3.21, 3.21, 3.21, 3.21, 3.21, 26.72, 26.72, 26.72, 26.72, 26.72, 1.00, 1.00, 1.00, 1.00, 1.00, 26.75, 26.75, 26.75, 26.75, 26.75, 1.00, 1.00, 1.00, 1.00, 1.00]
  Objective : 88.440

[EVALUATION 85]
  Date/time : 2026-05-21 13:34:21
  x         : [201.91, 75.75, 75.75, 75.75, 75.75, 75.74, 3.21, 3.21, 3.21, 3.21, 3.21, 26.72, 26.72, 26.72, 26.72, 26.72, 1.00, 1.00, 1.00, 1.00, 1.00, 26.75, 26.75, 26.75, 26.75, 26.75, 1.00, 1.00, 1.00, 1.00, 1.00]
  Objective : 88.440

[EVALUATION 86]
  Date/time : 2026-05-21 13:34:26
  x         : [201.91, 75.75, 75.75, 75.75, 75.75, 75.74, 3.21, 3.21, 3.21, 3.21, 3.21, 26.72, 26.72, 26.72, 26.72, 26.72, 1.00, 1.00, 1.00, 1.00, 1.00, 26.75, 26.75, 26.75, 26.75, 26.75, 1.00, 1.00, 1.00, 1.00, 1.00]
  Objective : 88.440

[EVALUATION 87]
  Date/time : 2026-05-21 13:34:30
  x         : [201.91, 75.75, 75.75, 75.75, 75.75, 75.74, 3.21, 3.21, 3.21, 3.21, 3.21, 26.72, 26.72, 26.72, 26.72, 26.72, 1.00, 1.00, 1.00, 1.00, 1.00, 26.77, 26.75, 26.75, 26.75, 26.75, 1.00, 1.00, 1.00, 1.00, 1.00]
  Objective : 88.440

[EVALUATION 88]
  Date/time : 2026-05-21 13:34:35
  x         : [201.91, 75.75, 75.75, 75.75, 75.75, 75.74, 3.21, 3.21, 3.21, 3.21, 3.21, 26.72, 26.72, 26.72, 26.72, 26.72, 1.00, 1.00, 1.00, 1.00, 1.00, 26.75, 26.77, 26.75, 26.75, 26.75, 1.00, 1.00, 1.00, 1.00, 1.00]
  Objective : 88.440

[EVALUATION 89]
  Date/time : 2026-05-21 13:34:39
  x         : [201.91, 75.75, 75.75, 75.75, 75.75, 75.74, 3.21, 3.21, 3.21, 3.21, 3.21, 26.72, 26.72, 26.72, 26.72, 26.72, 1.00, 1.00, 1.00, 1.00, 1.00, 26.75, 26.75, 26.77, 26.75, 26.75, 1.00, 1.00, 1.00, 1.00, 1.00]
  Objective : 88.440

[EVALUATION 90]
  Date/time : 2026-05-21 13:34:44
  x         : [201.91, 75.75, 75.75, 75.75, 75.75, 75.74, 3.21, 3.21, 3.21, 3.21, 3.21, 26.72, 26.72, 26.72, 26.72, 26.72, 1.00, 1.00, 1.00, 1.00, 1.00, 26.75, 26.75, 26.75, 26.77, 26.75, 1.00, 1.00, 1.00, 1.00, 1.00]
  Objective : 88.440

[EVALUATION 91]
  Date/time : 2026-05-21 13:34:49
  x         : [201.91, 75.75, 75.75, 75.75, 75.75, 75.74, 3.21, 3.21, 3.21, 3.21, 3.21, 26.72, 26.72, 26.72, 26.72, 26.72, 1.00, 1.00, 1.00, 1.00, 1.00, 26.75, 26.75, 26.75, 26.75, 26.77, 1.00, 1.00, 1.00, 1.00, 1.00]
  Objective : 88.440

[EVALUATION 92]
  Date/time : 2026-05-21 13:34:53
  x         : [201.91, 75.75, 75.75, 75.75, 75.75, 75.74, 3.21, 3.21, 3.21, 3.21, 3.21, 26.72, 26.72, 26.72, 26.72, 26.72, 1.00, 1.00, 1.00, 1.00, 1.00, 26.75, 26.75, 26.75, 26.75, 26.75, 1.00, 1.00, 1.00, 1.00, 1.00]
  Objective : 88.440

[EVALUATION 93]
  Date/time : 2026-05-21 13:34:58
  x         : [201.91, 75.75, 75.75, 75.75, 75.75, 75.74, 3.21, 3.21, 3.21, 3.21, 3.21, 26.72, 26.72, 26.72, 26.72, 26.72, 1.00, 1.00, 1.00, 1.00, 1.00, 26.75, 26.75, 26.75, 26.75, 26.75, 1.00, 1.00, 1.00, 1.00, 1.00]
  Objective : 88.440

[EVALUATION 94]
  Date/time : 2026-05-21 13:35:03
  x         : [201.91, 75.75, 75.75, 75.75, 75.75, 75.74, 3.21, 3.21, 3.21, 3.21, 3.21, 26.72, 26.72, 26.72, 26.72, 26.72, 1.00, 1.00, 1.00, 1.00, 1.00, 26.75, 26.75, 26.75, 26.75, 26.75, 1.00, 1.00, 1.00, 1.00, 1.00]
  Objective : 88.440

[EVALUATION 95]
  Date/time : 2026-05-21 13:35:07
  x         : [201.91, 75.75, 75.75, 75.75, 75.75, 75.74, 3.21, 3.21, 3.21, 3.21, 3.21, 26.72, 26.72, 26.72, 26.72, 26.72, 1.00, 1.00, 1.00, 1.00, 1.00, 26.75, 26.75, 26.75, 26.75, 26.75, 1.00, 1.00, 1.00, 1.00, 1.00]
  Objective : 88.440

[EVALUATION 96]
  Date/time : 2026-05-21 13:35:12
  x         : [201.91, 75.75, 75.75, 75.75, 75.75, 75.74, 3.21, 3.21, 3.21, 3.21, 3.21, 26.72, 26.72, 26.72, 26.72, 26.72, 1.00, 1.00, 1.00, 1.00, 1.00, 26.75, 26.75, 26.75, 26.75, 26.75, 1.00, 1.00, 1.00, 1.00, 1.00]
  Objective : 88.440

[EVALUATION 97]
  Date/time : 2026-05-21 13:35:17
  x         : [201.91, 75.75, 75.75, 75.75, 75.75, 75.74, 3.21, 3.21, 3.21, 3.21, 3.21, 26.72, 26.72, 26.72, 26.72, 26.72, 1.00, 1.00, 1.00, 1.00, 1.00, 26.75, 26.75, 26.75, 26.75, 26.75, 1.00, 1.00, 1.00, 1.00, 1.00]
  Objective : 88.438

[EVALUATION 98]
  Date/time : 2026-05-21 13:35:21
  x         : [202.11, 75.75, 75.75, 75.75, 75.75, 75.74, 3.21, 3.21, 3.21, 3.21, 3.21, 26.72, 26.72, 26.72, 26.72, 26.72, 1.00, 1.00, 1.00, 1.00, 1.00, 26.75, 26.75, 26.75, 26.75, 26.75, 1.00, 1.00, 1.00, 1.00, 1.00]
  Objective : 88.453

[EVALUATION 99]
  Date/time : 2026-05-21 13:35:26
  x         : [201.91, 75.82, 75.75, 75.75, 75.75, 75.74, 3.21, 3.21, 3.21, 3.21, 3.21, 26.72, 26.72, 26.72, 26.72, 26.72, 1.00, 1.00, 1.00, 1.00, 1.00, 26.75, 26.75, 26.75, 26.75, 26.75, 1.00, 1.00, 1.00, 1.00, 1.00]
  Objective : 88.453

[EVALUATION 100]
  Date/time : 2026-05-21 13:35:31
  x         : [201.91, 75.75, 75.82, 75.75, 75.75, 75.74, 3.21, 3.21, 3.21, 3.21, 3.21, 26.72, 26.72, 26.72, 26.72, 26.72, 1.00, 1.00, 1.00, 1.00, 1.00, 26.75, 26.75, 26.75, 26.75, 26.75, 1.00, 1.00, 1.00, 1.00, 1.00]
  Objective : 88.453

[EVALUATION 101]
  Date/time : 2026-05-21 13:35:35
  x         : [201.91, 75.75, 75.75, 75.82, 75.75, 75.74, 3.21, 3.21, 3.21, 3.21, 3.21, 26.72, 26.72, 26.72, 26.72, 26.72, 1.00, 1.00, 1.00, 1.00, 1.00, 26.75, 26.75, 26.75, 26.75, 26.75, 1.00, 1.00, 1.00, 1.00, 1.00]
  Objective : 88.453

[EVALUATION 102]
  Date/time : 2026-05-21 13:35:40
  x         : [201.91, 75.75, 75.75, 75.75, 75.82, 75.74, 3.21, 3.21, 3.21, 3.21, 3.21, 26.72, 26.72, 26.72, 26.72, 26.72, 1.00, 1.00, 1.00, 1.00, 1.00, 26.75, 26.75, 26.75, 26.75, 26.75, 1.00, 1.00, 1.00, 1.00, 1.00]
  Objective : 88.453

[EVALUATION 103]
  Date/time : 2026-05-21 13:35:44
  x         : [201.91, 75.75, 75.75, 75.75, 75.75, 75.82, 3.21, 3.21, 3.21, 3.21, 3.21, 26.72, 26.72, 26.72, 26.72, 26.72, 1.00, 1.00, 1.00, 1.00, 1.00, 26.75, 26.75, 26.75, 26.75, 26.75, 1.00, 1.00, 1.00, 1.00, 1.00]
  Objective : 88.453

[EVALUATION 104]
  Date/time : 2026-05-21 13:35:49
  x         : [201.91, 75.75, 75.75, 75.75, 75.75, 75.74, 3.21, 3.21, 3.21, 3.21, 3.21, 26.72, 26.72, 26.72, 26.72, 26.72, 1.00, 1.00, 1.00, 1.00, 1.00, 26.75, 26.75, 26.75, 26.75, 26.75, 1.00, 1.00, 1.00, 1.00, 1.00]
  Objective : 88.452

[EVALUATION 105]
  Date/time : 2026-05-21 13:35:53
  x         : [201.91, 75.75, 75.75, 75.75, 75.75, 75.74, 3.21, 3.21, 3.21, 3.21, 3.21, 26.72, 26.72, 26.72, 26.72, 26.72, 1.00, 1.00, 1.00, 1.00, 1.00, 26.75, 26.75, 26.75, 26.75, 26.75, 1.00, 1.00, 1.00, 1.00, 1.00]
  Objective : 88.452

[EVALUATION 106]
  Date/time : 2026-05-21 13:35:58
  x         : [201.91, 75.75, 75.75, 75.75, 75.75, 75.74, 3.21, 3.21, 3.21, 3.21, 3.21, 26.72, 26.72, 26.72, 26.72, 26.72, 1.00, 1.00, 1.00, 1.00, 1.00, 26.75, 26.75, 26.75, 26.75, 26.75, 1.00, 1.00, 1.00, 1.00, 1.00]
  Objective : 88.452

[EVALUATION 107]
  Date/time : 2026-05-21 13:36:03
  x         : [201.91, 75.75, 75.75, 75.75, 75.75, 75.74, 3.21, 3.21, 3.21, 3.21, 3.21, 26.72, 26.72, 26.72, 26.72, 26.72, 1.00, 1.00, 1.00, 1.00, 1.00, 26.75, 26.75, 26.75, 26.75, 26.75, 1.00, 1.00, 1.00, 1.00, 1.00]
  Objective : 88.452

[EVALUATION 108]
  Date/time : 2026-05-21 13:36:08
  x         : [201.91, 75.75, 75.75, 75.75, 75.75, 75.74, 3.21, 3.21, 3.21, 3.21, 3.21, 26.72, 26.72, 26.72, 26.72, 26.72, 1.00, 1.00, 1.00, 1.00, 1.00, 26.75, 26.75, 26.75, 26.75, 26.75, 1.00, 1.00, 1.00, 1.00, 1.00]
  Objective : 88.452

[EVALUATION 109]
  Date/time : 2026-05-21 13:36:13
  x         : [201.91, 75.75, 75.75, 75.75, 75.75, 75.74, 3.21, 3.21, 3.21, 3.21, 3.21, 26.75, 26.72, 26.72, 26.72, 26.72, 1.00, 1.00, 1.00, 1.00, 1.00, 26.75, 26.75, 26.75, 26.75, 26.75, 1.00, 1.00, 1.00, 1.00, 1.00]
  Objective : 88.440

[EVALUATION 110]
  Date/time : 2026-05-21 13:36:18
  x         : [201.91, 75.75, 75.75, 75.75, 75.75, 75.74, 3.21, 3.21, 3.21, 3.21, 3.21, 26.72, 26.75, 26.72, 26.72, 26.72, 1.00, 1.00, 1.00, 1.00, 1.00, 26.75, 26.75, 26.75, 26.75, 26.75, 1.00, 1.00, 1.00, 1.00, 1.00]
  Objective : 88.440

[EVALUATION 111]
  Date/time : 2026-05-21 13:36:23
  x         : [201.91, 75.75, 75.75, 75.75, 75.75, 75.74, 3.21, 3.21, 3.21, 3.21, 3.21, 26.72, 26.72, 26.75, 26.72, 26.72, 1.00, 1.00, 1.00, 1.00, 1.00, 26.75, 26.75, 26.75, 26.75, 26.75, 1.00, 1.00, 1.00, 1.00, 1.00]
  Objective : 88.440

[EVALUATION 112]
  Date/time : 2026-05-21 13:36:27
  x         : [201.91, 75.75, 75.75, 75.75, 75.75, 75.74, 3.21, 3.21, 3.21, 3.21, 3.21, 26.72, 26.72, 26.72, 26.75, 26.72, 1.00, 1.00, 1.00, 1.00, 1.00, 26.75, 26.75, 26.75, 26.75, 26.75, 1.00, 1.00, 1.00, 1.00, 1.00]
  Objective : 88.440

[EVALUATION 113]
  Date/time : 2026-05-21 13:36:32
  x         : [201.91, 75.75, 75.75, 75.75, 75.75, 75.74, 3.21, 3.21, 3.21, 3.21, 3.21, 26.72, 26.72, 26.72, 26.72, 26.75, 1.00, 1.00, 1.00, 1.00, 1.00, 26.75, 26.75, 26.75, 26.75, 26.75, 1.00, 1.00, 1.00, 1.00, 1.00]
  Objective : 88.440

[EVALUATION 114]
  Date/time : 2026-05-21 13:36:37
  x         : [201.91, 75.75, 75.75, 75.75, 75.75, 75.74, 3.21, 3.21, 3.21, 3.21, 3.21, 26.72, 26.72, 26.72, 26.72, 26.72, 1.00, 1.00, 1.00, 1.00, 1.00, 26.75, 26.75, 26.75, 26.75, 26.75, 1.00, 1.00, 1.00, 1.00, 1.00]
  Objective : 88.440

[EVALUATION 115]
  Date/time : 2026-05-21 13:36:42
  x         : [201.91, 75.75, 75.75, 75.75, 75.75, 75.74, 3.21, 3.21, 3.21, 3.21, 3.21, 26.72, 26.72, 26.72, 26.72, 26.72, 1.00, 1.00, 1.00, 1.00, 1.00, 26.75, 26.75, 26.75, 26.75, 26.75, 1.00, 1.00, 1.00, 1.00, 1.00]
  Objective : 88.440

[EVALUATION 116]
  Date/time : 2026-05-21 13:36:46
  x         : [201.91, 75.75, 75.75, 75.75, 75.75, 75.74, 3.21, 3.21, 3.21, 3.21, 3.21, 26.72, 26.72, 26.72, 26.72, 26.72, 1.00, 1.00, 1.00, 1.00, 1.00, 26.75, 26.75, 26.75, 26.75, 26.75, 1.00, 1.00, 1.00, 1.00, 1.00]
  Objective : 88.440

[EVALUATION 117]
  Date/time : 2026-05-21 13:36:51
  x         : [201.91, 75.75, 75.75, 75.75, 75.75, 75.74, 3.21, 3.21, 3.21, 3.21, 3.21, 26.72, 26.72, 26.72, 26.72, 26.72, 1.00, 1.00, 1.00, 1.00, 1.00, 26.75, 26.75, 26.75, 26.75, 26.75, 1.00, 1.00, 1.00, 1.00, 1.00]
  Objective : 88.440

[EVALUATION 118]
  Date/time : 2026-05-21 13:36:56
  x         : [201.91, 75.75, 75.75, 75.75, 75.75, 75.74, 3.21, 3.21, 3.21, 3.21, 3.21, 26.72, 26.72, 26.72, 26.72, 26.72, 1.00, 1.00, 1.00, 1.00, 1.00, 26.75, 26.75, 26.75, 26.75, 26.75, 1.00, 1.00, 1.00, 1.00, 1.00]
  Objective : 88.440

[EVALUATION 119]
  Date/time : 2026-05-21 13:37:00
  x         : [201.91, 75.75, 75.75, 75.75, 75.75, 75.74, 3.21, 3.21, 3.21, 3.21, 3.21, 26.72, 26.72, 26.72, 26.72, 26.72, 1.00, 1.00, 1.00, 1.00, 1.00, 26.77, 26.75, 26.75, 26.75, 26.75, 1.00, 1.00, 1.00, 1.00, 1.00]
  Objective : 88.440

[EVALUATION 120]
  Date/time : 2026-05-21 13:37:05
  x         : [201.91, 75.75, 75.75, 75.75, 75.75, 75.74, 3.21, 3.21, 3.21, 3.21, 3.21, 26.72, 26.72, 26.72, 26.72, 26.72, 1.00, 1.00, 1.00, 1.00, 1.00, 26.75, 26.77, 26.75, 26.75, 26.75, 1.00, 1.00, 1.00, 1.00, 1.00]
  Objective : 88.440

[EVALUATION 121]
  Date/time : 2026-05-21 13:37:10
  x         : [201.91, 75.75, 75.75, 75.75, 75.75, 75.74, 3.21, 3.21, 3.21, 3.21, 3.21, 26.72, 26.72, 26.72, 26.72, 26.72, 1.00, 1.00, 1.00, 1.00, 1.00, 26.75, 26.75, 26.77, 26.75, 26.75, 1.00, 1.00, 1.00, 1.00, 1.00]
  Objective : 88.440

[EVALUATION 122]
  Date/time : 2026-05-21 13:37:14
  x         : [201.91, 75.75, 75.75, 75.75, 75.75, 75.74, 3.21, 3.21, 3.21, 3.21, 3.21, 26.72, 26.72, 26.72, 26.72, 26.72, 1.00, 1.00, 1.00, 1.00, 1.00, 26.75, 26.75, 26.75, 26.77, 26.75, 1.00, 1.00, 1.00, 1.00, 1.00]
  Objective : 88.440

[EVALUATION 123]
  Date/time : 2026-05-21 13:37:19
  x         : [201.91, 75.75, 75.75, 75.75, 75.75, 75.74, 3.21, 3.21, 3.21, 3.21, 3.21, 26.72, 26.72, 26.72, 26.72, 26.72, 1.00, 1.00, 1.00, 1.00, 1.00, 26.75, 26.75, 26.75, 26.75, 26.77, 1.00, 1.00, 1.00, 1.00, 1.00]
  Objective : 88.440

[EVALUATION 124]
  Date/time : 2026-05-21 13:37:24
  x         : [201.91, 75.75, 75.75, 75.75, 75.75, 75.74, 3.21, 3.21, 3.21, 3.21, 3.21, 26.72, 26.72, 26.72, 26.72, 26.72, 1.00, 1.00, 1.00, 1.00, 1.00, 26.75, 26.75, 26.75, 26.75, 26.75, 1.00, 1.00, 1.00, 1.00, 1.00]
  Objective : 88.440

[EVALUATION 125]
  Date/time : 2026-05-21 13:37:28
  x         : [201.91, 75.75, 75.75, 75.75, 75.75, 75.74, 3.21, 3.21, 3.21, 3.21, 3.21, 26.72, 26.72, 26.72, 26.72, 26.72, 1.00, 1.00, 1.00, 1.00, 1.00, 26.75, 26.75, 26.75, 26.75, 26.75, 1.00, 1.00, 1.00, 1.00, 1.00]
  Objective : 88.440

[EVALUATION 126]
  Date/time : 2026-05-21 13:37:33
  x         : [201.91, 75.75, 75.75, 75.75, 75.75, 75.74, 3.21, 3.21, 3.21, 3.21, 3.21, 26.72, 26.72, 26.72, 26.72, 26.72, 1.00, 1.00, 1.00, 1.00, 1.00, 26.75, 26.75, 26.75, 26.75, 26.75, 1.00, 1.00, 1.00, 1.00, 1.00]
  Objective : 88.440

[EVALUATION 127]
  Date/time : 2026-05-21 13:37:38
  x         : [201.91, 75.75, 75.75, 75.75, 75.75, 75.74, 3.21, 3.21, 3.21, 3.21, 3.21, 26.72, 26.72, 26.72, 26.72, 26.72, 1.00, 1.00, 1.00, 1.00, 1.00, 26.75, 26.75, 26.75, 26.75, 26.75, 1.00, 1.00, 1.00, 1.00, 1.00]
  Objective : 88.440

[EVALUATION 128]
  Date/time : 2026-05-21 13:37:42
  x         : [201.91, 75.75, 75.75, 75.75, 75.75, 75.74, 3.21, 3.21, 3.21, 3.21, 3.21, 26.72, 26.72, 26.72, 26.72, 26.72, 1.00, 1.00, 1.00, 1.00, 1.00, 26.75, 26.75, 26.75, 26.75, 26.75, 1.00, 1.00, 1.00, 1.00, 1.00]
  Objective : 88.440

[EVALUATION 129]
  Date/time : 2026-05-21 13:37:47
  x         : [201.83, 75.37, 75.37, 75.37, 75.37, 75.36, 3.21, 3.21, 3.21, 3.21, 3.21, 26.64, 26.64, 26.64, 26.64, 26.64, 1.00, 1.00, 1.00, 1.00, 1.00, 26.68, 26.68, 26.68, 26.68, 26.68, 1.00, 1.00, 1.00, 1.00, 1.00]
  Objective : 88.018

[ITERATION 2]
  Date/time : 2026-05-21 13:37:47
  x         : [201.831344,  75.36668 ,  75.368422,  75.368422,  75.368422,  75.361594,
   3.207092,   3.207166,   3.207166,   3.207166,   3.206876,  26.644613,
  26.644613,  26.644613,  26.644613,  26.644613,   1.      ,   1.      ,
   1.      ,   1.      ,   1.      ,  26.679199,  26.679199,  26.679199,
  26.679199,  26.679199,   1.      ,   1.      ,   1.      ,   1.      ,
   1.      ]

Util_LB     Column:    0.031  Brace:    0.007
Util_NF     Column:    0.474  Brace:    0.289
Util_S      Column:    0.018  Brace:    0.013
Util_T      Column:    0.031  Brace:    0.037
Util_BR     Column:    0.553  Brace:    0.370
Util_IN     Column:    0.640  Brace:    0.469
Util_BS_sig  Column:    N/A    Brace:    0.566
Util_BS_defl  Column:    N/A    Brace:    0.141
[EVALUATION 130]
  Date/time : 2026-05-21 13:37:52
  x         : [202.03, 75.37, 75.37, 75.37, 75.37, 75.36, 3.21, 3.21, 3.21, 3.21, 3.21, 26.64, 26.64, 26.64, 26.64, 26.64, 1.00, 1.00, 1.00, 1.00, 1.00, 26.68, 26.68, 26.68, 26.68, 26.68, 1.00, 1.00, 1.00, 1.00, 1.00]
  Objective : 88.033

[EVALUATION 131]
  Date/time : 2026-05-21 13:37:57
  x         : [201.83, 75.44, 75.37, 75.37, 75.37, 75.36, 3.21, 3.21, 3.21, 3.21, 3.21, 26.64, 26.64, 26.64, 26.64, 26.64, 1.00, 1.00, 1.00, 1.00, 1.00, 26.68, 26.68, 26.68, 26.68, 26.68, 1.00, 1.00, 1.00, 1.00, 1.00]
  Objective : 88.033

[EVALUATION 132]
  Date/time : 2026-05-21 13:38:01
  x         : [201.83, 75.37, 75.44, 75.37, 75.37, 75.36, 3.21, 3.21, 3.21, 3.21, 3.21, 26.64, 26.64, 26.64, 26.64, 26.64, 1.00, 1.00, 1.00, 1.00, 1.00, 26.68, 26.68, 26.68, 26.68, 26.68, 1.00, 1.00, 1.00, 1.00, 1.00]
  Objective : 88.033

[EVALUATION 133]
  Date/time : 2026-05-21 13:38:06
  x         : [201.83, 75.37, 75.37, 75.44, 75.37, 75.36, 3.21, 3.21, 3.21, 3.21, 3.21, 26.64, 26.64, 26.64, 26.64, 26.64, 1.00, 1.00, 1.00, 1.00, 1.00, 26.68, 26.68, 26.68, 26.68, 26.68, 1.00, 1.00, 1.00, 1.00, 1.00]
  Objective : 88.033

[EVALUATION 134]
  Date/time : 2026-05-21 13:38:11
  x         : [201.83, 75.37, 75.37, 75.37, 75.44, 75.36, 3.21, 3.21, 3.21, 3.21, 3.21, 26.64, 26.64, 26.64, 26.64, 26.64, 1.00, 1.00, 1.00, 1.00, 1.00, 26.68, 26.68, 26.68, 26.68, 26.68, 1.00, 1.00, 1.00, 1.00, 1.00]
  Objective : 88.033

[EVALUATION 135]
  Date/time : 2026-05-21 13:38:15
  x         : [201.83, 75.37, 75.37, 75.37, 75.37, 75.44, 3.21, 3.21, 3.21, 3.21, 3.21, 26.64, 26.64, 26.64, 26.64, 26.64, 1.00, 1.00, 1.00, 1.00, 1.00, 26.68, 26.68, 26.68, 26.68, 26.68, 1.00, 1.00, 1.00, 1.00, 1.00]
  Objective : 88.033

[EVALUATION 136]
  Date/time : 2026-05-21 13:38:20
  x         : [201.83, 75.37, 75.37, 75.37, 75.37, 75.36, 3.21, 3.21, 3.21, 3.21, 3.21, 26.64, 26.64, 26.64, 26.64, 26.64, 1.00, 1.00, 1.00, 1.00, 1.00, 26.68, 26.68, 26.68, 26.68, 26.68, 1.00, 1.00, 1.00, 1.00, 1.00]
  Objective : 88.031

[EVALUATION 137]
  Date/time : 2026-05-21 13:38:25
  x         : [201.83, 75.37, 75.37, 75.37, 75.37, 75.36, 3.21, 3.21, 3.21, 3.21, 3.21, 26.64, 26.64, 26.64, 26.64, 26.64, 1.00, 1.00, 1.00, 1.00, 1.00, 26.68, 26.68, 26.68, 26.68, 26.68, 1.00, 1.00, 1.00, 1.00, 1.00]
  Objective : 88.031

[EVALUATION 138]
  Date/time : 2026-05-21 13:38:29
  x         : [201.83, 75.37, 75.37, 75.37, 75.37, 75.36, 3.21, 3.21, 3.21, 3.21, 3.21, 26.64, 26.64, 26.64, 26.64, 26.64, 1.00, 1.00, 1.00, 1.00, 1.00, 26.68, 26.68, 26.68, 26.68, 26.68, 1.00, 1.00, 1.00, 1.00, 1.00]
  Objective : 88.031

[EVALUATION 139]
  Date/time : 2026-05-21 13:38:34
  x         : [201.83, 75.37, 75.37, 75.37, 75.37, 75.36, 3.21, 3.21, 3.21, 3.21, 3.21, 26.64, 26.64, 26.64, 26.64, 26.64, 1.00, 1.00, 1.00, 1.00, 1.00, 26.68, 26.68, 26.68, 26.68, 26.68, 1.00, 1.00, 1.00, 1.00, 1.00]
  Objective : 88.031

[EVALUATION 140]
  Date/time : 2026-05-21 13:38:39
  x         : [201.83, 75.37, 75.37, 75.37, 75.37, 75.36, 3.21, 3.21, 3.21, 3.21, 3.21, 26.64, 26.64, 26.64, 26.64, 26.64, 1.00, 1.00, 1.00, 1.00, 1.00, 26.68, 26.68, 26.68, 26.68, 26.68, 1.00, 1.00, 1.00, 1.00, 1.00]
  Objective : 88.032

[EVALUATION 141]
  Date/time : 2026-05-21 13:38:43
  x         : [201.83, 75.37, 75.37, 75.37, 75.37, 75.36, 3.21, 3.21, 3.21, 3.21, 3.21, 26.67, 26.64, 26.64, 26.64, 26.64, 1.00, 1.00, 1.00, 1.00, 1.00, 26.68, 26.68, 26.68, 26.68, 26.68, 1.00, 1.00, 1.00, 1.00, 1.00]
  Objective : 88.020

[EVALUATION 142]
  Date/time : 2026-05-21 13:38:48
  x         : [201.83, 75.37, 75.37, 75.37, 75.37, 75.36, 3.21, 3.21, 3.21, 3.21, 3.21, 26.64, 26.67, 26.64, 26.64, 26.64, 1.00, 1.00, 1.00, 1.00, 1.00, 26.68, 26.68, 26.68, 26.68, 26.68, 1.00, 1.00, 1.00, 1.00, 1.00]
  Objective : 88.020

[EVALUATION 143]
  Date/time : 2026-05-21 13:38:53
  x         : [201.83, 75.37, 75.37, 75.37, 75.37, 75.36, 3.21, 3.21, 3.21, 3.21, 3.21, 26.64, 26.64, 26.67, 26.64, 26.64, 1.00, 1.00, 1.00, 1.00, 1.00, 26.68, 26.68, 26.68, 26.68, 26.68, 1.00, 1.00, 1.00, 1.00, 1.00]
  Objective : 88.020

[EVALUATION 144]
  Date/time : 2026-05-21 13:38:58
  x         : [201.83, 75.37, 75.37, 75.37, 75.37, 75.36, 3.21, 3.21, 3.21, 3.21, 3.21, 26.64, 26.64, 26.64, 26.67, 26.64, 1.00, 1.00, 1.00, 1.00, 1.00, 26.68, 26.68, 26.68, 26.68, 26.68, 1.00, 1.00, 1.00, 1.00, 1.00]
  Objective : 88.020

[EVALUATION 145]
  Date/time : 2026-05-21 13:39:02
  x         : [201.83, 75.37, 75.37, 75.37, 75.37, 75.36, 3.21, 3.21, 3.21, 3.21, 3.21, 26.64, 26.64, 26.64, 26.64, 26.67, 1.00, 1.00, 1.00, 1.00, 1.00, 26.68, 26.68, 26.68, 26.68, 26.68, 1.00, 1.00, 1.00, 1.00, 1.00]
  Objective : 88.020

[EVALUATION 146]
  Date/time : 2026-05-21 13:39:07
  x         : [201.83, 75.37, 75.37, 75.37, 75.37, 75.36, 3.21, 3.21, 3.21, 3.21, 3.21, 26.64, 26.64, 26.64, 26.64, 26.64, 1.00, 1.00, 1.00, 1.00, 1.00, 26.68, 26.68, 26.68, 26.68, 26.68, 1.00, 1.00, 1.00, 1.00, 1.00]
  Objective : 88.020

[EVALUATION 147]
  Date/time : 2026-05-21 13:39:12
  x         : [201.83, 75.37, 75.37, 75.37, 75.37, 75.36, 3.21, 3.21, 3.21, 3.21, 3.21, 26.64, 26.64, 26.64, 26.64, 26.64, 1.00, 1.00, 1.00, 1.00, 1.00, 26.68, 26.68, 26.68, 26.68, 26.68, 1.00, 1.00, 1.00, 1.00, 1.00]
  Objective : 88.020

[EVALUATION 148]
  Date/time : 2026-05-21 13:39:16
  x         : [201.83, 75.37, 75.37, 75.37, 75.37, 75.36, 3.21, 3.21, 3.21, 3.21, 3.21, 26.64, 26.64, 26.64, 26.64, 26.64, 1.00, 1.00, 1.00, 1.00, 1.00, 26.68, 26.68, 26.68, 26.68, 26.68, 1.00, 1.00, 1.00, 1.00, 1.00]
  Objective : 88.020

[EVALUATION 149]
  Date/time : 2026-05-21 13:39:21
  x         : [201.83, 75.37, 75.37, 75.37, 75.37, 75.36, 3.21, 3.21, 3.21, 3.21, 3.21, 26.64, 26.64, 26.64, 26.64, 26.64, 1.00, 1.00, 1.00, 1.00, 1.00, 26.68, 26.68, 26.68, 26.68, 26.68, 1.00, 1.00, 1.00, 1.00, 1.00]
  Objective : 88.020

[EVALUATION 150]
  Date/time : 2026-05-21 13:39:26
  x         : [201.83, 75.37, 75.37, 75.37, 75.37, 75.36, 3.21, 3.21, 3.21, 3.21, 3.21, 26.64, 26.64, 26.64, 26.64, 26.64, 1.00, 1.00, 1.00, 1.00, 1.00, 26.68, 26.68, 26.68, 26.68, 26.68, 1.00, 1.00, 1.00, 1.00, 1.00]
  Objective : 88.020

[EVALUATION 151]
  Date/time : 2026-05-21 13:39:31
  x         : [201.83, 75.37, 75.37, 75.37, 75.37, 75.36, 3.21, 3.21, 3.21, 3.21, 3.21, 26.64, 26.64, 26.64, 26.64, 26.64, 1.00, 1.00, 1.00, 1.00, 1.00, 26.71, 26.68, 26.68, 26.68, 26.68, 1.00, 1.00, 1.00, 1.00, 1.00]
  Objective : 88.020

[EVALUATION 152]
  Date/time : 2026-05-21 13:39:35
  x         : [201.83, 75.37, 75.37, 75.37, 75.37, 75.36, 3.21, 3.21, 3.21, 3.21, 3.21, 26.64, 26.64, 26.64, 26.64, 26.64, 1.00, 1.00, 1.00, 1.00, 1.00, 26.68, 26.71, 26.68, 26.68, 26.68, 1.00, 1.00, 1.00, 1.00, 1.00]
  Objective : 88.020

[EVALUATION 153]
  Date/time : 2026-05-21 13:39:40
  x         : [201.83, 75.37, 75.37, 75.37, 75.37, 75.36, 3.21, 3.21, 3.21, 3.21, 3.21, 26.64, 26.64, 26.64, 26.64, 26.64, 1.00, 1.00, 1.00, 1.00, 1.00, 26.68, 26.68, 26.71, 26.68, 26.68, 1.00, 1.00, 1.00, 1.00, 1.00]
  Objective : 88.020

[EVALUATION 154]
  Date/time : 2026-05-21 13:39:45
  x         : [201.83, 75.37, 75.37, 75.37, 75.37, 75.36, 3.21, 3.21, 3.21, 3.21, 3.21, 26.64, 26.64, 26.64, 26.64, 26.64, 1.00, 1.00, 1.00, 1.00, 1.00, 26.68, 26.68, 26.68, 26.71, 26.68, 1.00, 1.00, 1.00, 1.00, 1.00]
  Objective : 88.020

[EVALUATION 155]
  Date/time : 2026-05-21 13:39:50
  x         : [201.83, 75.37, 75.37, 75.37, 75.37, 75.36, 3.21, 3.21, 3.21, 3.21, 3.21, 26.64, 26.64, 26.64, 26.64, 26.64, 1.00, 1.00, 1.00, 1.00, 1.00, 26.68, 26.68, 26.68, 26.68, 26.71, 1.00, 1.00, 1.00, 1.00, 1.00]
  Objective : 88.020

[EVALUATION 156]
  Date/time : 2026-05-21 13:39:55
  x         : [201.83, 75.37, 75.37, 75.37, 75.37, 75.36, 3.21, 3.21, 3.21, 3.21, 3.21, 26.64, 26.64, 26.64, 26.64, 26.64, 1.00, 1.00, 1.00, 1.00, 1.00, 26.68, 26.68, 26.68, 26.68, 26.68, 1.00, 1.00, 1.00, 1.00, 1.00]
  Objective : 88.020

[EVALUATION 157]
  Date/time : 2026-05-21 13:39:59
  x         : [201.83, 75.37, 75.37, 75.37, 75.37, 75.36, 3.21, 3.21, 3.21, 3.21, 3.21, 26.64, 26.64, 26.64, 26.64, 26.64, 1.00, 1.00, 1.00, 1.00, 1.00, 26.68, 26.68, 26.68, 26.68, 26.68, 1.00, 1.00, 1.00, 1.00, 1.00]
  Objective : 88.020

[EVALUATION 158]
  Date/time : 2026-05-21 13:40:04
  x         : [201.83, 75.37, 75.37, 75.37, 75.37, 75.36, 3.21, 3.21, 3.21, 3.21, 3.21, 26.64, 26.64, 26.64, 26.64, 26.64, 1.00, 1.00, 1.00, 1.00, 1.00, 26.68, 26.68, 26.68, 26.68, 26.68, 1.00, 1.00, 1.00, 1.00, 1.00]
  Objective : 88.020

[EVALUATION 159]
  Date/time : 2026-05-21 13:40:09
  x         : [201.83, 75.37, 75.37, 75.37, 75.37, 75.36, 3.21, 3.21, 3.21, 3.21, 3.21, 26.64, 26.64, 26.64, 26.64, 26.64, 1.00, 1.00, 1.00, 1.00, 1.00, 26.68, 26.68, 26.68, 26.68, 26.68, 1.00, 1.00, 1.00, 1.00, 1.00]
  Objective : 88.020

[EVALUATION 160]
  Date/time : 2026-05-21 13:40:14
  x         : [201.83, 75.37, 75.37, 75.37, 75.37, 75.36, 3.21, 3.21, 3.21, 3.21, 3.21, 26.64, 26.64, 26.64, 26.64, 26.64, 1.00, 1.00, 1.00, 1.00, 1.00, 26.68, 26.68, 26.68, 26.68, 26.68, 1.00, 1.00, 1.00, 1.00, 1.00]
  Objective : 88.020

[EVALUATION 161]
  Date/time : 2026-05-21 13:40:19
  x         : [201.83, 75.37, 75.37, 75.37, 75.37, 75.36, 3.21, 3.21, 3.21, 3.21, 3.21, 26.64, 26.64, 26.64, 26.64, 26.64, 1.00, 1.00, 1.00, 1.00, 1.00, 26.68, 26.68, 26.68, 26.68, 26.68, 1.00, 1.00, 1.00, 1.00, 1.00]
  Objective : 88.018

[EVALUATION 162]
  Date/time : 2026-05-21 13:40:23
  x         : [202.03, 75.37, 75.37, 75.37, 75.37, 75.36, 3.21, 3.21, 3.21, 3.21, 3.21, 26.64, 26.64, 26.64, 26.64, 26.64, 1.00, 1.00, 1.00, 1.00, 1.00, 26.68, 26.68, 26.68, 26.68, 26.68, 1.00, 1.00, 1.00, 1.00, 1.00]
  Objective : 88.033

[EVALUATION 163]
  Date/time : 2026-05-21 13:40:28
  x         : [201.83, 75.44, 75.37, 75.37, 75.37, 75.36, 3.21, 3.21, 3.21, 3.21, 3.21, 26.64, 26.64, 26.64, 26.64, 26.64, 1.00, 1.00, 1.00, 1.00, 1.00, 26.68, 26.68, 26.68, 26.68, 26.68, 1.00, 1.00, 1.00, 1.00, 1.00]
  Objective : 88.033

[EVALUATION 164]
  Date/time : 2026-05-21 13:40:32
  x         : [201.83, 75.37, 75.44, 75.37, 75.37, 75.36, 3.21, 3.21, 3.21, 3.21, 3.21, 26.64, 26.64, 26.64, 26.64, 26.64, 1.00, 1.00, 1.00, 1.00, 1.00, 26.68, 26.68, 26.68, 26.68, 26.68, 1.00, 1.00, 1.00, 1.00, 1.00]
  Objective : 88.033

[EVALUATION 165]
  Date/time : 2026-05-21 13:40:37
  x         : [201.83, 75.37, 75.37, 75.44, 75.37, 75.36, 3.21, 3.21, 3.21, 3.21, 3.21, 26.64, 26.64, 26.64, 26.64, 26.64, 1.00, 1.00, 1.00, 1.00, 1.00, 26.68, 26.68, 26.68, 26.68, 26.68, 1.00, 1.00, 1.00, 1.00, 1.00]
  Objective : 88.033

[EVALUATION 166]
  Date/time : 2026-05-21 13:40:41
  x         : [201.83, 75.37, 75.37, 75.37, 75.44, 75.36, 3.21, 3.21, 3.21, 3.21, 3.21, 26.64, 26.64, 26.64, 26.64, 26.64, 1.00, 1.00, 1.00, 1.00, 1.00, 26.68, 26.68, 26.68, 26.68, 26.68, 1.00, 1.00, 1.00, 1.00, 1.00]
  Objective : 88.033

[EVALUATION 167]
  Date/time : 2026-05-21 13:40:46
  x         : [201.83, 75.37, 75.37, 75.37, 75.37, 75.44, 3.21, 3.21, 3.21, 3.21, 3.21, 26.64, 26.64, 26.64, 26.64, 26.64, 1.00, 1.00, 1.00, 1.00, 1.00, 26.68, 26.68, 26.68, 26.68, 26.68, 1.00, 1.00, 1.00, 1.00, 1.00]
  Objective : 88.033

[EVALUATION 168]
  Date/time : 2026-05-21 13:40:51
  x         : [201.83, 75.37, 75.37, 75.37, 75.37, 75.36, 3.21, 3.21, 3.21, 3.21, 3.21, 26.64, 26.64, 26.64, 26.64, 26.64, 1.00, 1.00, 1.00, 1.00, 1.00, 26.68, 26.68, 26.68, 26.68, 26.68, 1.00, 1.00, 1.00, 1.00, 1.00]
  Objective : 88.031

[EVALUATION 169]
  Date/time : 2026-05-21 13:40:55
  x         : [201.83, 75.37, 75.37, 75.37, 75.37, 75.36, 3.21, 3.21, 3.21, 3.21, 3.21, 26.64, 26.64, 26.64, 26.64, 26.64, 1.00, 1.00, 1.00, 1.00, 1.00, 26.68, 26.68, 26.68, 26.68, 26.68, 1.00, 1.00, 1.00, 1.00, 1.00]
  Objective : 88.031

[EVALUATION 170]
  Date/time : 2026-05-21 13:41:00
  x         : [201.83, 75.37, 75.37, 75.37, 75.37, 75.36, 3.21, 3.21, 3.21, 3.21, 3.21, 26.64, 26.64, 26.64, 26.64, 26.64, 1.00, 1.00, 1.00, 1.00, 1.00, 26.68, 26.68, 26.68, 26.68, 26.68, 1.00, 1.00, 1.00, 1.00, 1.00]
  Objective : 88.031

[EVALUATION 171]
  Date/time : 2026-05-21 13:41:04
  x         : [201.83, 75.37, 75.37, 75.37, 75.37, 75.36, 3.21, 3.21, 3.21, 3.21, 3.21, 26.64, 26.64, 26.64, 26.64, 26.64, 1.00, 1.00, 1.00, 1.00, 1.00, 26.68, 26.68, 26.68, 26.68, 26.68, 1.00, 1.00, 1.00, 1.00, 1.00]
  Objective : 88.031

[EVALUATION 172]
  Date/time : 2026-05-21 13:41:09
  x         : [201.83, 75.37, 75.37, 75.37, 75.37, 75.36, 3.21, 3.21, 3.21, 3.21, 3.21, 26.64, 26.64, 26.64, 26.64, 26.64, 1.00, 1.00, 1.00, 1.00, 1.00, 26.68, 26.68, 26.68, 26.68, 26.68, 1.00, 1.00, 1.00, 1.00, 1.00]
  Objective : 88.032

[EVALUATION 173]
  Date/time : 2026-05-21 13:41:14
  x         : [201.83, 75.37, 75.37, 75.37, 75.37, 75.36, 3.21, 3.21, 3.21, 3.21, 3.21, 26.67, 26.64, 26.64, 26.64, 26.64, 1.00, 1.00, 1.00, 1.00, 1.00, 26.68, 26.68, 26.68, 26.68, 26.68, 1.00, 1.00, 1.00, 1.00, 1.00]
  Objective : 88.020

[EVALUATION 174]
  Date/time : 2026-05-21 13:41:18
  x         : [201.83, 75.37, 75.37, 75.37, 75.37, 75.36, 3.21, 3.21, 3.21, 3.21, 3.21, 26.64, 26.67, 26.64, 26.64, 26.64, 1.00, 1.00, 1.00, 1.00, 1.00, 26.68, 26.68, 26.68, 26.68, 26.68, 1.00, 1.00, 1.00, 1.00, 1.00]
  Objective : 88.020

[EVALUATION 175]
  Date/time : 2026-05-21 13:41:23
  x         : [201.83, 75.37, 75.37, 75.37, 75.37, 75.36, 3.21, 3.21, 3.21, 3.21, 3.21, 26.64, 26.64, 26.67, 26.64, 26.64, 1.00, 1.00, 1.00, 1.00, 1.00, 26.68, 26.68, 26.68, 26.68, 26.68, 1.00, 1.00, 1.00, 1.00, 1.00]
  Objective : 88.020

[EVALUATION 176]
  Date/time : 2026-05-21 13:41:28
  x         : [201.83, 75.37, 75.37, 75.37, 75.37, 75.36, 3.21, 3.21, 3.21, 3.21, 3.21, 26.64, 26.64, 26.64, 26.67, 26.64, 1.00, 1.00, 1.00, 1.00, 1.00, 26.68, 26.68, 26.68, 26.68, 26.68, 1.00, 1.00, 1.00, 1.00, 1.00]
  Objective : 88.020

[EVALUATION 177]
  Date/time : 2026-05-21 13:41:32
  x         : [201.83, 75.37, 75.37, 75.37, 75.37, 75.36, 3.21, 3.21, 3.21, 3.21, 3.21, 26.64, 26.64, 26.64, 26.64, 26.67, 1.00, 1.00, 1.00, 1.00, 1.00, 26.68, 26.68, 26.68, 26.68, 26.68, 1.00, 1.00, 1.00, 1.00, 1.00]
  Objective : 88.020

[EVALUATION 178]
  Date/time : 2026-05-21 13:41:37
  x         : [201.83, 75.37, 75.37, 75.37, 75.37, 75.36, 3.21, 3.21, 3.21, 3.21, 3.21, 26.64, 26.64, 26.64, 26.64, 26.64, 1.00, 1.00, 1.00, 1.00, 1.00, 26.68, 26.68, 26.68, 26.68, 26.68, 1.00, 1.00, 1.00, 1.00, 1.00]
  Objective : 88.020

[EVALUATION 179]
  Date/time : 2026-05-21 13:41:42
  x         : [201.83, 75.37, 75.37, 75.37, 75.37, 75.36, 3.21, 3.21, 3.21, 3.21, 3.21, 26.64, 26.64, 26.64, 26.64, 26.64, 1.00, 1.00, 1.00, 1.00, 1.00, 26.68, 26.68, 26.68, 26.68, 26.68, 1.00, 1.00, 1.00, 1.00, 1.00]
  Objective : 88.020

[EVALUATION 180]
  Date/time : 2026-05-21 13:41:47
  x         : [201.83, 75.37, 75.37, 75.37, 75.37, 75.36, 3.21, 3.21, 3.21, 3.21, 3.21, 26.64, 26.64, 26.64, 26.64, 26.64, 1.00, 1.00, 1.00, 1.00, 1.00, 26.68, 26.68, 26.68, 26.68, 26.68, 1.00, 1.00, 1.00, 1.00, 1.00]
  Objective : 88.020

[EVALUATION 181]
  Date/time : 2026-05-21 13:41:52
  x         : [201.83, 75.37, 75.37, 75.37, 75.37, 75.36, 3.21, 3.21, 3.21, 3.21, 3.21, 26.64, 26.64, 26.64, 26.64, 26.64, 1.00, 1.00, 1.00, 1.00, 1.00, 26.68, 26.68, 26.68, 26.68, 26.68, 1.00, 1.00, 1.00, 1.00, 1.00]
  Objective : 88.020

[EVALUATION 182]
  Date/time : 2026-05-21 13:41:56
  x         : [201.83, 75.37, 75.37, 75.37, 75.37, 75.36, 3.21, 3.21, 3.21, 3.21, 3.21, 26.64, 26.64, 26.64, 26.64, 26.64, 1.00, 1.00, 1.00, 1.00, 1.00, 26.68, 26.68, 26.68, 26.68, 26.68, 1.00, 1.00, 1.00, 1.00, 1.00]
  Objective : 88.020

[EVALUATION 183]
  Date/time : 2026-05-21 13:42:01
  x         : [201.83, 75.37, 75.37, 75.37, 75.37, 75.36, 3.21, 3.21, 3.21, 3.21, 3.21, 26.64, 26.64, 26.64, 26.64, 26.64, 1.00, 1.00, 1.00, 1.00, 1.00, 26.71, 26.68, 26.68, 26.68, 26.68, 1.00, 1.00, 1.00, 1.00, 1.00]
  Objective : 88.020

[EVALUATION 184]
  Date/time : 2026-05-21 13:42:05
  x         : [201.83, 75.37, 75.37, 75.37, 75.37, 75.36, 3.21, 3.21, 3.21, 3.21, 3.21, 26.64, 26.64, 26.64, 26.64, 26.64, 1.00, 1.00, 1.00, 1.00, 1.00, 26.68, 26.71, 26.68, 26.68, 26.68, 1.00, 1.00, 1.00, 1.00, 1.00]
  Objective : 88.020

[EVALUATION 185]
  Date/time : 2026-05-21 13:42:10
  x         : [201.83, 75.37, 75.37, 75.37, 75.37, 75.36, 3.21, 3.21, 3.21, 3.21, 3.21, 26.64, 26.64, 26.64, 26.64, 26.64, 1.00, 1.00, 1.00, 1.00, 1.00, 26.68, 26.68, 26.71, 26.68, 26.68, 1.00, 1.00, 1.00, 1.00, 1.00]
  Objective : 88.020

[EVALUATION 186]
  Date/time : 2026-05-21 13:42:14
  x         : [201.83, 75.37, 75.37, 75.37, 75.37, 75.36, 3.21, 3.21, 3.21, 3.21, 3.21, 26.64, 26.64, 26.64, 26.64, 26.64, 1.00, 1.00, 1.00, 1.00, 1.00, 26.68, 26.68, 26.68, 26.71, 26.68, 1.00, 1.00, 1.00, 1.00, 1.00]
  Objective : 88.020

[EVALUATION 187]
  Date/time : 2026-05-21 13:42:19
  x         : [201.83, 75.37, 75.37, 75.37, 75.37, 75.36, 3.21, 3.21, 3.21, 3.21, 3.21, 26.64, 26.64, 26.64, 26.64, 26.64, 1.00, 1.00, 1.00, 1.00, 1.00, 26.68, 26.68, 26.68, 26.68, 26.71, 1.00, 1.00, 1.00, 1.00, 1.00]
  Objective : 88.020

[EVALUATION 188]
  Date/time : 2026-05-21 13:42:23
  x         : [201.83, 75.37, 75.37, 75.37, 75.37, 75.36, 3.21, 3.21, 3.21, 3.21, 3.21, 26.64, 26.64, 26.64, 26.64, 26.64, 1.00, 1.00, 1.00, 1.00, 1.00, 26.68, 26.68, 26.68, 26.68, 26.68, 1.00, 1.00, 1.00, 1.00, 1.00]
  Objective : 88.020

[EVALUATION 189]
  Date/time : 2026-05-21 13:42:28
  x         : [201.83, 75.37, 75.37, 75.37, 75.37, 75.36, 3.21, 3.21, 3.21, 3.21, 3.21, 26.64, 26.64, 26.64, 26.64, 26.64, 1.00, 1.00, 1.00, 1.00, 1.00, 26.68, 26.68, 26.68, 26.68, 26.68, 1.00, 1.00, 1.00, 1.00, 1.00]
  Objective : 88.020

[EVALUATION 190]
  Date/time : 2026-05-21 13:42:33
  x         : [201.83, 75.37, 75.37, 75.37, 75.37, 75.36, 3.21, 3.21, 3.21, 3.21, 3.21, 26.64, 26.64, 26.64, 26.64, 26.64, 1.00, 1.00, 1.00, 1.00, 1.00, 26.68, 26.68, 26.68, 26.68, 26.68, 1.00, 1.00, 1.00, 1.00, 1.00]
  Objective : 88.020

[EVALUATION 191]
  Date/time : 2026-05-21 13:42:37
  x         : [201.83, 75.37, 75.37, 75.37, 75.37, 75.36, 3.21, 3.21, 3.21, 3.21, 3.21, 26.64, 26.64, 26.64, 26.64, 26.64, 1.00, 1.00, 1.00, 1.00, 1.00, 26.68, 26.68, 26.68, 26.68, 26.68, 1.00, 1.00, 1.00, 1.00, 1.00]
  Objective : 88.020

[EVALUATION 192]
  Date/time : 2026-05-21 13:42:42
  x         : [201.83, 75.37, 75.37, 75.37, 75.37, 75.36, 3.21, 3.21, 3.21, 3.21, 3.21, 26.64, 26.64, 26.64, 26.64, 26.64, 1.00, 1.00, 1.00, 1.00, 1.00, 26.68, 26.68, 26.68, 26.68, 26.68, 1.00, 1.00, 1.00, 1.00, 1.00]
  Objective : 88.020

[EVALUATION 193]
  Date/time : 2026-05-21 13:42:47
  x         : [201.46, 73.49, 73.50, 73.50, 73.50, 73.47, 3.13, 3.13, 3.13, 3.13, 3.13, 26.26, 26.26, 26.26, 26.26, 26.26, 1.00, 1.00, 1.00, 1.00, 1.00, 26.35, 26.35, 26.35, 26.35, 26.35, 1.00, 1.00, 1.00, 1.00, 1.00]
  Objective : 84.314

[ITERATION 3]
  Date/time : 2026-05-21 13:42:47
  x         : [201.460608,  73.491286,  73.497147,  73.497147,  73.497147,  73.472562,
   3.127209,   3.127459,   3.127459,   3.127459,   3.126412,  26.259182,
  26.259182,  26.259182,  26.259182,  26.259182,   1.      ,   1.      ,
   1.      ,   1.      ,   1.      ,  26.346351,  26.346351,  26.346351,
  26.346351,  26.346351,   1.      ,   1.      ,   1.      ,   1.      ,
   1.      ]

Util_LB     Column:    0.033  Brace:    0.008
Util_NF     Column:    0.501  Brace:    0.305
Util_S      Column:    0.020  Brace:    0.014
Util_T      Column:    0.032  Brace:    0.039
Util_BR     Column:    0.585  Brace:    0.391
Util_IN     Column:    0.676  Brace:    0.498
Util_BS_sig  Column:    N/A    Brace:    0.583
Util_BS_defl  Column:    N/A    Brace:    0.147
[EVALUATION 194]
  Date/time : 2026-05-21 13:42:52
  x         : [201.66, 73.49, 73.50, 73.50, 73.50, 73.47, 3.13, 3.13, 3.13, 3.13, 3.13, 26.26, 26.26, 26.26, 26.26, 26.26, 1.00, 1.00, 1.00, 1.00, 1.00, 26.35, 26.35, 26.35, 26.35, 26.35, 1.00, 1.00, 1.00, 1.00, 1.00]
  Objective : 84.329

[EVALUATION 195]
  Date/time : 2026-05-21 13:42:57
  x         : [201.46, 73.56, 73.50, 73.50, 73.50, 73.47, 3.13, 3.13, 3.13, 3.13, 3.13, 26.26, 26.26, 26.26, 26.26, 26.26, 1.00, 1.00, 1.00, 1.00, 1.00, 26.35, 26.35, 26.35, 26.35, 26.35, 1.00, 1.00, 1.00, 1.00, 1.00]
  Objective : 84.328

[EVALUATION 196]
  Date/time : 2026-05-21 13:43:01
  x         : [201.46, 73.49, 73.57, 73.50, 73.50, 73.47, 3.13, 3.13, 3.13, 3.13, 3.13, 26.26, 26.26, 26.26, 26.26, 26.26, 1.00, 1.00, 1.00, 1.00, 1.00, 26.35, 26.35, 26.35, 26.35, 26.35, 1.00, 1.00, 1.00, 1.00, 1.00]
  Objective : 84.328

[EVALUATION 197]
  Date/time : 2026-05-21 13:43:06
  x         : [201.46, 73.49, 73.50, 73.57, 73.50, 73.47, 3.13, 3.13, 3.13, 3.13, 3.13, 26.26, 26.26, 26.26, 26.26, 26.26, 1.00, 1.00, 1.00, 1.00, 1.00, 26.35, 26.35, 26.35, 26.35, 26.35, 1.00, 1.00, 1.00, 1.00, 1.00]
  Objective : 84.328

[EVALUATION 198]
  Date/time : 2026-05-21 13:43:11
  x         : [201.46, 73.49, 73.50, 73.50, 73.57, 73.47, 3.13, 3.13, 3.13, 3.13, 3.13, 26.26, 26.26, 26.26, 26.26, 26.26, 1.00, 1.00, 1.00, 1.00, 1.00, 26.35, 26.35, 26.35, 26.35, 26.35, 1.00, 1.00, 1.00, 1.00, 1.00]
  Objective : 84.328

[EVALUATION 199]
  Date/time : 2026-05-21 13:43:15
  x         : [201.46, 73.49, 73.50, 73.50, 73.50, 73.55, 3.13, 3.13, 3.13, 3.13, 3.13, 26.26, 26.26, 26.26, 26.26, 26.26, 1.00, 1.00, 1.00, 1.00, 1.00, 26.35, 26.35, 26.35, 26.35, 26.35, 1.00, 1.00, 1.00, 1.00, 1.00]
  Objective : 84.328

[EVALUATION 200]
  Date/time : 2026-05-21 13:43:20
  x         : [201.46, 73.49, 73.50, 73.50, 73.50, 73.47, 3.13, 3.13, 3.13, 3.13, 3.13, 26.26, 26.26, 26.26, 26.26, 26.26, 1.00, 1.00, 1.00, 1.00, 1.00, 26.35, 26.35, 26.35, 26.35, 26.35, 1.00, 1.00, 1.00, 1.00, 1.00]
  Objective : 84.327

[EVALUATION 201]
  Date/time : 2026-05-21 13:43:24
  x         : [201.46, 73.49, 73.50, 73.50, 73.50, 73.47, 3.13, 3.13, 3.13, 3.13, 3.13, 26.26, 26.26, 26.26, 26.26, 26.26, 1.00, 1.00, 1.00, 1.00, 1.00, 26.35, 26.35, 26.35, 26.35, 26.35, 1.00, 1.00, 1.00, 1.00, 1.00]
  Objective : 84.327

[EVALUATION 202]
  Date/time : 2026-05-21 13:43:29
  x         : [201.46, 73.49, 73.50, 73.50, 73.50, 73.47, 3.13, 3.13, 3.13, 3.13, 3.13, 26.26, 26.26, 26.26, 26.26, 26.26, 1.00, 1.00, 1.00, 1.00, 1.00, 26.35, 26.35, 26.35, 26.35, 26.35, 1.00, 1.00, 1.00, 1.00, 1.00]
  Objective : 84.327

[EVALUATION 203]
  Date/time : 2026-05-21 13:43:34
  x         : [201.46, 73.49, 73.50, 73.50, 73.50, 73.47, 3.13, 3.13, 3.13, 3.13, 3.13, 26.26, 26.26, 26.26, 26.26, 26.26, 1.00, 1.00, 1.00, 1.00, 1.00, 26.35, 26.35, 26.35, 26.35, 26.35, 1.00, 1.00, 1.00, 1.00, 1.00]
  Objective : 84.327

[EVALUATION 204]
  Date/time : 2026-05-21 13:43:39
  x         : [201.46, 73.49, 73.50, 73.50, 73.50, 73.47, 3.13, 3.13, 3.13, 3.13, 3.13, 26.26, 26.26, 26.26, 26.26, 26.26, 1.00, 1.00, 1.00, 1.00, 1.00, 26.35, 26.35, 26.35, 26.35, 26.35, 1.00, 1.00, 1.00, 1.00, 1.00]
  Objective : 84.327

[EVALUATION 205]
  Date/time : 2026-05-21 13:43:44
  x         : [201.46, 73.49, 73.50, 73.50, 73.50, 73.47, 3.13, 3.13, 3.13, 3.13, 3.13, 26.29, 26.26, 26.26, 26.26, 26.26, 1.00, 1.00, 1.00, 1.00, 1.00, 26.35, 26.35, 26.35, 26.35, 26.35, 1.00, 1.00, 1.00, 1.00, 1.00]
  Objective : 84.316

[EVALUATION 206]
  Date/time : 2026-05-21 13:43:49
  x         : [201.46, 73.49, 73.50, 73.50, 73.50, 73.47, 3.13, 3.13, 3.13, 3.13, 3.13, 26.26, 26.29, 26.26, 26.26, 26.26, 1.00, 1.00, 1.00, 1.00, 1.00, 26.35, 26.35, 26.35, 26.35, 26.35, 1.00, 1.00, 1.00, 1.00, 1.00]
  Objective : 84.316

[EVALUATION 207]
  Date/time : 2026-05-21 13:43:54
  x         : [201.46, 73.49, 73.50, 73.50, 73.50, 73.47, 3.13, 3.13, 3.13, 3.13, 3.13, 26.26, 26.26, 26.29, 26.26, 26.26, 1.00, 1.00, 1.00, 1.00, 1.00, 26.35, 26.35, 26.35, 26.35, 26.35, 1.00, 1.00, 1.00, 1.00, 1.00]
  Objective : 84.316

[EVALUATION 208]
  Date/time : 2026-05-21 13:43:58
  x         : [201.46, 73.49, 73.50, 73.50, 73.50, 73.47, 3.13, 3.13, 3.13, 3.13, 3.13, 26.26, 26.26, 26.26, 26.29, 26.26, 1.00, 1.00, 1.00, 1.00, 1.00, 26.35, 26.35, 26.35, 26.35, 26.35, 1.00, 1.00, 1.00, 1.00, 1.00]
  Objective : 84.316

[EVALUATION 209]
  Date/time : 2026-05-21 13:44:03
  x         : [201.46, 73.49, 73.50, 73.50, 73.50, 73.47, 3.13, 3.13, 3.13, 3.13, 3.13, 26.26, 26.26, 26.26, 26.26, 26.29, 1.00, 1.00, 1.00, 1.00, 1.00, 26.35, 26.35, 26.35, 26.35, 26.35, 1.00, 1.00, 1.00, 1.00, 1.00]
  Objective : 84.316

[EVALUATION 210]
  Date/time : 2026-05-21 13:44:08
  x         : [201.46, 73.49, 73.50, 73.50, 73.50, 73.47, 3.13, 3.13, 3.13, 3.13, 3.13, 26.26, 26.26, 26.26, 26.26, 26.26, 1.00, 1.00, 1.00, 1.00, 1.00, 26.35, 26.35, 26.35, 26.35, 26.35, 1.00, 1.00, 1.00, 1.00, 1.00]
  Objective : 84.316

[EVALUATION 211]
  Date/time : 2026-05-21 13:44:13
  x         : [201.46, 73.49, 73.50, 73.50, 73.50, 73.47, 3.13, 3.13, 3.13, 3.13, 3.13, 26.26, 26.26, 26.26, 26.26, 26.26, 1.00, 1.00, 1.00, 1.00, 1.00, 26.35, 26.35, 26.35, 26.35, 26.35, 1.00, 1.00, 1.00, 1.00, 1.00]
  Objective : 84.316

[EVALUATION 212]
  Date/time : 2026-05-21 13:44:18
  x         : [201.46, 73.49, 73.50, 73.50, 73.50, 73.47, 3.13, 3.13, 3.13, 3.13, 3.13, 26.26, 26.26, 26.26, 26.26, 26.26, 1.00, 1.00, 1.00, 1.00, 1.00, 26.35, 26.35, 26.35, 26.35, 26.35, 1.00, 1.00, 1.00, 1.00, 1.00]
  Objective : 84.316

[EVALUATION 213]
  Date/time : 2026-05-21 13:44:23
  x         : [201.46, 73.49, 73.50, 73.50, 73.50, 73.47, 3.13, 3.13, 3.13, 3.13, 3.13, 26.26, 26.26, 26.26, 26.26, 26.26, 1.00, 1.00, 1.00, 1.00, 1.00, 26.35, 26.35, 26.35, 26.35, 26.35, 1.00, 1.00, 1.00, 1.00, 1.00]
  Objective : 84.316

[EVALUATION 214]
  Date/time : 2026-05-21 13:44:28
  x         : [201.46, 73.49, 73.50, 73.50, 73.50, 73.47, 3.13, 3.13, 3.13, 3.13, 3.13, 26.26, 26.26, 26.26, 26.26, 26.26, 1.00, 1.00, 1.00, 1.00, 1.00, 26.35, 26.35, 26.35, 26.35, 26.35, 1.00, 1.00, 1.00, 1.00, 1.00]
  Objective : 84.316

[EVALUATION 215]
  Date/time : 2026-05-21 13:44:33
  x         : [201.46, 73.49, 73.50, 73.50, 73.50, 73.47, 3.13, 3.13, 3.13, 3.13, 3.13, 26.26, 26.26, 26.26, 26.26, 26.26, 1.00, 1.00, 1.00, 1.00, 1.00, 26.37, 26.35, 26.35, 26.35, 26.35, 1.00, 1.00, 1.00, 1.00, 1.00]
  Objective : 84.316

[EVALUATION 216]
  Date/time : 2026-05-21 13:44:38
  x         : [201.46, 73.49, 73.50, 73.50, 73.50, 73.47, 3.13, 3.13, 3.13, 3.13, 3.13, 26.26, 26.26, 26.26, 26.26, 26.26, 1.00, 1.00, 1.00, 1.00, 1.00, 26.35, 26.37, 26.35, 26.35, 26.35, 1.00, 1.00, 1.00, 1.00, 1.00]
  Objective : 84.316

[EVALUATION 217]
  Date/time : 2026-05-21 13:44:43
  x         : [201.46, 73.49, 73.50, 73.50, 73.50, 73.47, 3.13, 3.13, 3.13, 3.13, 3.13, 26.26, 26.26, 26.26, 26.26, 26.26, 1.00, 1.00, 1.00, 1.00, 1.00, 26.35, 26.35, 26.37, 26.35, 26.35, 1.00, 1.00, 1.00, 1.00, 1.00]
  Objective : 84.316

[EVALUATION 218]
  Date/time : 2026-05-21 13:44:48
  x         : [201.46, 73.49, 73.50, 73.50, 73.50, 73.47, 3.13, 3.13, 3.13, 3.13, 3.13, 26.26, 26.26, 26.26, 26.26, 26.26, 1.00, 1.00, 1.00, 1.00, 1.00, 26.35, 26.35, 26.35, 26.37, 26.35, 1.00, 1.00, 1.00, 1.00, 1.00]
  Objective : 84.316

[EVALUATION 219]
  Date/time : 2026-05-21 13:44:53
  x         : [201.46, 73.49, 73.50, 73.50, 73.50, 73.47, 3.13, 3.13, 3.13, 3.13, 3.13, 26.26, 26.26, 26.26, 26.26, 26.26, 1.00, 1.00, 1.00, 1.00, 1.00, 26.35, 26.35, 26.35, 26.35, 26.37, 1.00, 1.00, 1.00, 1.00, 1.00]
  Objective : 84.316

[EVALUATION 220]
  Date/time : 2026-05-21 13:44:58
  x         : [201.46, 73.49, 73.50, 73.50, 73.50, 73.47, 3.13, 3.13, 3.13, 3.13, 3.13, 26.26, 26.26, 26.26, 26.26, 26.26, 1.00, 1.00, 1.00, 1.00, 1.00, 26.35, 26.35, 26.35, 26.35, 26.35, 1.00, 1.00, 1.00, 1.00, 1.00]
  Objective : 84.316

[EVALUATION 221]
  Date/time : 2026-05-21 13:45:03
  x         : [201.46, 73.49, 73.50, 73.50, 73.50, 73.47, 3.13, 3.13, 3.13, 3.13, 3.13, 26.26, 26.26, 26.26, 26.26, 26.26, 1.00, 1.00, 1.00, 1.00, 1.00, 26.35, 26.35, 26.35, 26.35, 26.35, 1.00, 1.00, 1.00, 1.00, 1.00]
  Objective : 84.316

[EVALUATION 222]
  Date/time : 2026-05-21 13:45:08
  x         : [201.46, 73.49, 73.50, 73.50, 73.50, 73.47, 3.13, 3.13, 3.13, 3.13, 3.13, 26.26, 26.26, 26.26, 26.26, 26.26, 1.00, 1.00, 1.00, 1.00, 1.00, 26.35, 26.35, 26.35, 26.35, 26.35, 1.00, 1.00, 1.00, 1.00, 1.00]
  Objective : 84.316

[EVALUATION 223]
  Date/time : 2026-05-21 13:45:14
  x         : [201.46, 73.49, 73.50, 73.50, 73.50, 73.47, 3.13, 3.13, 3.13, 3.13, 3.13, 26.26, 26.26, 26.26, 26.26, 26.26, 1.00, 1.00, 1.00, 1.00, 1.00, 26.35, 26.35, 26.35, 26.35, 26.35, 1.00, 1.00, 1.00, 1.00, 1.00]
  Objective : 84.316

[EVALUATION 224]
  Date/time : 2026-05-21 13:45:18
  x         : [201.46, 73.49, 73.50, 73.50, 73.50, 73.47, 3.13, 3.13, 3.13, 3.13, 3.13, 26.26, 26.26, 26.26, 26.26, 26.26, 1.00, 1.00, 1.00, 1.00, 1.00, 26.35, 26.35, 26.35, 26.35, 26.35, 1.00, 1.00, 1.00, 1.00, 1.00]
  Objective : 84.316

[EVALUATION 225]
  Date/time : 2026-05-21 13:45:23
  x         : [201.46, 73.49, 73.50, 73.50, 73.50, 73.47, 3.13, 3.13, 3.13, 3.13, 3.13, 26.26, 26.26, 26.26, 26.26, 26.26, 1.00, 1.00, 1.00, 1.00, 1.00, 26.35, 26.35, 26.35, 26.35, 26.35, 1.00, 1.00, 1.00, 1.00, 1.00]
  Objective : 84.314

[EVALUATION 226]
  Date/time : 2026-05-21 13:45:28
  x         : [201.66, 73.49, 73.50, 73.50, 73.50, 73.47, 3.13, 3.13, 3.13, 3.13, 3.13, 26.26, 26.26, 26.26, 26.26, 26.26, 1.00, 1.00, 1.00, 1.00, 1.00, 26.35, 26.35, 26.35, 26.35, 26.35, 1.00, 1.00, 1.00, 1.00, 1.00]
  Objective : 84.329

[EVALUATION 227]
  Date/time : 2026-05-21 13:45:34
  x         : [201.46, 73.56, 73.50, 73.50, 73.50, 73.47, 3.13, 3.13, 3.13, 3.13, 3.13, 26.26, 26.26, 26.26, 26.26, 26.26, 1.00, 1.00, 1.00, 1.00, 1.00, 26.35, 26.35, 26.35, 26.35, 26.35, 1.00, 1.00, 1.00, 1.00, 1.00]
  Objective : 84.328

[EVALUATION 228]
  Date/time : 2026-05-21 13:45:39
  x         : [201.46, 73.49, 73.57, 73.50, 73.50, 73.47, 3.13, 3.13, 3.13, 3.13, 3.13, 26.26, 26.26, 26.26, 26.26, 26.26, 1.00, 1.00, 1.00, 1.00, 1.00, 26.35, 26.35, 26.35, 26.35, 26.35, 1.00, 1.00, 1.00, 1.00, 1.00]
  Objective : 84.328

[EVALUATION 229]
  Date/time : 2026-05-21 13:45:44
  x         : [201.46, 73.49, 73.50, 73.57, 73.50, 73.47, 3.13, 3.13, 3.13, 3.13, 3.13, 26.26, 26.26, 26.26, 26.26, 26.26, 1.00, 1.00, 1.00, 1.00, 1.00, 26.35, 26.35, 26.35, 26.35, 26.35, 1.00, 1.00, 1.00, 1.00, 1.00]
  Objective : 84.328

[EVALUATION 230]
  Date/time : 2026-05-21 13:45:50
  x         : [201.46, 73.49, 73.50, 73.50, 73.57, 73.47, 3.13, 3.13, 3.13, 3.13, 3.13, 26.26, 26.26, 26.26, 26.26, 26.26, 1.00, 1.00, 1.00, 1.00, 1.00, 26.35, 26.35, 26.35, 26.35, 26.35, 1.00, 1.00, 1.00, 1.00, 1.00]
  Objective : 84.328

[EVALUATION 231]
  Date/time : 2026-05-21 13:45:55
  x         : [201.46, 73.49, 73.50, 73.50, 73.50, 73.55, 3.13, 3.13, 3.13, 3.13, 3.13, 26.26, 26.26, 26.26, 26.26, 26.26, 1.00, 1.00, 1.00, 1.00, 1.00, 26.35, 26.35, 26.35, 26.35, 26.35, 1.00, 1.00, 1.00, 1.00, 1.00]
  Objective : 84.328

[EVALUATION 232]
  Date/time : 2026-05-21 13:46:00
  x         : [201.46, 73.49, 73.50, 73.50, 73.50, 73.47, 3.13, 3.13, 3.13, 3.13, 3.13, 26.26, 26.26, 26.26, 26.26, 26.26, 1.00, 1.00, 1.00, 1.00, 1.00, 26.35, 26.35, 26.35, 26.35, 26.35, 1.00, 1.00, 1.00, 1.00, 1.00]
  Objective : 84.327

[EVALUATION 233]
  Date/time : 2026-05-21 13:46:05
  x         : [201.46, 73.49, 73.50, 73.50, 73.50, 73.47, 3.13, 3.13, 3.13, 3.13, 3.13, 26.26, 26.26, 26.26, 26.26, 26.26, 1.00, 1.00, 1.00, 1.00, 1.00, 26.35, 26.35, 26.35, 26.35, 26.35, 1.00, 1.00, 1.00, 1.00, 1.00]
  Objective : 84.327

[EVALUATION 234]
  Date/time : 2026-05-21 13:46:10
  x         : [201.46, 73.49, 73.50, 73.50, 73.50, 73.47, 3.13, 3.13, 3.13, 3.13, 3.13, 26.26, 26.26, 26.26, 26.26, 26.26, 1.00, 1.00, 1.00, 1.00, 1.00, 26.35, 26.35, 26.35, 26.35, 26.35, 1.00, 1.00, 1.00, 1.00, 1.00]
  Objective : 84.327

[EVALUATION 235]
  Date/time : 2026-05-21 13:46:14
  x         : [201.46, 73.49, 73.50, 73.50, 73.50, 73.47, 3.13, 3.13, 3.13, 3.13, 3.13, 26.26, 26.26, 26.26, 26.26, 26.26, 1.00, 1.00, 1.00, 1.00, 1.00, 26.35, 26.35, 26.35, 26.35, 26.35, 1.00, 1.00, 1.00, 1.00, 1.00]
  Objective : 84.327

[EVALUATION 236]
  Date/time : 2026-05-21 13:46:19
  x         : [201.46, 73.49, 73.50, 73.50, 73.50, 73.47, 3.13, 3.13, 3.13, 3.13, 3.13, 26.26, 26.26, 26.26, 26.26, 26.26, 1.00, 1.00, 1.00, 1.00, 1.00, 26.35, 26.35, 26.35, 26.35, 26.35, 1.00, 1.00, 1.00, 1.00, 1.00]
  Objective : 84.327

[EVALUATION 237]
  Date/time : 2026-05-21 13:46:23
  x         : [201.46, 73.49, 73.50, 73.50, 73.50, 73.47, 3.13, 3.13, 3.13, 3.13, 3.13, 26.29, 26.26, 26.26, 26.26, 26.26, 1.00, 1.00, 1.00, 1.00, 1.00, 26.35, 26.35, 26.35, 26.35, 26.35, 1.00, 1.00, 1.00, 1.00, 1.00]
  Objective : 84.316

[EVALUATION 238]
  Date/time : 2026-05-21 13:46:28
  x         : [201.46, 73.49, 73.50, 73.50, 73.50, 73.47, 3.13, 3.13, 3.13, 3.13, 3.13, 26.26, 26.29, 26.26, 26.26, 26.26, 1.00, 1.00, 1.00, 1.00, 1.00, 26.35, 26.35, 26.35, 26.35, 26.35, 1.00, 1.00, 1.00, 1.00, 1.00]
  Objective : 84.316

[EVALUATION 239]
  Date/time : 2026-05-21 13:46:33
  x         : [201.46, 73.49, 73.50, 73.50, 73.50, 73.47, 3.13, 3.13, 3.13, 3.13, 3.13, 26.26, 26.26, 26.29, 26.26, 26.26, 1.00, 1.00, 1.00, 1.00, 1.00, 26.35, 26.35, 26.35, 26.35, 26.35, 1.00, 1.00, 1.00, 1.00, 1.00]
  Objective : 84.316

[EVALUATION 240]
  Date/time : 2026-05-21 13:46:37
  x         : [201.46, 73.49, 73.50, 73.50, 73.50, 73.47, 3.13, 3.13, 3.13, 3.13, 3.13, 26.26, 26.26, 26.26, 26.29, 26.26, 1.00, 1.00, 1.00, 1.00, 1.00, 26.35, 26.35, 26.35, 26.35, 26.35, 1.00, 1.00, 1.00, 1.00, 1.00]
  Objective : 84.316

[EVALUATION 241]
  Date/time : 2026-05-21 13:46:42
  x         : [201.46, 73.49, 73.50, 73.50, 73.50, 73.47, 3.13, 3.13, 3.13, 3.13, 3.13, 26.26, 26.26, 26.26, 26.26, 26.29, 1.00, 1.00, 1.00, 1.00, 1.00, 26.35, 26.35, 26.35, 26.35, 26.35, 1.00, 1.00, 1.00, 1.00, 1.00]
  Objective : 84.316

[EVALUATION 242]
  Date/time : 2026-05-21 13:46:46
  x         : [201.46, 73.49, 73.50, 73.50, 73.50, 73.47, 3.13, 3.13, 3.13, 3.13, 3.13, 26.26, 26.26, 26.26, 26.26, 26.26, 1.00, 1.00, 1.00, 1.00, 1.00, 26.35, 26.35, 26.35, 26.35, 26.35, 1.00, 1.00, 1.00, 1.00, 1.00]
  Objective : 84.316

[EVALUATION 243]
  Date/time : 2026-05-21 13:46:51
  x         : [201.46, 73.49, 73.50, 73.50, 73.50, 73.47, 3.13, 3.13, 3.13, 3.13, 3.13, 26.26, 26.26, 26.26, 26.26, 26.26, 1.00, 1.00, 1.00, 1.00, 1.00, 26.35, 26.35, 26.35, 26.35, 26.35, 1.00, 1.00, 1.00, 1.00, 1.00]
  Objective : 84.316

[EVALUATION 244]
  Date/time : 2026-05-21 13:46:56
  x         : [201.46, 73.49, 73.50, 73.50, 73.50, 73.47, 3.13, 3.13, 3.13, 3.13, 3.13, 26.26, 26.26, 26.26, 26.26, 26.26, 1.00, 1.00, 1.00, 1.00, 1.00, 26.35, 26.35, 26.35, 26.35, 26.35, 1.00, 1.00, 1.00, 1.00, 1.00]
  Objective : 84.316

[EVALUATION 245]
  Date/time : 2026-05-21 13:47:00
  x         : [201.46, 73.49, 73.50, 73.50, 73.50, 73.47, 3.13, 3.13, 3.13, 3.13, 3.13, 26.26, 26.26, 26.26, 26.26, 26.26, 1.00, 1.00, 1.00, 1.00, 1.00, 26.35, 26.35, 26.35, 26.35, 26.35, 1.00, 1.00, 1.00, 1.00, 1.00]
  Objective : 84.316

[EVALUATION 246]
  Date/time : 2026-05-21 13:47:05
  x         : [201.46, 73.49, 73.50, 73.50, 73.50, 73.47, 3.13, 3.13, 3.13, 3.13, 3.13, 26.26, 26.26, 26.26, 26.26, 26.26, 1.00, 1.00, 1.00, 1.00, 1.00, 26.35, 26.35, 26.35, 26.35, 26.35, 1.00, 1.00, 1.00, 1.00, 1.00]
  Objective : 84.316

[EVALUATION 247]
  Date/time : 2026-05-21 13:47:09
  x         : [201.46, 73.49, 73.50, 73.50, 73.50, 73.47, 3.13, 3.13, 3.13, 3.13, 3.13, 26.26, 26.26, 26.26, 26.26, 26.26, 1.00, 1.00, 1.00, 1.00, 1.00, 26.37, 26.35, 26.35, 26.35, 26.35, 1.00, 1.00, 1.00, 1.00, 1.00]
  Objective : 84.316

[EVALUATION 248]
  Date/time : 2026-05-21 13:47:14
  x         : [201.46, 73.49, 73.50, 73.50, 73.50, 73.47, 3.13, 3.13, 3.13, 3.13, 3.13, 26.26, 26.26, 26.26, 26.26, 26.26, 1.00, 1.00, 1.00, 1.00, 1.00, 26.35, 26.37, 26.35, 26.35, 26.35, 1.00, 1.00, 1.00, 1.00, 1.00]
  Objective : 84.316

[EVALUATION 249]
  Date/time : 2026-05-21 13:47:18
  x         : [201.46, 73.49, 73.50, 73.50, 73.50, 73.47, 3.13, 3.13, 3.13, 3.13, 3.13, 26.26, 26.26, 26.26, 26.26, 26.26, 1.00, 1.00, 1.00, 1.00, 1.00, 26.35, 26.35, 26.37, 26.35, 26.35, 1.00, 1.00, 1.00, 1.00, 1.00]
  Objective : 84.316

[EVALUATION 250]
  Date/time : 2026-05-21 13:47:23
  x         : [201.46, 73.49, 73.50, 73.50, 73.50, 73.47, 3.13, 3.13, 3.13, 3.13, 3.13, 26.26, 26.26, 26.26, 26.26, 26.26, 1.00, 1.00, 1.00, 1.00, 1.00, 26.35, 26.35, 26.35, 26.37, 26.35, 1.00, 1.00, 1.00, 1.00, 1.00]
  Objective : 84.316

[EVALUATION 251]
  Date/time : 2026-05-21 13:47:28
  x         : [201.46, 73.49, 73.50, 73.50, 73.50, 73.47, 3.13, 3.13, 3.13, 3.13, 3.13, 26.26, 26.26, 26.26, 26.26, 26.26, 1.00, 1.00, 1.00, 1.00, 1.00, 26.35, 26.35, 26.35, 26.35, 26.37, 1.00, 1.00, 1.00, 1.00, 1.00]
  Objective : 84.316

[EVALUATION 252]
  Date/time : 2026-05-21 13:47:34
  x         : [201.46, 73.49, 73.50, 73.50, 73.50, 73.47, 3.13, 3.13, 3.13, 3.13, 3.13, 26.26, 26.26, 26.26, 26.26, 26.26, 1.00, 1.00, 1.00, 1.00, 1.00, 26.35, 26.35, 26.35, 26.35, 26.35, 1.00, 1.00, 1.00, 1.00, 1.00]
  Objective : 84.316

[EVALUATION 253]
  Date/time : 2026-05-21 13:47:38
  x         : [201.46, 73.49, 73.50, 73.50, 73.50, 73.47, 3.13, 3.13, 3.13, 3.13, 3.13, 26.26, 26.26, 26.26, 26.26, 26.26, 1.00, 1.00, 1.00, 1.00, 1.00, 26.35, 26.35, 26.35, 26.35, 26.35, 1.00, 1.00, 1.00, 1.00, 1.00]
  Objective : 84.316

[EVALUATION 254]
  Date/time : 2026-05-21 13:47:43
  x         : [201.46, 73.49, 73.50, 73.50, 73.50, 73.47, 3.13, 3.13, 3.13, 3.13, 3.13, 26.26, 26.26, 26.26, 26.26, 26.26, 1.00, 1.00, 1.00, 1.00, 1.00, 26.35, 26.35, 26.35, 26.35, 26.35, 1.00, 1.00, 1.00, 1.00, 1.00]
  Objective : 84.316

[EVALUATION 255]
  Date/time : 2026-05-21 13:47:48
  x         : [201.46, 73.49, 73.50, 73.50, 73.50, 73.47, 3.13, 3.13, 3.13, 3.13, 3.13, 26.26, 26.26, 26.26, 26.26, 26.26, 1.00, 1.00, 1.00, 1.00, 1.00, 26.35, 26.35, 26.35, 26.35, 26.35, 1.00, 1.00, 1.00, 1.00, 1.00]
  Objective : 84.316

[EVALUATION 256]
  Date/time : 2026-05-21 13:47:52
  x         : [201.46, 73.49, 73.50, 73.50, 73.50, 73.47, 3.13, 3.13, 3.13, 3.13, 3.13, 26.26, 26.26, 26.26, 26.26, 26.26, 1.00, 1.00, 1.00, 1.00, 1.00, 26.35, 26.35, 26.35, 26.35, 26.35, 1.00, 1.00, 1.00, 1.00, 1.00]
  Objective : 84.316

[EVALUATION 257]
  Date/time : 2026-05-21 13:47:57
  x         : [199.65, 64.34, 64.36, 64.36, 64.36, 64.25, 2.74, 2.74, 2.74, 2.74, 2.73, 24.37, 24.37, 24.37, 24.37, 24.37, 1.00, 1.00, 1.00, 1.00, 1.00, 24.71, 24.71, 24.71, 24.71, 24.71, 1.00, 1.00, 1.00, 1.00, 1.00]
  Objective : 67.477

[ITERATION 4]
  Date/time : 2026-05-21 13:47:58
  x         : [199.647345,  64.336503,  64.363451,  64.363451,  64.363451,  64.252921,
   2.737344,   2.738492,   2.738492,   2.738492,   2.733785,  24.370217,
  24.370217,  24.370217,  24.370217,  24.370217,   1.      ,   1.      ,
   1.      ,   1.      ,   1.      ,  24.712997,  24.712997,  24.712997,
  24.712997,  24.712997,   1.      ,   1.      ,   1.      ,   1.      ,
   1.      ]

Util_LB     Column:    0.044  Brace:    0.009
Util_NF     Column:    0.672  Brace:    0.411
Util_S      Column:    0.032  Brace:    0.019
Util_T      Column:    0.042  Brace:    0.054
Util_BR     Column:    0.785  Brace:    0.528
Util_IN     Column:    0.899  Brace:    0.673
Util_BS_sig  Column:    N/A    Brace:    0.674
Util_BS_defl  Column:    N/A    Brace:    0.183
[EVALUATION 258]
  Date/time : 2026-05-21 13:48:02
  x         : [199.85, 64.34, 64.36, 64.36, 64.36, 64.25, 2.74, 2.74, 2.74, 2.74, 2.73, 24.37, 24.37, 24.37, 24.37, 24.37, 1.00, 1.00, 1.00, 1.00, 1.00, 24.71, 24.71, 24.71, 24.71, 24.71, 1.00, 1.00, 1.00, 1.00, 1.00]
  Objective : 67.491

[EVALUATION 259]
  Date/time : 2026-05-21 13:48:07
  x         : [199.65, 64.40, 64.36, 64.36, 64.36, 64.25, 2.74, 2.74, 2.74, 2.74, 2.73, 24.37, 24.37, 24.37, 24.37, 24.37, 1.00, 1.00, 1.00, 1.00, 1.00, 24.71, 24.71, 24.71, 24.71, 24.71, 1.00, 1.00, 1.00, 1.00, 1.00]
  Objective : 67.488

[EVALUATION 260]
  Date/time : 2026-05-21 13:48:12
  x         : [199.65, 64.34, 64.43, 64.36, 64.36, 64.25, 2.74, 2.74, 2.74, 2.74, 2.73, 24.37, 24.37, 24.37, 24.37, 24.37, 1.00, 1.00, 1.00, 1.00, 1.00, 24.71, 24.71, 24.71, 24.71, 24.71, 1.00, 1.00, 1.00, 1.00, 1.00]
  Objective : 67.488

[EVALUATION 261]
  Date/time : 2026-05-21 13:48:17
  x         : [199.65, 64.34, 64.36, 64.43, 64.36, 64.25, 2.74, 2.74, 2.74, 2.74, 2.73, 24.37, 24.37, 24.37, 24.37, 24.37, 1.00, 1.00, 1.00, 1.00, 1.00, 24.71, 24.71, 24.71, 24.71, 24.71, 1.00, 1.00, 1.00, 1.00, 1.00]
  Objective : 67.488

[EVALUATION 262]
  Date/time : 2026-05-21 13:48:22
  x         : [199.65, 64.34, 64.36, 64.36, 64.43, 64.25, 2.74, 2.74, 2.74, 2.74, 2.73, 24.37, 24.37, 24.37, 24.37, 24.37, 1.00, 1.00, 1.00, 1.00, 1.00, 24.71, 24.71, 24.71, 24.71, 24.71, 1.00, 1.00, 1.00, 1.00, 1.00]
  Objective : 67.488

[EVALUATION 263]
  Date/time : 2026-05-21 13:48:27
  x         : [199.65, 64.34, 64.36, 64.36, 64.36, 64.32, 2.74, 2.74, 2.74, 2.74, 2.73, 24.37, 24.37, 24.37, 24.37, 24.37, 1.00, 1.00, 1.00, 1.00, 1.00, 24.71, 24.71, 24.71, 24.71, 24.71, 1.00, 1.00, 1.00, 1.00, 1.00]
  Objective : 67.488

[EVALUATION 264]
  Date/time : 2026-05-21 13:48:32
  x         : [199.65, 64.34, 64.36, 64.36, 64.36, 64.25, 2.74, 2.74, 2.74, 2.74, 2.73, 24.37, 24.37, 24.37, 24.37, 24.37, 1.00, 1.00, 1.00, 1.00, 1.00, 24.71, 24.71, 24.71, 24.71, 24.71, 1.00, 1.00, 1.00, 1.00, 1.00]
  Objective : 67.487

[EVALUATION 265]
  Date/time : 2026-05-21 13:48:37
  x         : [199.65, 64.34, 64.36, 64.36, 64.36, 64.25, 2.74, 2.74, 2.74, 2.74, 2.73, 24.37, 24.37, 24.37, 24.37, 24.37, 1.00, 1.00, 1.00, 1.00, 1.00, 24.71, 24.71, 24.71, 24.71, 24.71, 1.00, 1.00, 1.00, 1.00, 1.00]
  Objective : 67.487

[EVALUATION 266]
  Date/time : 2026-05-21 13:48:42
  x         : [199.65, 64.34, 64.36, 64.36, 64.36, 64.25, 2.74, 2.74, 2.74, 2.74, 2.73, 24.37, 24.37, 24.37, 24.37, 24.37, 1.00, 1.00, 1.00, 1.00, 1.00, 24.71, 24.71, 24.71, 24.71, 24.71, 1.00, 1.00, 1.00, 1.00, 1.00]
  Objective : 67.487

[EVALUATION 267]
  Date/time : 2026-05-21 13:48:47
  x         : [199.65, 64.34, 64.36, 64.36, 64.36, 64.25, 2.74, 2.74, 2.74, 2.74, 2.73, 24.37, 24.37, 24.37, 24.37, 24.37, 1.00, 1.00, 1.00, 1.00, 1.00, 24.71, 24.71, 24.71, 24.71, 24.71, 1.00, 1.00, 1.00, 1.00, 1.00]
  Objective : 67.487

[EVALUATION 268]
  Date/time : 2026-05-21 13:48:52
  x         : [199.65, 64.34, 64.36, 64.36, 64.36, 64.25, 2.74, 2.74, 2.74, 2.74, 2.74, 24.37, 24.37, 24.37, 24.37, 24.37, 1.00, 1.00, 1.00, 1.00, 1.00, 24.71, 24.71, 24.71, 24.71, 24.71, 1.00, 1.00, 1.00, 1.00, 1.00]
  Objective : 67.487

[EVALUATION 269]
  Date/time : 2026-05-21 13:48:57
  x         : [199.65, 64.34, 64.36, 64.36, 64.36, 64.25, 2.74, 2.74, 2.74, 2.74, 2.73, 24.39, 24.37, 24.37, 24.37, 24.37, 1.00, 1.00, 1.00, 1.00, 1.00, 24.71, 24.71, 24.71, 24.71, 24.71, 1.00, 1.00, 1.00, 1.00, 1.00]
  Objective : 67.479

[EVALUATION 270]
  Date/time : 2026-05-21 13:49:02
  x         : [199.65, 64.34, 64.36, 64.36, 64.36, 64.25, 2.74, 2.74, 2.74, 2.74, 2.73, 24.37, 24.39, 24.37, 24.37, 24.37, 1.00, 1.00, 1.00, 1.00, 1.00, 24.71, 24.71, 24.71, 24.71, 24.71, 1.00, 1.00, 1.00, 1.00, 1.00]
  Objective : 67.479

[EVALUATION 271]
  Date/time : 2026-05-21 13:49:07
  x         : [199.65, 64.34, 64.36, 64.36, 64.36, 64.25, 2.74, 2.74, 2.74, 2.74, 2.73, 24.37, 24.37, 24.39, 24.37, 24.37, 1.00, 1.00, 1.00, 1.00, 1.00, 24.71, 24.71, 24.71, 24.71, 24.71, 1.00, 1.00, 1.00, 1.00, 1.00]
  Objective : 67.479

[EVALUATION 272]
  Date/time : 2026-05-21 13:49:12
  x         : [199.65, 64.34, 64.36, 64.36, 64.36, 64.25, 2.74, 2.74, 2.74, 2.74, 2.73, 24.37, 24.37, 24.37, 24.39, 24.37, 1.00, 1.00, 1.00, 1.00, 1.00, 24.71, 24.71, 24.71, 24.71, 24.71, 1.00, 1.00, 1.00, 1.00, 1.00]
  Objective : 67.479

[EVALUATION 273]
  Date/time : 2026-05-21 13:49:17
  x         : [199.65, 64.34, 64.36, 64.36, 64.36, 64.25, 2.74, 2.74, 2.74, 2.74, 2.73, 24.37, 24.37, 24.37, 24.37, 24.39, 1.00, 1.00, 1.00, 1.00, 1.00, 24.71, 24.71, 24.71, 24.71, 24.71, 1.00, 1.00, 1.00, 1.00, 1.00]
  Objective : 67.479

[EVALUATION 274]
  Date/time : 2026-05-21 13:49:22
  x         : [199.65, 64.34, 64.36, 64.36, 64.36, 64.25, 2.74, 2.74, 2.74, 2.74, 2.73, 24.37, 24.37, 24.37, 24.37, 24.37, 1.00, 1.00, 1.00, 1.00, 1.00, 24.71, 24.71, 24.71, 24.71, 24.71, 1.00, 1.00, 1.00, 1.00, 1.00]
  Objective : 67.479

[EVALUATION 275]
  Date/time : 2026-05-21 13:49:27
  x         : [199.65, 64.34, 64.36, 64.36, 64.36, 64.25, 2.74, 2.74, 2.74, 2.74, 2.73, 24.37, 24.37, 24.37, 24.37, 24.37, 1.00, 1.00, 1.00, 1.00, 1.00, 24.71, 24.71, 24.71, 24.71, 24.71, 1.00, 1.00, 1.00, 1.00, 1.00]
  Objective : 67.479

[EVALUATION 276]
  Date/time : 2026-05-21 13:49:32
  x         : [199.65, 64.34, 64.36, 64.36, 64.36, 64.25, 2.74, 2.74, 2.74, 2.74, 2.73, 24.37, 24.37, 24.37, 24.37, 24.37, 1.00, 1.00, 1.00, 1.00, 1.00, 24.71, 24.71, 24.71, 24.71, 24.71, 1.00, 1.00, 1.00, 1.00, 1.00]
  Objective : 67.479

[EVALUATION 277]
  Date/time : 2026-05-21 13:49:37
  x         : [199.65, 64.34, 64.36, 64.36, 64.36, 64.25, 2.74, 2.74, 2.74, 2.74, 2.73, 24.37, 24.37, 24.37, 24.37, 24.37, 1.00, 1.00, 1.00, 1.00, 1.00, 24.71, 24.71, 24.71, 24.71, 24.71, 1.00, 1.00, 1.00, 1.00, 1.00]
  Objective : 67.479

[EVALUATION 278]
  Date/time : 2026-05-21 13:49:42
  x         : [199.65, 64.34, 64.36, 64.36, 64.36, 64.25, 2.74, 2.74, 2.74, 2.74, 2.73, 24.37, 24.37, 24.37, 24.37, 24.37, 1.00, 1.00, 1.00, 1.00, 1.00, 24.71, 24.71, 24.71, 24.71, 24.71, 1.00, 1.00, 1.00, 1.00, 1.00]
  Objective : 67.479

[EVALUATION 279]
  Date/time : 2026-05-21 13:49:47
  x         : [199.65, 64.34, 64.36, 64.36, 64.36, 64.25, 2.74, 2.74, 2.74, 2.74, 2.73, 24.37, 24.37, 24.37, 24.37, 24.37, 1.00, 1.00, 1.00, 1.00, 1.00, 24.74, 24.71, 24.71, 24.71, 24.71, 1.00, 1.00, 1.00, 1.00, 1.00]
  Objective : 67.479

[EVALUATION 280]
  Date/time : 2026-05-21 13:49:52
  x         : [199.65, 64.34, 64.36, 64.36, 64.36, 64.25, 2.74, 2.74, 2.74, 2.74, 2.73, 24.37, 24.37, 24.37, 24.37, 24.37, 1.00, 1.00, 1.00, 1.00, 1.00, 24.71, 24.74, 24.71, 24.71, 24.71, 1.00, 1.00, 1.00, 1.00, 1.00]
  Objective : 67.479

[EVALUATION 281]
  Date/time : 2026-05-21 13:49:57
  x         : [199.65, 64.34, 64.36, 64.36, 64.36, 64.25, 2.74, 2.74, 2.74, 2.74, 2.73, 24.37, 24.37, 24.37, 24.37, 24.37, 1.00, 1.00, 1.00, 1.00, 1.00, 24.71, 24.71, 24.74, 24.71, 24.71, 1.00, 1.00, 1.00, 1.00, 1.00]
  Objective : 67.479

[EVALUATION 282]
  Date/time : 2026-05-21 13:50:02
  x         : [199.65, 64.34, 64.36, 64.36, 64.36, 64.25, 2.74, 2.74, 2.74, 2.74, 2.73, 24.37, 24.37, 24.37, 24.37, 24.37, 1.00, 1.00, 1.00, 1.00, 1.00, 24.71, 24.71, 24.71, 24.74, 24.71, 1.00, 1.00, 1.00, 1.00, 1.00]
  Objective : 67.479

[EVALUATION 283]
  Date/time : 2026-05-21 13:50:07
  x         : [199.65, 64.34, 64.36, 64.36, 64.36, 64.25, 2.74, 2.74, 2.74, 2.74, 2.73, 24.37, 24.37, 24.37, 24.37, 24.37, 1.00, 1.00, 1.00, 1.00, 1.00, 24.71, 24.71, 24.71, 24.71, 24.74, 1.00, 1.00, 1.00, 1.00, 1.00]
  Objective : 67.479

[EVALUATION 284]
  Date/time : 2026-05-21 13:50:12
  x         : [199.65, 64.34, 64.36, 64.36, 64.36, 64.25, 2.74, 2.74, 2.74, 2.74, 2.73, 24.37, 24.37, 24.37, 24.37, 24.37, 1.00, 1.00, 1.00, 1.00, 1.00, 24.71, 24.71, 24.71, 24.71, 24.71, 1.00, 1.00, 1.00, 1.00, 1.00]
  Objective : 67.479

[EVALUATION 285]
  Date/time : 2026-05-21 13:50:17
  x         : [199.65, 64.34, 64.36, 64.36, 64.36, 64.25, 2.74, 2.74, 2.74, 2.74, 2.73, 24.37, 24.37, 24.37, 24.37, 24.37, 1.00, 1.00, 1.00, 1.00, 1.00, 24.71, 24.71, 24.71, 24.71, 24.71, 1.00, 1.00, 1.00, 1.00, 1.00]
  Objective : 67.479

[EVALUATION 286]
  Date/time : 2026-05-21 13:50:22
  x         : [199.65, 64.34, 64.36, 64.36, 64.36, 64.25, 2.74, 2.74, 2.74, 2.74, 2.73, 24.37, 24.37, 24.37, 24.37, 24.37, 1.00, 1.00, 1.00, 1.00, 1.00, 24.71, 24.71, 24.71, 24.71, 24.71, 1.00, 1.00, 1.00, 1.00, 1.00]
  Objective : 67.479

[EVALUATION 287]
  Date/time : 2026-05-21 13:50:27
  x         : [199.65, 64.34, 64.36, 64.36, 64.36, 64.25, 2.74, 2.74, 2.74, 2.74, 2.73, 24.37, 24.37, 24.37, 24.37, 24.37, 1.00, 1.00, 1.00, 1.00, 1.00, 24.71, 24.71, 24.71, 24.71, 24.71, 1.00, 1.00, 1.00, 1.00, 1.00]
  Objective : 67.479

[EVALUATION 288]
  Date/time : 2026-05-21 13:50:32
  x         : [199.65, 64.34, 64.36, 64.36, 64.36, 64.25, 2.74, 2.74, 2.74, 2.74, 2.73, 24.37, 24.37, 24.37, 24.37, 24.37, 1.00, 1.00, 1.00, 1.00, 1.00, 24.71, 24.71, 24.71, 24.71, 24.71, 1.00, 1.00, 1.00, 1.00, 1.00]
  Objective : 67.479

[EVALUATION 289]
  Date/time : 2026-05-21 13:50:36
  x         : [199.65, 64.34, 64.36, 64.36, 64.36, 64.25, 2.74, 2.74, 2.74, 2.74, 2.73, 24.37, 24.37, 24.37, 24.37, 24.37, 1.00, 1.00, 1.00, 1.00, 1.00, 24.71, 24.71, 24.71, 24.71, 24.71, 1.00, 1.00, 1.00, 1.00, 1.00]
  Objective : 67.477

[EVALUATION 290]
  Date/time : 2026-05-21 13:50:41
  x         : [199.85, 64.34, 64.36, 64.36, 64.36, 64.25, 2.74, 2.74, 2.74, 2.74, 2.73, 24.37, 24.37, 24.37, 24.37, 24.37, 1.00, 1.00, 1.00, 1.00, 1.00, 24.71, 24.71, 24.71, 24.71, 24.71, 1.00, 1.00, 1.00, 1.00, 1.00]
  Objective : 67.491

[EVALUATION 291]
  Date/time : 2026-05-21 13:50:46
  x         : [199.65, 64.40, 64.36, 64.36, 64.36, 64.25, 2.74, 2.74, 2.74, 2.74, 2.73, 24.37, 24.37, 24.37, 24.37, 24.37, 1.00, 1.00, 1.00, 1.00, 1.00, 24.71, 24.71, 24.71, 24.71, 24.71, 1.00, 1.00, 1.00, 1.00, 1.00]
  Objective : 67.488

[EVALUATION 292]
  Date/time : 2026-05-21 13:50:51
  x         : [199.65, 64.34, 64.43, 64.36, 64.36, 64.25, 2.74, 2.74, 2.74, 2.74, 2.73, 24.37, 24.37, 24.37, 24.37, 24.37, 1.00, 1.00, 1.00, 1.00, 1.00, 24.71, 24.71, 24.71, 24.71, 24.71, 1.00, 1.00, 1.00, 1.00, 1.00]
  Objective : 67.488

[EVALUATION 293]
  Date/time : 2026-05-21 13:50:56
  x         : [199.65, 64.34, 64.36, 64.43, 64.36, 64.25, 2.74, 2.74, 2.74, 2.74, 2.73, 24.37, 24.37, 24.37, 24.37, 24.37, 1.00, 1.00, 1.00, 1.00, 1.00, 24.71, 24.71, 24.71, 24.71, 24.71, 1.00, 1.00, 1.00, 1.00, 1.00]
  Objective : 67.488

[EVALUATION 294]
  Date/time : 2026-05-21 13:51:01
  x         : [199.65, 64.34, 64.36, 64.36, 64.43, 64.25, 2.74, 2.74, 2.74, 2.74, 2.73, 24.37, 24.37, 24.37, 24.37, 24.37, 1.00, 1.00, 1.00, 1.00, 1.00, 24.71, 24.71, 24.71, 24.71, 24.71, 1.00, 1.00, 1.00, 1.00, 1.00]
  Objective : 67.488

[EVALUATION 295]
  Date/time : 2026-05-21 13:51:06
  x         : [199.65, 64.34, 64.36, 64.36, 64.36, 64.32, 2.74, 2.74, 2.74, 2.74, 2.73, 24.37, 24.37, 24.37, 24.37, 24.37, 1.00, 1.00, 1.00, 1.00, 1.00, 24.71, 24.71, 24.71, 24.71, 24.71, 1.00, 1.00, 1.00, 1.00, 1.00]
  Objective : 67.488

[EVALUATION 296]
  Date/time : 2026-05-21 13:51:11
  x         : [199.65, 64.34, 64.36, 64.36, 64.36, 64.25, 2.74, 2.74, 2.74, 2.74, 2.73, 24.37, 24.37, 24.37, 24.37, 24.37, 1.00, 1.00, 1.00, 1.00, 1.00, 24.71, 24.71, 24.71, 24.71, 24.71, 1.00, 1.00, 1.00, 1.00, 1.00]
  Objective : 67.487

[EVALUATION 297]
  Date/time : 2026-05-21 13:51:16
  x         : [199.65, 64.34, 64.36, 64.36, 64.36, 64.25, 2.74, 2.74, 2.74, 2.74, 2.73, 24.37, 24.37, 24.37, 24.37, 24.37, 1.00, 1.00, 1.00, 1.00, 1.00, 24.71, 24.71, 24.71, 24.71, 24.71, 1.00, 1.00, 1.00, 1.00, 1.00]
  Objective : 67.487

[EVALUATION 298]
  Date/time : 2026-05-21 13:51:21
  x         : [199.65, 64.34, 64.36, 64.36, 64.36, 64.25, 2.74, 2.74, 2.74, 2.74, 2.73, 24.37, 24.37, 24.37, 24.37, 24.37, 1.00, 1.00, 1.00, 1.00, 1.00, 24.71, 24.71, 24.71, 24.71, 24.71, 1.00, 1.00, 1.00, 1.00, 1.00]
  Objective : 67.487

[EVALUATION 299]
  Date/time : 2026-05-21 13:51:26
  x         : [199.65, 64.34, 64.36, 64.36, 64.36, 64.25, 2.74, 2.74, 2.74, 2.74, 2.73, 24.37, 24.37, 24.37, 24.37, 24.37, 1.00, 1.00, 1.00, 1.00, 1.00, 24.71, 24.71, 24.71, 24.71, 24.71, 1.00, 1.00, 1.00, 1.00, 1.00]
  Objective : 67.487

[EVALUATION 300]
  Date/time : 2026-05-21 13:51:31
  x         : [199.65, 64.34, 64.36, 64.36, 64.36, 64.25, 2.74, 2.74, 2.74, 2.74, 2.74, 24.37, 24.37, 24.37, 24.37, 24.37, 1.00, 1.00, 1.00, 1.00, 1.00, 24.71, 24.71, 24.71, 24.71, 24.71, 1.00, 1.00, 1.00, 1.00, 1.00]
  Objective : 67.487

[EVALUATION 301]
  Date/time : 2026-05-21 13:51:36
  x         : [199.65, 64.34, 64.36, 64.36, 64.36, 64.25, 2.74, 2.74, 2.74, 2.74, 2.73, 24.39, 24.37, 24.37, 24.37, 24.37, 1.00, 1.00, 1.00, 1.00, 1.00, 24.71, 24.71, 24.71, 24.71, 24.71, 1.00, 1.00, 1.00, 1.00, 1.00]
  Objective : 67.479

[EVALUATION 302]
  Date/time : 2026-05-21 13:51:41
  x         : [199.65, 64.34, 64.36, 64.36, 64.36, 64.25, 2.74, 2.74, 2.74, 2.74, 2.73, 24.37, 24.39, 24.37, 24.37, 24.37, 1.00, 1.00, 1.00, 1.00, 1.00, 24.71, 24.71, 24.71, 24.71, 24.71, 1.00, 1.00, 1.00, 1.00, 1.00]
  Objective : 67.479

[EVALUATION 303]
  Date/time : 2026-05-21 13:51:46
  x         : [199.65, 64.34, 64.36, 64.36, 64.36, 64.25, 2.74, 2.74, 2.74, 2.74, 2.73, 24.37, 24.37, 24.39, 24.37, 24.37, 1.00, 1.00, 1.00, 1.00, 1.00, 24.71, 24.71, 24.71, 24.71, 24.71, 1.00, 1.00, 1.00, 1.00, 1.00]
  Objective : 67.479

[EVALUATION 304]
  Date/time : 2026-05-21 13:51:51
  x         : [199.65, 64.34, 64.36, 64.36, 64.36, 64.25, 2.74, 2.74, 2.74, 2.74, 2.73, 24.37, 24.37, 24.37, 24.39, 24.37, 1.00, 1.00, 1.00, 1.00, 1.00, 24.71, 24.71, 24.71, 24.71, 24.71, 1.00, 1.00, 1.00, 1.00, 1.00]
  Objective : 67.479

[EVALUATION 305]
  Date/time : 2026-05-21 13:51:55
  x         : [199.65, 64.34, 64.36, 64.36, 64.36, 64.25, 2.74, 2.74, 2.74, 2.74, 2.73, 24.37, 24.37, 24.37, 24.37, 24.39, 1.00, 1.00, 1.00, 1.00, 1.00, 24.71, 24.71, 24.71, 24.71, 24.71, 1.00, 1.00, 1.00, 1.00, 1.00]
  Objective : 67.479

[EVALUATION 306]
  Date/time : 2026-05-21 13:52:00
  x         : [199.65, 64.34, 64.36, 64.36, 64.36, 64.25, 2.74, 2.74, 2.74, 2.74, 2.73, 24.37, 24.37, 24.37, 24.37, 24.37, 1.00, 1.00, 1.00, 1.00, 1.00, 24.71, 24.71, 24.71, 24.71, 24.71, 1.00, 1.00, 1.00, 1.00, 1.00]
  Objective : 67.479

[EVALUATION 307]
  Date/time : 2026-05-21 13:52:05
  x         : [199.65, 64.34, 64.36, 64.36, 64.36, 64.25, 2.74, 2.74, 2.74, 2.74, 2.73, 24.37, 24.37, 24.37, 24.37, 24.37, 1.00, 1.00, 1.00, 1.00, 1.00, 24.71, 24.71, 24.71, 24.71, 24.71, 1.00, 1.00, 1.00, 1.00, 1.00]
  Objective : 67.479

[EVALUATION 308]
  Date/time : 2026-05-21 13:52:10
  x         : [199.65, 64.34, 64.36, 64.36, 64.36, 64.25, 2.74, 2.74, 2.74, 2.74, 2.73, 24.37, 24.37, 24.37, 24.37, 24.37, 1.00, 1.00, 1.00, 1.00, 1.00, 24.71, 24.71, 24.71, 24.71, 24.71, 1.00, 1.00, 1.00, 1.00, 1.00]
  Objective : 67.479

[EVALUATION 309]
  Date/time : 2026-05-21 13:52:15
  x         : [199.65, 64.34, 64.36, 64.36, 64.36, 64.25, 2.74, 2.74, 2.74, 2.74, 2.73, 24.37, 24.37, 24.37, 24.37, 24.37, 1.00, 1.00, 1.00, 1.00, 1.00, 24.71, 24.71, 24.71, 24.71, 24.71, 1.00, 1.00, 1.00, 1.00, 1.00]
  Objective : 67.479

[EVALUATION 310]
  Date/time : 2026-05-21 13:52:20
  x         : [199.65, 64.34, 64.36, 64.36, 64.36, 64.25, 2.74, 2.74, 2.74, 2.74, 2.73, 24.37, 24.37, 24.37, 24.37, 24.37, 1.00, 1.00, 1.00, 1.00, 1.00, 24.71, 24.71, 24.71, 24.71, 24.71, 1.00, 1.00, 1.00, 1.00, 1.00]
  Objective : 67.479

[EVALUATION 311]
  Date/time : 2026-05-21 13:52:25
  x         : [199.65, 64.34, 64.36, 64.36, 64.36, 64.25, 2.74, 2.74, 2.74, 2.74, 2.73, 24.37, 24.37, 24.37, 24.37, 24.37, 1.00, 1.00, 1.00, 1.00, 1.00, 24.74, 24.71, 24.71, 24.71, 24.71, 1.00, 1.00, 1.00, 1.00, 1.00]
  Objective : 67.479

[EVALUATION 312]
  Date/time : 2026-05-21 13:52:30
  x         : [199.65, 64.34, 64.36, 64.36, 64.36, 64.25, 2.74, 2.74, 2.74, 2.74, 2.73, 24.37, 24.37, 24.37, 24.37, 24.37, 1.00, 1.00, 1.00, 1.00, 1.00, 24.71, 24.74, 24.71, 24.71, 24.71, 1.00, 1.00, 1.00, 1.00, 1.00]
  Objective : 67.479

[EVALUATION 313]
  Date/time : 2026-05-21 13:52:35
  x         : [199.65, 64.34, 64.36, 64.36, 64.36, 64.25, 2.74, 2.74, 2.74, 2.74, 2.73, 24.37, 24.37, 24.37, 24.37, 24.37, 1.00, 1.00, 1.00, 1.00, 1.00, 24.71, 24.71, 24.74, 24.71, 24.71, 1.00, 1.00, 1.00, 1.00, 1.00]
  Objective : 67.479

[EVALUATION 314]
  Date/time : 2026-05-21 13:52:40
  x         : [199.65, 64.34, 64.36, 64.36, 64.36, 64.25, 2.74, 2.74, 2.74, 2.74, 2.73, 24.37, 24.37, 24.37, 24.37, 24.37, 1.00, 1.00, 1.00, 1.00, 1.00, 24.71, 24.71, 24.71, 24.74, 24.71, 1.00, 1.00, 1.00, 1.00, 1.00]
  Objective : 67.479

[EVALUATION 315]
  Date/time : 2026-05-21 13:52:45
  x         : [199.65, 64.34, 64.36, 64.36, 64.36, 64.25, 2.74, 2.74, 2.74, 2.74, 2.73, 24.37, 24.37, 24.37, 24.37, 24.37, 1.00, 1.00, 1.00, 1.00, 1.00, 24.71, 24.71, 24.71, 24.71, 24.74, 1.00, 1.00, 1.00, 1.00, 1.00]
  Objective : 67.479

[EVALUATION 316]
  Date/time : 2026-05-21 13:52:50
  x         : [199.65, 64.34, 64.36, 64.36, 64.36, 64.25, 2.74, 2.74, 2.74, 2.74, 2.73, 24.37, 24.37, 24.37, 24.37, 24.37, 1.00, 1.00, 1.00, 1.00, 1.00, 24.71, 24.71, 24.71, 24.71, 24.71, 1.00, 1.00, 1.00, 1.00, 1.00]
  Objective : 67.479

[EVALUATION 317]
  Date/time : 2026-05-21 13:52:55
  x         : [199.65, 64.34, 64.36, 64.36, 64.36, 64.25, 2.74, 2.74, 2.74, 2.74, 2.73, 24.37, 24.37, 24.37, 24.37, 24.37, 1.00, 1.00, 1.00, 1.00, 1.00, 24.71, 24.71, 24.71, 24.71, 24.71, 1.00, 1.00, 1.00, 1.00, 1.00]
  Objective : 67.479

[EVALUATION 318]
  Date/time : 2026-05-21 13:52:59
  x         : [199.65, 64.34, 64.36, 64.36, 64.36, 64.25, 2.74, 2.74, 2.74, 2.74, 2.73, 24.37, 24.37, 24.37, 24.37, 24.37, 1.00, 1.00, 1.00, 1.00, 1.00, 24.71, 24.71, 24.71, 24.71, 24.71, 1.00, 1.00, 1.00, 1.00, 1.00]
  Objective : 67.479

[EVALUATION 319]
  Date/time : 2026-05-21 13:53:04
  x         : [199.65, 64.34, 64.36, 64.36, 64.36, 64.25, 2.74, 2.74, 2.74, 2.74, 2.73, 24.37, 24.37, 24.37, 24.37, 24.37, 1.00, 1.00, 1.00, 1.00, 1.00, 24.71, 24.71, 24.71, 24.71, 24.71, 1.00, 1.00, 1.00, 1.00, 1.00]
  Objective : 67.479

[EVALUATION 320]
  Date/time : 2026-05-21 13:53:09
  x         : [199.65, 64.34, 64.36, 64.36, 64.36, 64.25, 2.74, 2.74, 2.74, 2.74, 2.73, 24.37, 24.37, 24.37, 24.37, 24.37, 1.00, 1.00, 1.00, 1.00, 1.00, 24.71, 24.71, 24.71, 24.71, 24.71, 1.00, 1.00, 1.00, 1.00, 1.00]
  Objective : 67.479

[EVALUATION 321]
  Date/time : 2026-05-21 13:53:15
  x         : [196.56, 48.30, 48.37, 48.37, 48.40, 48.30, 2.50, 2.50, 2.50, 2.50, 2.50, 21.06, 21.07, 21.04, 21.08, 21.07, 1.00, 1.00, 1.00, 1.00, 1.00, 21.87, 21.85, 21.88, 21.93, 21.90, 1.00, 1.00, 1.00, 1.79, 1.51]
  Objective : 50.534

[ITERATION 5]
  Date/time : 2026-05-21 13:53:16
  x         : [196.560991,  48.3     ,  48.374282,  48.374666,  48.399241,  48.3     ,
   2.5     ,   2.5     ,   2.5     ,   2.5     ,   2.5     ,  21.064122,
  21.070206,  21.043839,  21.076291,  21.074263,   1.      ,   1.      ,
   1.      ,   1.      ,   1.      ,  21.867654,  21.846652,  21.878655,
  21.932659,  21.904657,   1.      ,   1.      ,   1.      ,   1.78516 ,
   1.513295]

Util_LB     Column:    0.055  Brace:    0.012
Util_NF     Column:    1.041  Brace:    0.580
Util_S      Column:    0.068  Brace:    0.029
Util_T      Column:    0.060  Brace:    0.098
Util_BR     Column:    1.219  Brace:    0.763
Util_IN     Column:    1.364  Brace:    0.985
Util_BS_sig  Column:    N/A    Brace:    0.902
Util_BS_defl  Column:    N/A    Brace:    0.281
[EVALUATION 322]
  Date/time : 2026-05-21 13:53:21
  x         : [196.76, 48.30, 48.37, 48.37, 48.40, 48.30, 2.50, 2.50, 2.50, 2.50, 2.50, 21.06, 21.07, 21.04, 21.08, 21.07, 1.00, 1.00, 1.00, 1.00, 1.00, 21.87, 21.85, 21.88, 21.93, 21.90, 1.00, 1.00, 1.00, 1.79, 1.51]
  Objective : 50.546

[EVALUATION 323]
  Date/time : 2026-05-21 13:53:27
  x         : [196.56, 48.35, 48.37, 48.37, 48.40, 48.30, 2.50, 2.50, 2.50, 2.50, 2.50, 21.06, 21.07, 21.04, 21.08, 21.07, 1.00, 1.00, 1.00, 1.00, 1.00, 21.87, 21.85, 21.88, 21.93, 21.90, 1.00, 1.00, 1.00, 1.79, 1.51]
  Objective : 50.541

[EVALUATION 324]
  Date/time : 2026-05-21 13:53:33
  x         : [196.56, 48.30, 48.42, 48.37, 48.40, 48.30, 2.50, 2.50, 2.50, 2.50, 2.50, 21.06, 21.07, 21.04, 21.08, 21.07, 1.00, 1.00, 1.00, 1.00, 1.00, 21.87, 21.85, 21.88, 21.93, 21.90, 1.00, 1.00, 1.00, 1.79, 1.51]
  Objective : 50.541

[EVALUATION 325]
  Date/time : 2026-05-21 13:53:39
  x         : [196.56, 48.30, 48.37, 48.42, 48.40, 48.30, 2.50, 2.50, 2.50, 2.50, 2.50, 21.06, 21.07, 21.04, 21.08, 21.07, 1.00, 1.00, 1.00, 1.00, 1.00, 21.87, 21.85, 21.88, 21.93, 21.90, 1.00, 1.00, 1.00, 1.79, 1.51]
  Objective : 50.541

[EVALUATION 326]
  Date/time : 2026-05-21 13:53:44
  x         : [196.56, 48.30, 48.37, 48.37, 48.45, 48.30, 2.50, 2.50, 2.50, 2.50, 2.50, 21.06, 21.07, 21.04, 21.08, 21.07, 1.00, 1.00, 1.00, 1.00, 1.00, 21.87, 21.85, 21.88, 21.93, 21.90, 1.00, 1.00, 1.00, 1.79, 1.51]
  Objective : 50.541

[EVALUATION 327]
  Date/time : 2026-05-21 13:53:50
  x         : [196.56, 48.30, 48.37, 48.37, 48.40, 48.35, 2.50, 2.50, 2.50, 2.50, 2.50, 21.06, 21.07, 21.04, 21.08, 21.07, 1.00, 1.00, 1.00, 1.00, 1.00, 21.87, 21.85, 21.88, 21.93, 21.90, 1.00, 1.00, 1.00, 1.79, 1.51]
  Objective : 50.541

[EVALUATION 328]
  Date/time : 2026-05-21 13:53:56
  x         : [196.56, 48.30, 48.37, 48.37, 48.40, 48.30, 2.50, 2.50, 2.50, 2.50, 2.50, 21.06, 21.07, 21.04, 21.08, 21.07, 1.00, 1.00, 1.00, 1.00, 1.00, 21.87, 21.85, 21.88, 21.93, 21.90, 1.00, 1.00, 1.00, 1.79, 1.51]
  Objective : 50.540

[EVALUATION 329]
  Date/time : 2026-05-21 13:54:01
  x         : [196.56, 48.30, 48.37, 48.37, 48.40, 48.30, 2.50, 2.50, 2.50, 2.50, 2.50, 21.06, 21.07, 21.04, 21.08, 21.07, 1.00, 1.00, 1.00, 1.00, 1.00, 21.87, 21.85, 21.88, 21.93, 21.90, 1.00, 1.00, 1.00, 1.79, 1.51]
  Objective : 50.540

[EVALUATION 330]
  Date/time : 2026-05-21 13:54:07
  x         : [196.56, 48.30, 48.37, 48.37, 48.40, 48.30, 2.50, 2.50, 2.50, 2.50, 2.50, 21.06, 21.07, 21.04, 21.08, 21.07, 1.00, 1.00, 1.00, 1.00, 1.00, 21.87, 21.85, 21.88, 21.93, 21.90, 1.00, 1.00, 1.00, 1.79, 1.51]
  Objective : 50.540

[EVALUATION 331]
  Date/time : 2026-05-21 13:54:13
  x         : [196.56, 48.30, 48.37, 48.37, 48.40, 48.30, 2.50, 2.50, 2.50, 2.50, 2.50, 21.06, 21.07, 21.04, 21.08, 21.07, 1.00, 1.00, 1.00, 1.00, 1.00, 21.87, 21.85, 21.88, 21.93, 21.90, 1.00, 1.00, 1.00, 1.79, 1.51]
  Objective : 50.540

[EVALUATION 332]
  Date/time : 2026-05-21 13:54:19
  x         : [196.56, 48.30, 48.37, 48.37, 48.40, 48.30, 2.50, 2.50, 2.50, 2.50, 2.50, 21.06, 21.07, 21.04, 21.08, 21.07, 1.00, 1.00, 1.00, 1.00, 1.00, 21.87, 21.85, 21.88, 21.93, 21.90, 1.00, 1.00, 1.00, 1.79, 1.51]
  Objective : 50.540

[EVALUATION 333]
  Date/time : 2026-05-21 13:54:24
  x         : [196.56, 48.30, 48.37, 48.37, 48.40, 48.30, 2.50, 2.50, 2.50, 2.50, 2.50, 21.09, 21.07, 21.04, 21.08, 21.07, 1.00, 1.00, 1.00, 1.00, 1.00, 21.87, 21.85, 21.88, 21.93, 21.90, 1.00, 1.00, 1.00, 1.79, 1.51]
  Objective : 50.535

[EVALUATION 334]
  Date/time : 2026-05-21 13:54:30
  x         : [196.56, 48.30, 48.37, 48.37, 48.40, 48.30, 2.50, 2.50, 2.50, 2.50, 2.50, 21.06, 21.09, 21.04, 21.08, 21.07, 1.00, 1.00, 1.00, 1.00, 1.00, 21.87, 21.85, 21.88, 21.93, 21.90, 1.00, 1.00, 1.00, 1.79, 1.51]
  Objective : 50.535

[EVALUATION 335]
  Date/time : 2026-05-21 13:54:36
  x         : [196.56, 48.30, 48.37, 48.37, 48.40, 48.30, 2.50, 2.50, 2.50, 2.50, 2.50, 21.06, 21.07, 21.06, 21.08, 21.07, 1.00, 1.00, 1.00, 1.00, 1.00, 21.87, 21.85, 21.88, 21.93, 21.90, 1.00, 1.00, 1.00, 1.79, 1.51]
  Objective : 50.535

[EVALUATION 336]
  Date/time : 2026-05-21 13:54:41
  x         : [196.56, 48.30, 48.37, 48.37, 48.40, 48.30, 2.50, 2.50, 2.50, 2.50, 2.50, 21.06, 21.07, 21.04, 21.10, 21.07, 1.00, 1.00, 1.00, 1.00, 1.00, 21.87, 21.85, 21.88, 21.93, 21.90, 1.00, 1.00, 1.00, 1.79, 1.51]
  Objective : 50.535

[EVALUATION 337]
  Date/time : 2026-05-21 13:54:47
  x         : [196.56, 48.30, 48.37, 48.37, 48.40, 48.30, 2.50, 2.50, 2.50, 2.50, 2.50, 21.06, 21.07, 21.04, 21.08, 21.10, 1.00, 1.00, 1.00, 1.00, 1.00, 21.87, 21.85, 21.88, 21.93, 21.90, 1.00, 1.00, 1.00, 1.79, 1.51]
  Objective : 50.535

[EVALUATION 338]
  Date/time : 2026-05-21 13:54:53
  x         : [196.56, 48.30, 48.37, 48.37, 48.40, 48.30, 2.50, 2.50, 2.50, 2.50, 2.50, 21.06, 21.07, 21.04, 21.08, 21.07, 1.00, 1.00, 1.00, 1.00, 1.00, 21.87, 21.85, 21.88, 21.93, 21.90, 1.00, 1.00, 1.00, 1.79, 1.51]
  Objective : 50.535

[EVALUATION 339]
  Date/time : 2026-05-21 13:54:59
  x         : [196.56, 48.30, 48.37, 48.37, 48.40, 48.30, 2.50, 2.50, 2.50, 2.50, 2.50, 21.06, 21.07, 21.04, 21.08, 21.07, 1.00, 1.00, 1.00, 1.00, 1.00, 21.87, 21.85, 21.88, 21.93, 21.90, 1.00, 1.00, 1.00, 1.79, 1.51]
  Objective : 50.535

[EVALUATION 340]
  Date/time : 2026-05-21 13:55:04
  x         : [196.56, 48.30, 48.37, 48.37, 48.40, 48.30, 2.50, 2.50, 2.50, 2.50, 2.50, 21.06, 21.07, 21.04, 21.08, 21.07, 1.00, 1.00, 1.00, 1.00, 1.00, 21.87, 21.85, 21.88, 21.93, 21.90, 1.00, 1.00, 1.00, 1.79, 1.51]
  Objective : 50.535

[EVALUATION 341]
  Date/time : 2026-05-21 13:55:10
  x         : [196.56, 48.30, 48.37, 48.37, 48.40, 48.30, 2.50, 2.50, 2.50, 2.50, 2.50, 21.06, 21.07, 21.04, 21.08, 21.07, 1.00, 1.00, 1.00, 1.00, 1.00, 21.87, 21.85, 21.88, 21.93, 21.90, 1.00, 1.00, 1.00, 1.79, 1.51]
  Objective : 50.535

[EVALUATION 342]
  Date/time : 2026-05-21 13:55:16
  x         : [196.56, 48.30, 48.37, 48.37, 48.40, 48.30, 2.50, 2.50, 2.50, 2.50, 2.50, 21.06, 21.07, 21.04, 21.08, 21.07, 1.00, 1.00, 1.00, 1.00, 1.00, 21.87, 21.85, 21.88, 21.93, 21.90, 1.00, 1.00, 1.00, 1.79, 1.51]
  Objective : 50.535

[EVALUATION 343]
  Date/time : 2026-05-21 13:55:22
  x         : [196.56, 48.30, 48.37, 48.37, 48.40, 48.30, 2.50, 2.50, 2.50, 2.50, 2.50, 21.06, 21.07, 21.04, 21.08, 21.07, 1.00, 1.00, 1.00, 1.00, 1.00, 21.89, 21.85, 21.88, 21.93, 21.90, 1.00, 1.00, 1.00, 1.79, 1.51]
  Objective : 50.535

[EVALUATION 344]
  Date/time : 2026-05-21 13:55:27
  x         : [196.56, 48.30, 48.37, 48.37, 48.40, 48.30, 2.50, 2.50, 2.50, 2.50, 2.50, 21.06, 21.07, 21.04, 21.08, 21.07, 1.00, 1.00, 1.00, 1.00, 1.00, 21.87, 21.87, 21.88, 21.93, 21.90, 1.00, 1.00, 1.00, 1.79, 1.51]
  Objective : 50.535

[EVALUATION 345]
  Date/time : 2026-05-21 13:55:33
  x         : [196.56, 48.30, 48.37, 48.37, 48.40, 48.30, 2.50, 2.50, 2.50, 2.50, 2.50, 21.06, 21.07, 21.04, 21.08, 21.07, 1.00, 1.00, 1.00, 1.00, 1.00, 21.87, 21.85, 21.90, 21.93, 21.90, 1.00, 1.00, 1.00, 1.79, 1.51]
  Objective : 50.535

[EVALUATION 346]
  Date/time : 2026-05-21 13:55:39
  x         : [196.56, 48.30, 48.37, 48.37, 48.40, 48.30, 2.50, 2.50, 2.50, 2.50, 2.50, 21.06, 21.07, 21.04, 21.08, 21.07, 1.00, 1.00, 1.00, 1.00, 1.00, 21.87, 21.85, 21.88, 21.95, 21.90, 1.00, 1.00, 1.00, 1.79, 1.51]
  Objective : 50.536

[EVALUATION 347]
  Date/time : 2026-05-21 13:55:45
  x         : [196.56, 48.30, 48.37, 48.37, 48.40, 48.30, 2.50, 2.50, 2.50, 2.50, 2.50, 21.06, 21.07, 21.04, 21.08, 21.07, 1.00, 1.00, 1.00, 1.00, 1.00, 21.87, 21.85, 21.88, 21.93, 21.93, 1.00, 1.00, 1.00, 1.79, 1.51]
  Objective : 50.536

[EVALUATION 348]
  Date/time : 2026-05-21 13:55:50
  x         : [196.56, 48.30, 48.37, 48.37, 48.40, 48.30, 2.50, 2.50, 2.50, 2.50, 2.50, 21.06, 21.07, 21.04, 21.08, 21.07, 1.00, 1.00, 1.00, 1.00, 1.00, 21.87, 21.85, 21.88, 21.93, 21.90, 1.00, 1.00, 1.00, 1.79, 1.51]
  Objective : 50.535

[EVALUATION 349]
  Date/time : 2026-05-21 13:55:56
  x         : [196.56, 48.30, 48.37, 48.37, 48.40, 48.30, 2.50, 2.50, 2.50, 2.50, 2.50, 21.06, 21.07, 21.04, 21.08, 21.07, 1.00, 1.00, 1.00, 1.00, 1.00, 21.87, 21.85, 21.88, 21.93, 21.90, 1.00, 1.00, 1.00, 1.79, 1.51]
  Objective : 50.535

[EVALUATION 350]
  Date/time : 2026-05-21 13:56:02
  x         : [196.56, 48.30, 48.37, 48.37, 48.40, 48.30, 2.50, 2.50, 2.50, 2.50, 2.50, 21.06, 21.07, 21.04, 21.08, 21.07, 1.00, 1.00, 1.00, 1.00, 1.00, 21.87, 21.85, 21.88, 21.93, 21.90, 1.00, 1.00, 1.00, 1.79, 1.51]
  Objective : 50.535

[EVALUATION 351]
  Date/time : 2026-05-21 13:56:08
  x         : [196.56, 48.30, 48.37, 48.37, 48.40, 48.30, 2.50, 2.50, 2.50, 2.50, 2.50, 21.06, 21.07, 21.04, 21.08, 21.07, 1.00, 1.00, 1.00, 1.00, 1.00, 21.87, 21.85, 21.88, 21.93, 21.90, 1.00, 1.00, 1.00, 1.79, 1.51]
  Objective : 50.536

[EVALUATION 352]
  Date/time : 2026-05-21 13:56:13
  x         : [196.56, 48.30, 48.37, 48.37, 48.40, 48.30, 2.50, 2.50, 2.50, 2.50, 2.50, 21.06, 21.07, 21.04, 21.08, 21.07, 1.00, 1.00, 1.00, 1.00, 1.00, 21.87, 21.85, 21.88, 21.93, 21.90, 1.00, 1.00, 1.00, 1.79, 1.51]
  Objective : 50.536

[EVALUATION 353]
  Date/time : 2026-05-21 13:56:19
  x         : [196.56, 48.30, 48.37, 48.37, 48.40, 48.30, 2.50, 2.50, 2.50, 2.50, 2.50, 21.06, 21.07, 21.04, 21.08, 21.07, 1.00, 1.00, 1.00, 1.00, 1.00, 21.87, 21.85, 21.88, 21.93, 21.90, 1.00, 1.00, 1.00, 1.79, 1.51]
  Objective : 50.534

[EVALUATION 354]
  Date/time : 2026-05-21 13:56:25
  x         : [196.76, 48.30, 48.37, 48.37, 48.40, 48.30, 2.50, 2.50, 2.50, 2.50, 2.50, 21.06, 21.07, 21.04, 21.08, 21.07, 1.00, 1.00, 1.00, 1.00, 1.00, 21.87, 21.85, 21.88, 21.93, 21.90, 1.00, 1.00, 1.00, 1.79, 1.51]
  Objective : 50.546

[EVALUATION 355]
  Date/time : 2026-05-21 13:56:31
  x         : [196.56, 48.35, 48.37, 48.37, 48.40, 48.30, 2.50, 2.50, 2.50, 2.50, 2.50, 21.06, 21.07, 21.04, 21.08, 21.07, 1.00, 1.00, 1.00, 1.00, 1.00, 21.87, 21.85, 21.88, 21.93, 21.90, 1.00, 1.00, 1.00, 1.79, 1.51]
  Objective : 50.541

[EVALUATION 356]
  Date/time : 2026-05-21 13:56:37
  x         : [196.56, 48.30, 48.42, 48.37, 48.40, 48.30, 2.50, 2.50, 2.50, 2.50, 2.50, 21.06, 21.07, 21.04, 21.08, 21.07, 1.00, 1.00, 1.00, 1.00, 1.00, 21.87, 21.85, 21.88, 21.93, 21.90, 1.00, 1.00, 1.00, 1.79, 1.51]
  Objective : 50.541

[EVALUATION 357]
  Date/time : 2026-05-21 13:56:42
  x         : [196.56, 48.30, 48.37, 48.42, 48.40, 48.30, 2.50, 2.50, 2.50, 2.50, 2.50, 21.06, 21.07, 21.04, 21.08, 21.07, 1.00, 1.00, 1.00, 1.00, 1.00, 21.87, 21.85, 21.88, 21.93, 21.90, 1.00, 1.00, 1.00, 1.79, 1.51]
  Objective : 50.541

[EVALUATION 358]
  Date/time : 2026-05-21 13:56:48
  x         : [196.56, 48.30, 48.37, 48.37, 48.45, 48.30, 2.50, 2.50, 2.50, 2.50, 2.50, 21.06, 21.07, 21.04, 21.08, 21.07, 1.00, 1.00, 1.00, 1.00, 1.00, 21.87, 21.85, 21.88, 21.93, 21.90, 1.00, 1.00, 1.00, 1.79, 1.51]
  Objective : 50.541

[EVALUATION 359]
  Date/time : 2026-05-21 13:56:54
  x         : [196.56, 48.30, 48.37, 48.37, 48.40, 48.35, 2.50, 2.50, 2.50, 2.50, 2.50, 21.06, 21.07, 21.04, 21.08, 21.07, 1.00, 1.00, 1.00, 1.00, 1.00, 21.87, 21.85, 21.88, 21.93, 21.90, 1.00, 1.00, 1.00, 1.79, 1.51]
  Objective : 50.541

[EVALUATION 360]
  Date/time : 2026-05-21 13:57:00
  x         : [196.56, 48.30, 48.37, 48.37, 48.40, 48.30, 2.50, 2.50, 2.50, 2.50, 2.50, 21.06, 21.07, 21.04, 21.08, 21.07, 1.00, 1.00, 1.00, 1.00, 1.00, 21.87, 21.85, 21.88, 21.93, 21.90, 1.00, 1.00, 1.00, 1.79, 1.51]
  Objective : 50.540

[EVALUATION 361]
  Date/time : 2026-05-21 13:57:05
  x         : [196.56, 48.30, 48.37, 48.37, 48.40, 48.30, 2.50, 2.50, 2.50, 2.50, 2.50, 21.06, 21.07, 21.04, 21.08, 21.07, 1.00, 1.00, 1.00, 1.00, 1.00, 21.87, 21.85, 21.88, 21.93, 21.90, 1.00, 1.00, 1.00, 1.79, 1.51]
  Objective : 50.540

[EVALUATION 362]
  Date/time : 2026-05-21 13:57:11
  x         : [196.56, 48.30, 48.37, 48.37, 48.40, 48.30, 2.50, 2.50, 2.50, 2.50, 2.50, 21.06, 21.07, 21.04, 21.08, 21.07, 1.00, 1.00, 1.00, 1.00, 1.00, 21.87, 21.85, 21.88, 21.93, 21.90, 1.00, 1.00, 1.00, 1.79, 1.51]
  Objective : 50.540

[EVALUATION 363]
  Date/time : 2026-05-21 13:57:17
  x         : [196.56, 48.30, 48.37, 48.37, 48.40, 48.30, 2.50, 2.50, 2.50, 2.50, 2.50, 21.06, 21.07, 21.04, 21.08, 21.07, 1.00, 1.00, 1.00, 1.00, 1.00, 21.87, 21.85, 21.88, 21.93, 21.90, 1.00, 1.00, 1.00, 1.79, 1.51]
  Objective : 50.540

[EVALUATION 364]
  Date/time : 2026-05-21 13:57:23
  x         : [196.56, 48.30, 48.37, 48.37, 48.40, 48.30, 2.50, 2.50, 2.50, 2.50, 2.50, 21.06, 21.07, 21.04, 21.08, 21.07, 1.00, 1.00, 1.00, 1.00, 1.00, 21.87, 21.85, 21.88, 21.93, 21.90, 1.00, 1.00, 1.00, 1.79, 1.51]
  Objective : 50.540

[EVALUATION 365]
  Date/time : 2026-05-21 13:57:29
  x         : [196.56, 48.30, 48.37, 48.37, 48.40, 48.30, 2.50, 2.50, 2.50, 2.50, 2.50, 21.09, 21.07, 21.04, 21.08, 21.07, 1.00, 1.00, 1.00, 1.00, 1.00, 21.87, 21.85, 21.88, 21.93, 21.90, 1.00, 1.00, 1.00, 1.79, 1.51]
  Objective : 50.535

[EVALUATION 366]
  Date/time : 2026-05-21 13:57:34
  x         : [196.56, 48.30, 48.37, 48.37, 48.40, 48.30, 2.50, 2.50, 2.50, 2.50, 2.50, 21.06, 21.09, 21.04, 21.08, 21.07, 1.00, 1.00, 1.00, 1.00, 1.00, 21.87, 21.85, 21.88, 21.93, 21.90, 1.00, 1.00, 1.00, 1.79, 1.51]
  Objective : 50.535

[EVALUATION 367]
  Date/time : 2026-05-21 13:57:40
  x         : [196.56, 48.30, 48.37, 48.37, 48.40, 48.30, 2.50, 2.50, 2.50, 2.50, 2.50, 21.06, 21.07, 21.06, 21.08, 21.07, 1.00, 1.00, 1.00, 1.00, 1.00, 21.87, 21.85, 21.88, 21.93, 21.90, 1.00, 1.00, 1.00, 1.79, 1.51]
  Objective : 50.535

[EVALUATION 368]
  Date/time : 2026-05-21 13:57:46
  x         : [196.56, 48.30, 48.37, 48.37, 48.40, 48.30, 2.50, 2.50, 2.50, 2.50, 2.50, 21.06, 21.07, 21.04, 21.10, 21.07, 1.00, 1.00, 1.00, 1.00, 1.00, 21.87, 21.85, 21.88, 21.93, 21.90, 1.00, 1.00, 1.00, 1.79, 1.51]
  Objective : 50.535

[EVALUATION 369]
  Date/time : 2026-05-21 13:57:52
  x         : [196.56, 48.30, 48.37, 48.37, 48.40, 48.30, 2.50, 2.50, 2.50, 2.50, 2.50, 21.06, 21.07, 21.04, 21.08, 21.10, 1.00, 1.00, 1.00, 1.00, 1.00, 21.87, 21.85, 21.88, 21.93, 21.90, 1.00, 1.00, 1.00, 1.79, 1.51]
  Objective : 50.535

[EVALUATION 370]
  Date/time : 2026-05-21 13:57:57
  x         : [196.56, 48.30, 48.37, 48.37, 48.40, 48.30, 2.50, 2.50, 2.50, 2.50, 2.50, 21.06, 21.07, 21.04, 21.08, 21.07, 1.00, 1.00, 1.00, 1.00, 1.00, 21.87, 21.85, 21.88, 21.93, 21.90, 1.00, 1.00, 1.00, 1.79, 1.51]
  Objective : 50.535

[EVALUATION 371]
  Date/time : 2026-05-21 13:58:03
  x         : [196.56, 48.30, 48.37, 48.37, 48.40, 48.30, 2.50, 2.50, 2.50, 2.50, 2.50, 21.06, 21.07, 21.04, 21.08, 21.07, 1.00, 1.00, 1.00, 1.00, 1.00, 21.87, 21.85, 21.88, 21.93, 21.90, 1.00, 1.00, 1.00, 1.79, 1.51]
  Objective : 50.535

[EVALUATION 372]
  Date/time : 2026-05-21 13:58:09
  x         : [196.56, 48.30, 48.37, 48.37, 48.40, 48.30, 2.50, 2.50, 2.50, 2.50, 2.50, 21.06, 21.07, 21.04, 21.08, 21.07, 1.00, 1.00, 1.00, 1.00, 1.00, 21.87, 21.85, 21.88, 21.93, 21.90, 1.00, 1.00, 1.00, 1.79, 1.51]
  Objective : 50.535

[EVALUATION 373]
  Date/time : 2026-05-21 13:58:15
  x         : [196.56, 48.30, 48.37, 48.37, 48.40, 48.30, 2.50, 2.50, 2.50, 2.50, 2.50, 21.06, 21.07, 21.04, 21.08, 21.07, 1.00, 1.00, 1.00, 1.00, 1.00, 21.87, 21.85, 21.88, 21.93, 21.90, 1.00, 1.00, 1.00, 1.79, 1.51]
  Objective : 50.535

[EVALUATION 374]
  Date/time : 2026-05-21 13:58:20
  x         : [196.56, 48.30, 48.37, 48.37, 48.40, 48.30, 2.50, 2.50, 2.50, 2.50, 2.50, 21.06, 21.07, 21.04, 21.08, 21.07, 1.00, 1.00, 1.00, 1.00, 1.00, 21.87, 21.85, 21.88, 21.93, 21.90, 1.00, 1.00, 1.00, 1.79, 1.51]
  Objective : 50.535

[EVALUATION 375]
  Date/time : 2026-05-21 13:58:28
  x         : [196.56, 48.30, 48.37, 48.37, 48.40, 48.30, 2.50, 2.50, 2.50, 2.50, 2.50, 21.06, 21.07, 21.04, 21.08, 21.07, 1.00, 1.00, 1.00, 1.00, 1.00, 21.89, 21.85, 21.88, 21.93, 21.90, 1.00, 1.00, 1.00, 1.79, 1.51]
  Objective : 50.535

[EVALUATION 376]
  Date/time : 2026-05-21 13:58:34
  x         : [196.56, 48.30, 48.37, 48.37, 48.40, 48.30, 2.50, 2.50, 2.50, 2.50, 2.50, 21.06, 21.07, 21.04, 21.08, 21.07, 1.00, 1.00, 1.00, 1.00, 1.00, 21.87, 21.87, 21.88, 21.93, 21.90, 1.00, 1.00, 1.00, 1.79, 1.51]
  Objective : 50.535

[EVALUATION 377]
  Date/time : 2026-05-21 13:58:41
  x         : [196.56, 48.30, 48.37, 48.37, 48.40, 48.30, 2.50, 2.50, 2.50, 2.50, 2.50, 21.06, 21.07, 21.04, 21.08, 21.07, 1.00, 1.00, 1.00, 1.00, 1.00, 21.87, 21.85, 21.90, 21.93, 21.90, 1.00, 1.00, 1.00, 1.79, 1.51]
  Objective : 50.535

[EVALUATION 378]
  Date/time : 2026-05-21 13:58:47
  x         : [196.56, 48.30, 48.37, 48.37, 48.40, 48.30, 2.50, 2.50, 2.50, 2.50, 2.50, 21.06, 21.07, 21.04, 21.08, 21.07, 1.00, 1.00, 1.00, 1.00, 1.00, 21.87, 21.85, 21.88, 21.95, 21.90, 1.00, 1.00, 1.00, 1.79, 1.51]
  Objective : 50.536

[EVALUATION 379]
  Date/time : 2026-05-21 13:58:53
  x         : [196.56, 48.30, 48.37, 48.37, 48.40, 48.30, 2.50, 2.50, 2.50, 2.50, 2.50, 21.06, 21.07, 21.04, 21.08, 21.07, 1.00, 1.00, 1.00, 1.00, 1.00, 21.87, 21.85, 21.88, 21.93, 21.93, 1.00, 1.00, 1.00, 1.79, 1.51]
  Objective : 50.536

[EVALUATION 380]
  Date/time : 2026-05-21 13:58:59
  x         : [196.56, 48.30, 48.37, 48.37, 48.40, 48.30, 2.50, 2.50, 2.50, 2.50, 2.50, 21.06, 21.07, 21.04, 21.08, 21.07, 1.00, 1.00, 1.00, 1.00, 1.00, 21.87, 21.85, 21.88, 21.93, 21.90, 1.00, 1.00, 1.00, 1.79, 1.51]
  Objective : 50.535

[EVALUATION 381]
  Date/time : 2026-05-21 13:59:05
  x         : [196.56, 48.30, 48.37, 48.37, 48.40, 48.30, 2.50, 2.50, 2.50, 2.50, 2.50, 21.06, 21.07, 21.04, 21.08, 21.07, 1.00, 1.00, 1.00, 1.00, 1.00, 21.87, 21.85, 21.88, 21.93, 21.90, 1.00, 1.00, 1.00, 1.79, 1.51]
  Objective : 50.535

[EVALUATION 382]
  Date/time : 2026-05-21 13:59:11
  x         : [196.56, 48.30, 48.37, 48.37, 48.40, 48.30, 2.50, 2.50, 2.50, 2.50, 2.50, 21.06, 21.07, 21.04, 21.08, 21.07, 1.00, 1.00, 1.00, 1.00, 1.00, 21.87, 21.85, 21.88, 21.93, 21.90, 1.00, 1.00, 1.00, 1.79, 1.51]
  Objective : 50.535

[EVALUATION 383]
  Date/time : 2026-05-21 13:59:17
  x         : [196.56, 48.30, 48.37, 48.37, 48.40, 48.30, 2.50, 2.50, 2.50, 2.50, 2.50, 21.06, 21.07, 21.04, 21.08, 21.07, 1.00, 1.00, 1.00, 1.00, 1.00, 21.87, 21.85, 21.88, 21.93, 21.90, 1.00, 1.00, 1.00, 1.79, 1.51]
  Objective : 50.536

[EVALUATION 384]
  Date/time : 2026-05-21 13:59:24
  x         : [196.56, 48.30, 48.37, 48.37, 48.40, 48.30, 2.50, 2.50, 2.50, 2.50, 2.50, 21.06, 21.07, 21.04, 21.08, 21.07, 1.00, 1.00, 1.00, 1.00, 1.00, 21.87, 21.85, 21.88, 21.93, 21.90, 1.00, 1.00, 1.00, 1.79, 1.51]
  Objective : 50.536

[EVALUATION 385]
  Date/time : 2026-05-21 13:59:30
  x         : [196.70, 48.30, 48.36, 48.34, 48.38, 48.30, 2.50, 2.51, 2.50, 2.50, 2.50, 21.00, 21.01, 20.96, 21.02, 21.01, 1.00, 1.00, 1.00, 1.00, 1.00, 21.82, 21.78, 21.83, 21.90, 21.86, 1.00, 1.00, 1.00, 1.53, 1.09]
  Objective : 49.657

[ITERATION 6]
  Date/time : 2026-05-21 13:59:30
  x         : [196.699632,  48.3     ,  48.359739,  48.342208,  48.381289,  48.3     ,
   2.5     ,   2.508041,   2.5     ,   2.5     ,   2.5     ,  20.999857,
  21.008964,  20.964029,  21.016623,  21.011947,   1.      ,   1.      ,
   1.      ,   1.      ,   1.      ,  21.817378,  21.778484,  21.832184,
  21.89908 ,  21.862596,   1.      ,   1.      ,   1.      ,   1.531245,
   1.088632]

Util_LB     Column:    0.055  Brace:    0.012
Util_NF     Column:    1.040  Brace:    0.594
Util_S      Column:    0.065  Brace:    0.030
Util_T      Column:    0.060  Brace:    0.098
Util_BR     Column:    1.223  Brace:    0.783
Util_IN     Column:    1.368  Brace:    1.018
Util_BS_sig  Column:    N/A    Brace:    0.910
Util_BS_defl  Column:    N/A    Brace:    0.284
[EVALUATION 386]
  Date/time : 2026-05-21 13:59:36
  x         : [196.57, 48.30, 48.37, 48.37, 48.40, 48.30, 2.50, 2.50, 2.50, 2.50, 2.50, 21.06, 21.06, 21.04, 21.07, 21.07, 1.00, 1.00, 1.00, 1.00, 1.00, 21.86, 21.84, 21.87, 21.93, 21.90, 1.00, 1.00, 1.00, 1.76, 1.47]
  Objective : 50.447

[EVALUATION 387]
  Date/time : 2026-05-21 13:59:43
  x         : [196.56, 48.30, 48.37, 48.37, 48.40, 48.30, 2.50, 2.50, 2.50, 2.50, 2.50, 21.06, 21.07, 21.04, 21.08, 21.07, 1.00, 1.00, 1.00, 1.00, 1.00, 21.87, 21.85, 21.88, 21.93, 21.90, 1.00, 1.00, 1.00, 1.78, 1.51]
  Objective : 50.525

[EVALUATION 388]
  Date/time : 2026-05-21 13:59:49
  x         : [196.56, 48.30, 48.37, 48.37, 48.40, 48.30, 2.50, 2.50, 2.50, 2.50, 2.50, 21.06, 21.07, 21.04, 21.08, 21.07, 1.00, 1.00, 1.00, 1.00, 1.00, 21.87, 21.85, 21.88, 21.93, 21.90, 1.00, 1.00, 1.00, 1.78, 1.51]
  Objective : 50.533

[EVALUATION 389]
  Date/time : 2026-05-21 13:59:55
  x         : [196.56, 48.30, 48.37, 48.37, 48.40, 48.30, 2.50, 2.50, 2.50, 2.50, 2.50, 21.06, 21.07, 21.04, 21.08, 21.07, 1.00, 1.00, 1.00, 1.00, 1.00, 21.87, 21.85, 21.88, 21.93, 21.90, 1.00, 1.00, 1.00, 1.79, 1.51]
  Objective : 50.534

[EVALUATION 390]
  Date/time : 2026-05-21 14:00:02
  x         : [196.56, 48.30, 48.37, 48.37, 48.40, 48.30, 2.50, 2.50, 2.50, 2.50, 2.50, 21.06, 21.07, 21.04, 21.08, 21.07, 1.00, 1.00, 1.00, 1.00, 1.00, 21.87, 21.85, 21.88, 21.93, 21.90, 1.00, 1.00, 1.00, 1.79, 1.51]
  Objective : 50.534

[EVALUATION 391]
  Date/time : 2026-05-21 14:00:08
  x         : [196.56, 48.30, 48.37, 48.37, 48.40, 48.30, 2.50, 2.50, 2.50, 2.50, 2.50, 21.06, 21.07, 21.04, 21.08, 21.07, 1.00, 1.00, 1.00, 1.00, 1.00, 21.87, 21.85, 21.88, 21.93, 21.90, 1.00, 1.00, 1.00, 1.79, 1.51]
  Objective : 50.534

[EVALUATION 392]
  Date/time : 2026-05-21 14:00:14
  x         : [196.56, 48.30, 48.37, 48.37, 48.40, 48.30, 2.50, 2.50, 2.50, 2.50, 2.50, 21.06, 21.07, 21.04, 21.08, 21.07, 1.00, 1.00, 1.00, 1.00, 1.00, 21.87, 21.85, 21.88, 21.93, 21.90, 1.00, 1.00, 1.00, 1.79, 1.51]
  Objective : 50.534

[EVALUATION 393]
  Date/time : 2026-05-21 14:00:20
  x         : [196.56, 48.30, 48.37, 48.37, 48.40, 48.30, 2.50, 2.50, 2.50, 2.50, 2.50, 21.06, 21.07, 21.04, 21.08, 21.07, 1.00, 1.00, 1.00, 1.00, 1.00, 21.87, 21.85, 21.88, 21.93, 21.90, 1.00, 1.00, 1.00, 1.79, 1.51]
  Objective : 50.534

[EVALUATION 394]
  Date/time : 2026-05-21 14:00:26
  x         : [196.56, 48.30, 48.37, 48.37, 48.40, 48.30, 2.50, 2.50, 2.50, 2.50, 2.50, 21.06, 21.07, 21.04, 21.08, 21.07, 1.00, 1.00, 1.00, 1.00, 1.00, 21.87, 21.85, 21.88, 21.93, 21.90, 1.00, 1.00, 1.00, 1.79, 1.51]
  Objective : 50.534

[EVALUATION 395]
  Date/time : 2026-05-21 14:00:32
  x         : [196.56, 48.30, 48.37, 48.37, 48.40, 48.30, 2.50, 2.50, 2.50, 2.50, 2.50, 21.06, 21.07, 21.04, 21.08, 21.07, 1.00, 1.00, 1.00, 1.00, 1.00, 21.87, 21.85, 21.88, 21.93, 21.90, 1.00, 1.00, 1.00, 1.79, 1.51]
  Objective : 50.534

[EVALUATION 396]
  Date/time : 2026-05-21 14:00:39
  x         : [196.76, 48.30, 48.37, 48.37, 48.40, 48.30, 2.50, 2.50, 2.50, 2.50, 2.50, 21.06, 21.07, 21.04, 21.08, 21.07, 1.00, 1.00, 1.00, 1.00, 1.00, 21.87, 21.85, 21.88, 21.93, 21.90, 1.00, 1.00, 1.00, 1.79, 1.51]
  Objective : 50.546

[EVALUATION 397]
  Date/time : 2026-05-21 14:00:45
  x         : [196.56, 48.35, 48.37, 48.37, 48.40, 48.30, 2.50, 2.50, 2.50, 2.50, 2.50, 21.06, 21.07, 21.04, 21.08, 21.07, 1.00, 1.00, 1.00, 1.00, 1.00, 21.87, 21.85, 21.88, 21.93, 21.90, 1.00, 1.00, 1.00, 1.79, 1.51]
  Objective : 50.541

[EVALUATION 398]
  Date/time : 2026-05-21 14:00:51
  x         : [196.56, 48.30, 48.42, 48.37, 48.40, 48.30, 2.50, 2.50, 2.50, 2.50, 2.50, 21.06, 21.07, 21.04, 21.08, 21.07, 1.00, 1.00, 1.00, 1.00, 1.00, 21.87, 21.85, 21.88, 21.93, 21.90, 1.00, 1.00, 1.00, 1.79, 1.51]
  Objective : 50.541

[EVALUATION 399]
  Date/time : 2026-05-21 14:00:57
  x         : [196.56, 48.30, 48.37, 48.42, 48.40, 48.30, 2.50, 2.50, 2.50, 2.50, 2.50, 21.06, 21.07, 21.04, 21.08, 21.07, 1.00, 1.00, 1.00, 1.00, 1.00, 21.87, 21.85, 21.88, 21.93, 21.90, 1.00, 1.00, 1.00, 1.79, 1.51]
  Objective : 50.541

[EVALUATION 400]
  Date/time : 2026-05-21 14:01:06
  x         : [196.56, 48.30, 48.37, 48.37, 48.45, 48.30, 2.50, 2.50, 2.50, 2.50, 2.50, 21.06, 21.07, 21.04, 21.08, 21.07, 1.00, 1.00, 1.00, 1.00, 1.00, 21.87, 21.85, 21.88, 21.93, 21.90, 1.00, 1.00, 1.00, 1.79, 1.51]
  Objective : 50.541

[EVALUATION 401]
  Date/time : 2026-05-21 14:01:13
  x         : [196.56, 48.30, 48.37, 48.37, 48.40, 48.35, 2.50, 2.50, 2.50, 2.50, 2.50, 21.06, 21.07, 21.04, 21.08, 21.07, 1.00, 1.00, 1.00, 1.00, 1.00, 21.87, 21.85, 21.88, 21.93, 21.90, 1.00, 1.00, 1.00, 1.79, 1.51]
  Objective : 50.541

[EVALUATION 402]
  Date/time : 2026-05-21 14:01:19
  x         : [196.56, 48.30, 48.37, 48.37, 48.40, 48.30, 2.50, 2.50, 2.50, 2.50, 2.50, 21.06, 21.07, 21.04, 21.08, 21.07, 1.00, 1.00, 1.00, 1.00, 1.00, 21.87, 21.85, 21.88, 21.93, 21.90, 1.00, 1.00, 1.00, 1.79, 1.51]
  Objective : 50.540

[EVALUATION 403]
  Date/time : 2026-05-21 14:01:25
  x         : [196.56, 48.30, 48.37, 48.37, 48.40, 48.30, 2.50, 2.50, 2.50, 2.50, 2.50, 21.06, 21.07, 21.04, 21.08, 21.07, 1.00, 1.00, 1.00, 1.00, 1.00, 21.87, 21.85, 21.88, 21.93, 21.90, 1.00, 1.00, 1.00, 1.79, 1.51]
  Objective : 50.540

[EVALUATION 404]
  Date/time : 2026-05-21 14:01:32
  x         : [196.56, 48.30, 48.37, 48.37, 48.40, 48.30, 2.50, 2.50, 2.50, 2.50, 2.50, 21.06, 21.07, 21.04, 21.08, 21.07, 1.00, 1.00, 1.00, 1.00, 1.00, 21.87, 21.85, 21.88, 21.93, 21.90, 1.00, 1.00, 1.00, 1.79, 1.51]
  Objective : 50.540

[EVALUATION 405]
  Date/time : 2026-05-21 14:01:38
  x         : [196.56, 48.30, 48.37, 48.37, 48.40, 48.30, 2.50, 2.50, 2.50, 2.50, 2.50, 21.06, 21.07, 21.04, 21.08, 21.07, 1.00, 1.00, 1.00, 1.00, 1.00, 21.87, 21.85, 21.88, 21.93, 21.90, 1.00, 1.00, 1.00, 1.79, 1.51]
  Objective : 50.540

[EVALUATION 406]
  Date/time : 2026-05-21 14:01:44
  x         : [196.56, 48.30, 48.37, 48.37, 48.40, 48.30, 2.50, 2.50, 2.50, 2.50, 2.50, 21.06, 21.07, 21.04, 21.08, 21.07, 1.00, 1.00, 1.00, 1.00, 1.00, 21.87, 21.85, 21.88, 21.93, 21.90, 1.00, 1.00, 1.00, 1.79, 1.51]
  Objective : 50.540

[EVALUATION 407]
  Date/time : 2026-05-21 14:01:51
  x         : [196.56, 48.30, 48.37, 48.37, 48.40, 48.30, 2.50, 2.50, 2.50, 2.50, 2.50, 21.09, 21.07, 21.04, 21.08, 21.07, 1.00, 1.00, 1.00, 1.00, 1.00, 21.87, 21.85, 21.88, 21.93, 21.90, 1.00, 1.00, 1.00, 1.79, 1.51]
  Objective : 50.535

[EVALUATION 408]
  Date/time : 2026-05-21 14:01:57
  x         : [196.56, 48.30, 48.37, 48.37, 48.40, 48.30, 2.50, 2.50, 2.50, 2.50, 2.50, 21.06, 21.09, 21.04, 21.08, 21.07, 1.00, 1.00, 1.00, 1.00, 1.00, 21.87, 21.85, 21.88, 21.93, 21.90, 1.00, 1.00, 1.00, 1.79, 1.51]
  Objective : 50.535

[EVALUATION 409]
  Date/time : 2026-05-21 14:02:03
  x         : [196.56, 48.30, 48.37, 48.37, 48.40, 48.30, 2.50, 2.50, 2.50, 2.50, 2.50, 21.06, 21.07, 21.06, 21.08, 21.07, 1.00, 1.00, 1.00, 1.00, 1.00, 21.87, 21.85, 21.88, 21.93, 21.90, 1.00, 1.00, 1.00, 1.79, 1.51]
  Objective : 50.535

[EVALUATION 410]
  Date/time : 2026-05-21 14:02:10
  x         : [196.56, 48.30, 48.37, 48.37, 48.40, 48.30, 2.50, 2.50, 2.50, 2.50, 2.50, 21.06, 21.07, 21.04, 21.10, 21.07, 1.00, 1.00, 1.00, 1.00, 1.00, 21.87, 21.85, 21.88, 21.93, 21.90, 1.00, 1.00, 1.00, 1.79, 1.51]
  Objective : 50.535

[EVALUATION 411]
  Date/time : 2026-05-21 14:02:17
  x         : [196.56, 48.30, 48.37, 48.37, 48.40, 48.30, 2.50, 2.50, 2.50, 2.50, 2.50, 21.06, 21.07, 21.04, 21.08, 21.10, 1.00, 1.00, 1.00, 1.00, 1.00, 21.87, 21.85, 21.88, 21.93, 21.90, 1.00, 1.00, 1.00, 1.79, 1.51]
  Objective : 50.535

[EVALUATION 412]
  Date/time : 2026-05-21 14:02:23
  x         : [196.56, 48.30, 48.37, 48.37, 48.40, 48.30, 2.50, 2.50, 2.50, 2.50, 2.50, 21.06, 21.07, 21.04, 21.08, 21.07, 1.00, 1.00, 1.00, 1.00, 1.00, 21.87, 21.85, 21.88, 21.93, 21.90, 1.00, 1.00, 1.00, 1.79, 1.51]
  Objective : 50.535

[EVALUATION 413]
  Date/time : 2026-05-21 14:02:30
  x         : [196.56, 48.30, 48.37, 48.37, 48.40, 48.30, 2.50, 2.50, 2.50, 2.50, 2.50, 21.06, 21.07, 21.04, 21.08, 21.07, 1.00, 1.00, 1.00, 1.00, 1.00, 21.87, 21.85, 21.88, 21.93, 21.90, 1.00, 1.00, 1.00, 1.79, 1.51]
  Objective : 50.535

[EVALUATION 414]
  Date/time : 2026-05-21 14:02:36
  x         : [196.56, 48.30, 48.37, 48.37, 48.40, 48.30, 2.50, 2.50, 2.50, 2.50, 2.50, 21.06, 21.07, 21.04, 21.08, 21.07, 1.00, 1.00, 1.00, 1.00, 1.00, 21.87, 21.85, 21.88, 21.93, 21.90, 1.00, 1.00, 1.00, 1.79, 1.51]
  Objective : 50.535

[EVALUATION 415]
  Date/time : 2026-05-21 14:02:42
  x         : [196.56, 48.30, 48.37, 48.37, 48.40, 48.30, 2.50, 2.50, 2.50, 2.50, 2.50, 21.06, 21.07, 21.04, 21.08, 21.07, 1.00, 1.00, 1.00, 1.00, 1.00, 21.87, 21.85, 21.88, 21.93, 21.90, 1.00, 1.00, 1.00, 1.79, 1.51]
  Objective : 50.535

[EVALUATION 416]
  Date/time : 2026-05-21 14:02:48
  x         : [196.56, 48.30, 48.37, 48.37, 48.40, 48.30, 2.50, 2.50, 2.50, 2.50, 2.50, 21.06, 21.07, 21.04, 21.08, 21.07, 1.00, 1.00, 1.00, 1.00, 1.00, 21.87, 21.85, 21.88, 21.93, 21.90, 1.00, 1.00, 1.00, 1.79, 1.51]
  Objective : 50.535

[EVALUATION 417]
  Date/time : 2026-05-21 14:02:54
  x         : [196.56, 48.30, 48.37, 48.37, 48.40, 48.30, 2.50, 2.50, 2.50, 2.50, 2.50, 21.06, 21.07, 21.04, 21.08, 21.07, 1.00, 1.00, 1.00, 1.00, 1.00, 21.89, 21.85, 21.88, 21.93, 21.90, 1.00, 1.00, 1.00, 1.79, 1.51]
  Objective : 50.535

[EVALUATION 418]
  Date/time : 2026-05-21 14:03:01
  x         : [196.56, 48.30, 48.37, 48.37, 48.40, 48.30, 2.50, 2.50, 2.50, 2.50, 2.50, 21.06, 21.07, 21.04, 21.08, 21.07, 1.00, 1.00, 1.00, 1.00, 1.00, 21.87, 21.87, 21.88, 21.93, 21.90, 1.00, 1.00, 1.00, 1.79, 1.51]
  Objective : 50.535

[EVALUATION 419]
  Date/time : 2026-05-21 14:03:07
  x         : [196.56, 48.30, 48.37, 48.37, 48.40, 48.30, 2.50, 2.50, 2.50, 2.50, 2.50, 21.06, 21.07, 21.04, 21.08, 21.07, 1.00, 1.00, 1.00, 1.00, 1.00, 21.87, 21.85, 21.90, 21.93, 21.90, 1.00, 1.00, 1.00, 1.79, 1.51]
  Objective : 50.535

[EVALUATION 420]
  Date/time : 2026-05-21 14:03:13
  x         : [196.56, 48.30, 48.37, 48.37, 48.40, 48.30, 2.50, 2.50, 2.50, 2.50, 2.50, 21.06, 21.07, 21.04, 21.08, 21.07, 1.00, 1.00, 1.00, 1.00, 1.00, 21.87, 21.85, 21.88, 21.95, 21.90, 1.00, 1.00, 1.00, 1.79, 1.51]
  Objective : 50.536

[EVALUATION 421]
  Date/time : 2026-05-21 14:03:19
  x         : [196.56, 48.30, 48.37, 48.37, 48.40, 48.30, 2.50, 2.50, 2.50, 2.50, 2.50, 21.06, 21.07, 21.04, 21.08, 21.07, 1.00, 1.00, 1.00, 1.00, 1.00, 21.87, 21.85, 21.88, 21.93, 21.93, 1.00, 1.00, 1.00, 1.79, 1.51]
  Objective : 50.536

[EVALUATION 422]
  Date/time : 2026-05-21 14:03:26
  x         : [196.56, 48.30, 48.37, 48.37, 48.40, 48.30, 2.50, 2.50, 2.50, 2.50, 2.50, 21.06, 21.07, 21.04, 21.08, 21.07, 1.00, 1.00, 1.00, 1.00, 1.00, 21.87, 21.85, 21.88, 21.93, 21.90, 1.00, 1.00, 1.00, 1.79, 1.51]
  Objective : 50.535

[EVALUATION 423]
  Date/time : 2026-05-21 14:03:32
  x         : [196.56, 48.30, 48.37, 48.37, 48.40, 48.30, 2.50, 2.50, 2.50, 2.50, 2.50, 21.06, 21.07, 21.04, 21.08, 21.07, 1.00, 1.00, 1.00, 1.00, 1.00, 21.87, 21.85, 21.88, 21.93, 21.90, 1.00, 1.00, 1.00, 1.79, 1.51]
  Objective : 50.535

[EVALUATION 424]
  Date/time : 2026-05-21 14:03:38
  x         : [196.56, 48.30, 48.37, 48.37, 48.40, 48.30, 2.50, 2.50, 2.50, 2.50, 2.50, 21.06, 21.07, 21.04, 21.08, 21.07, 1.00, 1.00, 1.00, 1.00, 1.00, 21.87, 21.85, 21.88, 21.93, 21.90, 1.00, 1.00, 1.00, 1.79, 1.51]
  Objective : 50.535

[EVALUATION 425]
  Date/time : 2026-05-21 14:03:45
  x         : [196.56, 48.30, 48.37, 48.37, 48.40, 48.30, 2.50, 2.50, 2.50, 2.50, 2.50, 21.06, 21.07, 21.04, 21.08, 21.07, 1.00, 1.00, 1.00, 1.00, 1.00, 21.87, 21.85, 21.88, 21.93, 21.90, 1.00, 1.00, 1.00, 1.79, 1.51]
  Objective : 50.536

[EVALUATION 426]
  Date/time : 2026-05-21 14:03:50
  x         : [196.56, 48.30, 48.37, 48.37, 48.40, 48.30, 2.50, 2.50, 2.50, 2.50, 2.50, 21.06, 21.07, 21.04, 21.08, 21.07, 1.00, 1.00, 1.00, 1.00, 1.00, 21.87, 21.85, 21.88, 21.93, 21.90, 1.00, 1.00, 1.00, 1.79, 1.51]
  Objective : 50.536

[EVALUATION 427]
  Date/time : 2026-05-21 14:03:56
  x         : [196.56, 48.30, 48.37, 48.37, 48.40, 48.30, 2.50, 2.50, 2.50, 2.50, 2.50, 21.06, 21.07, 21.04, 21.08, 21.07, 1.00, 1.00, 1.00, 1.00, 1.00, 21.87, 21.85, 21.88, 21.93, 21.90, 1.00, 1.00, 1.00, 1.79, 1.51]
  Objective : 50.534

[EVALUATION 428]
  Date/time : 2026-05-21 14:04:02
  x         : [196.76, 48.30, 48.37, 48.37, 48.40, 48.30, 2.50, 2.50, 2.50, 2.50, 2.50, 21.06, 21.07, 21.04, 21.08, 21.07, 1.00, 1.00, 1.00, 1.00, 1.00, 21.87, 21.85, 21.88, 21.93, 21.90, 1.00, 1.00, 1.00, 1.79, 1.51]
  Objective : 50.546

[EVALUATION 429]
  Date/time : 2026-05-21 14:04:09
  x         : [196.56, 48.35, 48.37, 48.37, 48.40, 48.30, 2.50, 2.50, 2.50, 2.50, 2.50, 21.06, 21.07, 21.04, 21.08, 21.07, 1.00, 1.00, 1.00, 1.00, 1.00, 21.87, 21.85, 21.88, 21.93, 21.90, 1.00, 1.00, 1.00, 1.79, 1.51]
  Objective : 50.541

[EVALUATION 430]
  Date/time : 2026-05-21 14:04:15
  x         : [196.56, 48.30, 48.42, 48.37, 48.40, 48.30, 2.50, 2.50, 2.50, 2.50, 2.50, 21.06, 21.07, 21.04, 21.08, 21.07, 1.00, 1.00, 1.00, 1.00, 1.00, 21.87, 21.85, 21.88, 21.93, 21.90, 1.00, 1.00, 1.00, 1.79, 1.51]
  Objective : 50.541

[EVALUATION 431]
  Date/time : 2026-05-21 14:04:21
  x         : [196.56, 48.30, 48.37, 48.42, 48.40, 48.30, 2.50, 2.50, 2.50, 2.50, 2.50, 21.06, 21.07, 21.04, 21.08, 21.07, 1.00, 1.00, 1.00, 1.00, 1.00, 21.87, 21.85, 21.88, 21.93, 21.90, 1.00, 1.00, 1.00, 1.79, 1.51]
  Objective : 50.541

[EVALUATION 432]
  Date/time : 2026-05-21 14:04:27
  x         : [196.56, 48.30, 48.37, 48.37, 48.45, 48.30, 2.50, 2.50, 2.50, 2.50, 2.50, 21.06, 21.07, 21.04, 21.08, 21.07, 1.00, 1.00, 1.00, 1.00, 1.00, 21.87, 21.85, 21.88, 21.93, 21.90, 1.00, 1.00, 1.00, 1.79, 1.51]
  Objective : 50.541

[EVALUATION 433]
  Date/time : 2026-05-21 14:04:34
  x         : [196.56, 48.30, 48.37, 48.37, 48.40, 48.35, 2.50, 2.50, 2.50, 2.50, 2.50, 21.06, 21.07, 21.04, 21.08, 21.07, 1.00, 1.00, 1.00, 1.00, 1.00, 21.87, 21.85, 21.88, 21.93, 21.90, 1.00, 1.00, 1.00, 1.79, 1.51]
  Objective : 50.541

[EVALUATION 434]
  Date/time : 2026-05-21 14:04:40
  x         : [196.56, 48.30, 48.37, 48.37, 48.40, 48.30, 2.50, 2.50, 2.50, 2.50, 2.50, 21.06, 21.07, 21.04, 21.08, 21.07, 1.00, 1.00, 1.00, 1.00, 1.00, 21.87, 21.85, 21.88, 21.93, 21.90, 1.00, 1.00, 1.00, 1.79, 1.51]
  Objective : 50.540

[EVALUATION 435]
  Date/time : 2026-05-21 14:04:46
  x         : [196.56, 48.30, 48.37, 48.37, 48.40, 48.30, 2.50, 2.50, 2.50, 2.50, 2.50, 21.06, 21.07, 21.04, 21.08, 21.07, 1.00, 1.00, 1.00, 1.00, 1.00, 21.87, 21.85, 21.88, 21.93, 21.90, 1.00, 1.00, 1.00, 1.79, 1.51]
  Objective : 50.540

[EVALUATION 436]
  Date/time : 2026-05-21 14:04:53
  x         : [196.56, 48.30, 48.37, 48.37, 48.40, 48.30, 2.50, 2.50, 2.50, 2.50, 2.50, 21.06, 21.07, 21.04, 21.08, 21.07, 1.00, 1.00, 1.00, 1.00, 1.00, 21.87, 21.85, 21.88, 21.93, 21.90, 1.00, 1.00, 1.00, 1.79, 1.51]
  Objective : 50.540

[EVALUATION 437]
  Date/time : 2026-05-21 14:04:59
  x         : [196.56, 48.30, 48.37, 48.37, 48.40, 48.30, 2.50, 2.50, 2.50, 2.50, 2.50, 21.06, 21.07, 21.04, 21.08, 21.07, 1.00, 1.00, 1.00, 1.00, 1.00, 21.87, 21.85, 21.88, 21.93, 21.90, 1.00, 1.00, 1.00, 1.79, 1.51]
  Objective : 50.540

[EVALUATION 438]
  Date/time : 2026-05-21 14:05:05
  x         : [196.56, 48.30, 48.37, 48.37, 48.40, 48.30, 2.50, 2.50, 2.50, 2.50, 2.50, 21.06, 21.07, 21.04, 21.08, 21.07, 1.00, 1.00, 1.00, 1.00, 1.00, 21.87, 21.85, 21.88, 21.93, 21.90, 1.00, 1.00, 1.00, 1.79, 1.51]
  Objective : 50.540

[EVALUATION 439]
  Date/time : 2026-05-21 14:05:12
  x         : [196.56, 48.30, 48.37, 48.37, 48.40, 48.30, 2.50, 2.50, 2.50, 2.50, 2.50, 21.09, 21.07, 21.04, 21.08, 21.07, 1.00, 1.00, 1.00, 1.00, 1.00, 21.87, 21.85, 21.88, 21.93, 21.90, 1.00, 1.00, 1.00, 1.79, 1.51]
  Objective : 50.535

[EVALUATION 440]
  Date/time : 2026-05-21 14:05:18
  x         : [196.56, 48.30, 48.37, 48.37, 48.40, 48.30, 2.50, 2.50, 2.50, 2.50, 2.50, 21.06, 21.09, 21.04, 21.08, 21.07, 1.00, 1.00, 1.00, 1.00, 1.00, 21.87, 21.85, 21.88, 21.93, 21.90, 1.00, 1.00, 1.00, 1.79, 1.51]
  Objective : 50.535

[EVALUATION 441]
  Date/time : 2026-05-21 14:05:24
  x         : [196.56, 48.30, 48.37, 48.37, 48.40, 48.30, 2.50, 2.50, 2.50, 2.50, 2.50, 21.06, 21.07, 21.06, 21.08, 21.07, 1.00, 1.00, 1.00, 1.00, 1.00, 21.87, 21.85, 21.88, 21.93, 21.90, 1.00, 1.00, 1.00, 1.79, 1.51]
  Objective : 50.535

[EVALUATION 442]
  Date/time : 2026-05-21 14:05:30
  x         : [196.56, 48.30, 48.37, 48.37, 48.40, 48.30, 2.50, 2.50, 2.50, 2.50, 2.50, 21.06, 21.07, 21.04, 21.10, 21.07, 1.00, 1.00, 1.00, 1.00, 1.00, 21.87, 21.85, 21.88, 21.93, 21.90, 1.00, 1.00, 1.00, 1.79, 1.51]
  Objective : 50.535

[EVALUATION 443]
  Date/time : 2026-05-21 14:05:36
  x         : [196.56, 48.30, 48.37, 48.37, 48.40, 48.30, 2.50, 2.50, 2.50, 2.50, 2.50, 21.06, 21.07, 21.04, 21.08, 21.10, 1.00, 1.00, 1.00, 1.00, 1.00, 21.87, 21.85, 21.88, 21.93, 21.90, 1.00, 1.00, 1.00, 1.79, 1.51]
  Objective : 50.535

[EVALUATION 444]
  Date/time : 2026-05-21 14:05:42
  x         : [196.56, 48.30, 48.37, 48.37, 48.40, 48.30, 2.50, 2.50, 2.50, 2.50, 2.50, 21.06, 21.07, 21.04, 21.08, 21.07, 1.00, 1.00, 1.00, 1.00, 1.00, 21.87, 21.85, 21.88, 21.93, 21.90, 1.00, 1.00, 1.00, 1.79, 1.51]
  Objective : 50.535

[EVALUATION 445]
  Date/time : 2026-05-21 14:05:48
  x         : [196.56, 48.30, 48.37, 48.37, 48.40, 48.30, 2.50, 2.50, 2.50, 2.50, 2.50, 21.06, 21.07, 21.04, 21.08, 21.07, 1.00, 1.00, 1.00, 1.00, 1.00, 21.87, 21.85, 21.88, 21.93, 21.90, 1.00, 1.00, 1.00, 1.79, 1.51]
  Objective : 50.535

[EVALUATION 446]
  Date/time : 2026-05-21 14:05:55
  x         : [196.56, 48.30, 48.37, 48.37, 48.40, 48.30, 2.50, 2.50, 2.50, 2.50, 2.50, 21.06, 21.07, 21.04, 21.08, 21.07, 1.00, 1.00, 1.00, 1.00, 1.00, 21.87, 21.85, 21.88, 21.93, 21.90, 1.00, 1.00, 1.00, 1.79, 1.51]
  Objective : 50.535

[EVALUATION 447]
  Date/time : 2026-05-21 14:06:01
  x         : [196.56, 48.30, 48.37, 48.37, 48.40, 48.30, 2.50, 2.50, 2.50, 2.50, 2.50, 21.06, 21.07, 21.04, 21.08, 21.07, 1.00, 1.00, 1.00, 1.00, 1.00, 21.87, 21.85, 21.88, 21.93, 21.90, 1.00, 1.00, 1.00, 1.79, 1.51]
  Objective : 50.535

[EVALUATION 448]
  Date/time : 2026-05-21 14:06:06
  x         : [196.56, 48.30, 48.37, 48.37, 48.40, 48.30, 2.50, 2.50, 2.50, 2.50, 2.50, 21.06, 21.07, 21.04, 21.08, 21.07, 1.00, 1.00, 1.00, 1.00, 1.00, 21.87, 21.85, 21.88, 21.93, 21.90, 1.00, 1.00, 1.00, 1.79, 1.51]
  Objective : 50.535

[EVALUATION 449]
  Date/time : 2026-05-21 14:06:12
  x         : [196.56, 48.30, 48.37, 48.37, 48.40, 48.30, 2.50, 2.50, 2.50, 2.50, 2.50, 21.06, 21.07, 21.04, 21.08, 21.07, 1.00, 1.00, 1.00, 1.00, 1.00, 21.89, 21.85, 21.88, 21.93, 21.90, 1.00, 1.00, 1.00, 1.79, 1.51]
  Objective : 50.535

[EVALUATION 450]
  Date/time : 2026-05-21 14:06:18
  x         : [196.56, 48.30, 48.37, 48.37, 48.40, 48.30, 2.50, 2.50, 2.50, 2.50, 2.50, 21.06, 21.07, 21.04, 21.08, 21.07, 1.00, 1.00, 1.00, 1.00, 1.00, 21.87, 21.87, 21.88, 21.93, 21.90, 1.00, 1.00, 1.00, 1.79, 1.51]
  Objective : 50.535

[EVALUATION 451]
  Date/time : 2026-05-21 14:06:24
  x         : [196.56, 48.30, 48.37, 48.37, 48.40, 48.30, 2.50, 2.50, 2.50, 2.50, 2.50, 21.06, 21.07, 21.04, 21.08, 21.07, 1.00, 1.00, 1.00, 1.00, 1.00, 21.87, 21.85, 21.90, 21.93, 21.90, 1.00, 1.00, 1.00, 1.79, 1.51]
  Objective : 50.535

[EVALUATION 452]
  Date/time : 2026-05-21 14:06:31
  x         : [196.56, 48.30, 48.37, 48.37, 48.40, 48.30, 2.50, 2.50, 2.50, 2.50, 2.50, 21.06, 21.07, 21.04, 21.08, 21.07, 1.00, 1.00, 1.00, 1.00, 1.00, 21.87, 21.85, 21.88, 21.95, 21.90, 1.00, 1.00, 1.00, 1.79, 1.51]
  Objective : 50.536

[EVALUATION 453]
  Date/time : 2026-05-21 14:06:37
  x         : [196.56, 48.30, 48.37, 48.37, 48.40, 48.30, 2.50, 2.50, 2.50, 2.50, 2.50, 21.06, 21.07, 21.04, 21.08, 21.07, 1.00, 1.00, 1.00, 1.00, 1.00, 21.87, 21.85, 21.88, 21.93, 21.93, 1.00, 1.00, 1.00, 1.79, 1.51]
  Objective : 50.536

[EVALUATION 454]
  Date/time : 2026-05-21 14:06:43
  x         : [196.56, 48.30, 48.37, 48.37, 48.40, 48.30, 2.50, 2.50, 2.50, 2.50, 2.50, 21.06, 21.07, 21.04, 21.08, 21.07, 1.00, 1.00, 1.00, 1.00, 1.00, 21.87, 21.85, 21.88, 21.93, 21.90, 1.00, 1.00, 1.00, 1.79, 1.51]
  Objective : 50.535

[EVALUATION 455]
  Date/time : 2026-05-21 14:06:50
  x         : [196.56, 48.30, 48.37, 48.37, 48.40, 48.30, 2.50, 2.50, 2.50, 2.50, 2.50, 21.06, 21.07, 21.04, 21.08, 21.07, 1.00, 1.00, 1.00, 1.00, 1.00, 21.87, 21.85, 21.88, 21.93, 21.90, 1.00, 1.00, 1.00, 1.79, 1.51]
  Objective : 50.535

[EVALUATION 456]
  Date/time : 2026-05-21 14:06:57
  x         : [196.56, 48.30, 48.37, 48.37, 48.40, 48.30, 2.50, 2.50, 2.50, 2.50, 2.50, 21.06, 21.07, 21.04, 21.08, 21.07, 1.00, 1.00, 1.00, 1.00, 1.00, 21.87, 21.85, 21.88, 21.93, 21.90, 1.00, 1.00, 1.00, 1.79, 1.51]
  Objective : 50.535

[EVALUATION 457]
  Date/time : 2026-05-21 14:07:03
  x         : [196.56, 48.30, 48.37, 48.37, 48.40, 48.30, 2.50, 2.50, 2.50, 2.50, 2.50, 21.06, 21.07, 21.04, 21.08, 21.07, 1.00, 1.00, 1.00, 1.00, 1.00, 21.87, 21.85, 21.88, 21.93, 21.90, 1.00, 1.00, 1.00, 1.79, 1.51]
  Objective : 50.536

[EVALUATION 458]
  Date/time : 2026-05-21 14:07:09
  x         : [196.56, 48.30, 48.37, 48.37, 48.40, 48.30, 2.50, 2.50, 2.50, 2.50, 2.50, 21.06, 21.07, 21.04, 21.08, 21.07, 1.00, 1.00, 1.00, 1.00, 1.00, 21.87, 21.85, 21.88, 21.93, 21.90, 1.00, 1.00, 1.00, 1.79, 1.51]
  Objective : 50.536

[EVALUATION 459]
  Date/time : 2026-05-21 14:07:15
  x         : [198.10, 53.80, 53.89, 53.87, 53.94, 53.76, 2.50, 2.85, 3.10, 2.63, 2.95, 22.06, 21.88, 21.93, 21.90, 22.00, 1.00, 1.00, 1.00, 1.00, 1.00, 22.60, 22.62, 22.75, 22.76, 22.63, 1.00, 1.00, 1.00, 1.00, 1.00]
  Objective : 58.133

[ITERATION 7]
  Date/time : 2026-05-21 14:07:15
  x         : [198.095866,  53.797948,  53.893576,  53.86636 ,  53.941206,  53.759831,
   2.5     ,   2.853662,   3.097905,   2.626338,   2.948021,  22.061594,
  21.879453,  21.931389,  21.900944,  22.003772,   1.      ,   1.      ,
   1.      ,   1.      ,   1.      ,  22.596791,  22.620592,  22.751778,
  22.757333,  22.63339 ,   1.      ,   1.      ,   1.      ,   1.      ,
   1.      ]

Util_LB     Column:    0.054  Brace:    0.011
Util_NF     Column:    0.907  Brace:    0.528
Util_S      Column:    0.045  Brace:    0.024
Util_T      Column:    0.054  Brace:    0.077
Util_BR     Column:    1.056  Brace:    0.681
Util_IN     Column:    1.181  Brace:    0.872
Util_BS_sig  Column:    N/A    Brace:    0.837
Util_BS_defl  Column:    N/A    Brace:    0.252
[EVALUATION 460]
  Date/time : 2026-05-21 14:07:21
  x         : [197.14, 50.36, 50.44, 50.43, 50.47, 50.34, 2.50, 2.63, 2.72, 2.55, 2.67, 21.44, 21.37, 21.38, 21.38, 21.42, 1.00, 1.00, 1.00, 1.00, 1.00, 22.14, 22.14, 22.21, 22.24, 22.18, 1.00, 1.00, 1.00, 1.49, 1.32]
  Objective : 53.299

[EVALUATION 461]
  Date/time : 2026-05-21 14:07:27
  x         : [196.70, 48.80, 48.88, 48.88, 48.91, 48.80, 2.50, 2.53, 2.55, 2.51, 2.54, 21.16, 21.14, 21.13, 21.15, 21.16, 1.00, 1.00, 1.00, 1.00, 1.00, 21.93, 21.92, 21.96, 22.01, 21.97, 1.00, 1.00, 1.00, 1.71, 1.47]
  Objective : 51.203

[EVALUATION 462]
  Date/time : 2026-05-21 14:07:33
  x         : [196.58, 48.35, 48.42, 48.43, 48.45, 48.35, 2.50, 2.50, 2.51, 2.50, 2.50, 21.07, 21.08, 21.05, 21.08, 21.08, 1.00, 1.00, 1.00, 1.00, 1.00, 21.87, 21.85, 21.89, 21.94, 21.91, 1.00, 1.00, 1.00, 1.78, 1.51]
  Objective : 50.601

[EVALUATION 463]
  Date/time : 2026-05-21 14:07:39
  x         : [196.56, 48.31, 48.38, 48.38, 48.40, 48.31, 2.50, 2.50, 2.50, 2.50, 2.50, 21.07, 21.07, 21.04, 21.08, 21.08, 1.00, 1.00, 1.00, 1.00, 1.00, 21.87, 21.85, 21.88, 21.93, 21.91, 1.00, 1.00, 1.00, 1.78, 1.51]
  Objective : 50.540

[EVALUATION 464]
  Date/time : 2026-05-21 14:07:45
  x         : [196.56, 48.30, 48.37, 48.38, 48.40, 48.30, 2.50, 2.50, 2.50, 2.50, 2.50, 21.06, 21.07, 21.04, 21.08, 21.07, 1.00, 1.00, 1.00, 1.00, 1.00, 21.87, 21.85, 21.88, 21.93, 21.90, 1.00, 1.00, 1.00, 1.79, 1.51]
  Objective : 50.534

[EVALUATION 465]
  Date/time : 2026-05-21 14:07:51
  x         : [196.56, 48.30, 48.37, 48.37, 48.40, 48.30, 2.50, 2.50, 2.50, 2.50, 2.50, 21.06, 21.07, 21.04, 21.08, 21.07, 1.00, 1.00, 1.00, 1.00, 1.00, 21.87, 21.85, 21.88, 21.93, 21.90, 1.00, 1.00, 1.00, 1.79, 1.51]
  Objective : 50.534

[EVALUATION 466]
  Date/time : 2026-05-21 14:07:57
  x         : [196.56, 48.30, 48.37, 48.37, 48.40, 48.30, 2.50, 2.50, 2.50, 2.50, 2.50, 21.06, 21.07, 21.04, 21.08, 21.07, 1.00, 1.00, 1.00, 1.00, 1.00, 21.87, 21.85, 21.88, 21.93, 21.90, 1.00, 1.00, 1.00, 1.79, 1.51]
  Objective : 50.534

