eval_index,objective
1,115.354790000000
2,113.167420000000
